45,Trial,Cond,Block,ImageFiles,Labels,Cues
45,1,1,1,F_Lure_43.bmp,Tom Cruise,NaN
45,2,1,1,F_Image_18.bmp,Jack Nicholson,NaN
45,3,1,1,S_Lure_134.bmp,Sagrada Familia,NaN
45,4,1,1,F_Lure_3.bmp,Angela Merkel,NaN
45,5,1,1,O_Lure_56.bmp,Broom,NaN
45,6,1,1,S_Image_100.bmp,Angkor Wat,NaN
45,7,1,1,F_Image_19.bmp,James Dean,NaN
45,8,1,1,O_Lure_50.bmp,Barbecue,NaN
45,9,1,1,O_Lure_73.bmp,Microscope,NaN
45,10,1,1,F_Image_11.bmp,Daniel Radcliffe,NaN
45,11,1,1,S_Image_134.bmp,Sagrada Familia,NaN
45,12,1,1,F_Image_46.bmp,Wayne Rooney,NaN
45,13,1,1,F_Lure_14.bmp,Elvis Presley,NaN
45,14,1,1,S_Lure_100.bmp,Angkor Wat,NaN
45,15,1,1,F_Image_6.bmp,Brad Pitt,NaN
45,16,1,1,F_Image_43.bmp,Tom Cruise,NaN
45,17,1,1,S_Image_131.bmp,Rapa Nui,NaN
45,18,1,1,S_Lure_101.bmp,Atomium,NaN
45,19,1,1,F_Lure_40.bmp,Robert De Niro,NaN
45,20,1,1,O_Lure_69.bmp,Headphones,NaN
45,21,1,1,F_Lure_23.bmp,Julia Roberts,NaN
45,22,1,1,O_Lure_68.bmp,Hat,NaN
45,23,1,1,F_Lure_44.bmp,Tom Hanks,NaN
45,24,1,1,F_Lure_7.bmp,Britney Spears,NaN
45,25,1,1,F_Lure_41.bmp,Rod Steward,NaN
45,26,1,1,O_Lure_87.bmp,Stapler,NaN
45,27,1,1,O_Image_73.bmp,Microscope,NaN
45,28,1,1,F_Image_14.bmp,Elvis Presley,NaN
45,29,1,1,F_Lure_9.bmp,Charlie Chaplin,NaN
45,30,1,1,F_Image_32.bmp,Mick Jagger,NaN
45,31,1,1,S_Lure_141.bmp,Time Square,NaN
45,32,1,1,S_Image_127.bmp,Niagara Falls,NaN
45,33,1,1,O_Image_94.bmp,Watch,NaN
45,34,1,1,F_Image_29.bmp,Marilyn Monroe,NaN
45,35,1,1,S_Lure_130.bmp,Potala Palace,NaN
45,36,1,1,F_Lure_5.bmp,Bill Clinton,NaN
45,37,1,1,O_Lure_84.bmp,Skirt,NaN
45,38,1,1,O_Lure_65.bmp,GrandPiano,NaN
45,39,1,1,S_Image_120.bmp,Machu Picchu,NaN
45,40,1,1,S_Lure_105.bmp,Chichen Itza,NaN
45,41,1,1,F_Image_48.bmp,Will Smith,NaN
45,42,1,1,O_Image_93.bmp,Umbrella,NaN
45,43,1,1,O_Image_64.bmp,Goggles,NaN
45,44,1,1,F_Lure_17.bmp,George Clooney,NaN
45,45,1,1,O_Lure_94.bmp,Watch,NaN
45,46,1,1,O_Image_49.bmp,Anchor,NaN
45,47,1,1,O_Lure_59.bmp,Fan,NaN
45,48,1,1,S_Image_108.bmp,Dover Cliffs,NaN
45,49,1,1,F_Lure_32.bmp,Mick Jagger,NaN
45,50,1,1,F_Lure_47.bmp,Whoopi Goldberg,NaN
45,51,1,1,O_Lure_72.bmp,Lightbulb,NaN
45,52,1,1,S_Image_130.bmp,Potala Palace,NaN
45,53,1,1,F_Lure_21.bmp,John Lennon,NaN
45,54,1,1,O_Lure_61.bmp,Football,NaN
45,55,1,1,F_Lure_46.bmp,Wayne Rooney,NaN
45,56,1,1,S_Image_105.bmp,Chichen Itza,NaN
45,57,1,1,S_Image_99.bmp,Alhambra,NaN
45,58,1,1,F_Lure_4.bmp,Barack Obama,NaN
45,59,1,1,F_Lure_13.bmp,Elton John,NaN
45,60,1,1,O_Image_52.bmp,Bed,NaN
45,61,1,1,S_Image_121.bmp,Mecca,NaN
45,62,1,1,F_Lure_48.bmp,Will Smith,NaN
45,63,1,1,F_Image_9.bmp,Charlie Chaplin,NaN
45,64,1,1,O_Lure_60.bmp,Flask,NaN
45,65,1,1,O_Lure_71.bmp,Ladder,NaN
45,66,1,1,O_Lure_77.bmp,Radio,NaN
45,67,1,1,O_Image_59.bmp,Fan,NaN
45,68,1,1,F_Lure_39.bmp,Robbie Williams,NaN
45,69,1,1,O_Lure_57.bmp,Brush,NaN
45,70,1,1,O_Image_56.bmp,Broom,NaN
45,71,1,1,O_Lure_75.bmp,Necklace,NaN
45,72,1,1,O_Lure_96.bmp,Wineglass,NaN
45,73,1,1,O_Image_69.bmp,Headphones,NaN
45,74,1,1,F_Image_27.bmp,Mahadma Gandhi,NaN
45,75,1,1,S_Image_112.bmp,Golden Gate Bridge,NaN
45,76,1,1,O_Lure_90.bmp,Telephone,NaN
45,77,1,1,S_Image_110.bmp,Forbidden City,NaN
45,78,1,1,S_Image_106.bmp,Christ The Redeemer,NaN
45,79,1,1,S_Image_124.bmp,Mount Fuji,NaN
45,80,1,1,S_Lure_104.bmp,Brandenburg Gate,NaN
45,81,1,1,S_Image_132.bmp,Red Square,NaN
45,82,1,1,F_Lure_20.bmp,Jennifer Lopez,NaN
45,83,1,1,S_Lure_116.bmp,Hollywood Sign,NaN
45,84,1,1,O_Image_72.bmp,Lightbulb,NaN
45,85,1,1,O_Lure_49.bmp,Anchor,NaN
45,86,1,1,F_Image_30.bmp,Meryl Streep,NaN
45,87,1,1,O_Lure_95.bmp,Wheelchair,NaN
45,88,1,1,F_Image_33.bmp,Mother Teresa,NaN
45,89,1,1,F_Image_17.bmp,George Clooney,NaN
45,90,1,1,O_Image_53.bmp,Belt,NaN
45,91,1,1,S_Lure_117.bmp,Kings College,NaN
45,92,1,1,F_Lure_42.bmp,Scarlett Johansson,NaN
45,93,1,1,F_Image_34.bmp,Nelson Mandela,NaN
45,94,1,1,O_Image_67.bmp,Hammock,NaN
45,95,1,1,O_Image_75.bmp,Necklace,NaN
45,96,1,1,O_Image_58.bmp,Canoe,NaN
45,97,1,1,S_Image_136.bmp,Sistine Chapel,NaN
45,98,1,1,S_Image_125.bmp,Mount Rushmore,NaN
45,99,1,1,S_Image_142.bmp,Tower Bridge,NaN
45,100,1,1,F_Image_44.bmp,Tom Hanks,NaN
45,101,1,1,F_Image_40.bmp,Robert De Niro,NaN
45,102,1,1,S_Lure_121.bmp,Mecca,NaN
45,103,1,1,F_Image_10.bmp,Dalai Lama,NaN
45,104,1,1,O_Image_66.bmp,Guitar,NaN
45,105,1,1,S_Lure_124.bmp,Mount Fuji,NaN
45,106,1,1,S_Image_129.bmp,Petra,NaN
45,107,1,1,O_Image_76.bmp,Pillows,NaN
45,108,1,1,S_Lure_109.bmp,Eiffel Tower,NaN
45,109,1,1,S_Lure_125.bmp,Mount Rushmore,NaN
45,110,1,1,F_Image_47.bmp,Whoopi Goldberg,NaN
45,111,1,1,O_Image_77.bmp,Radio,NaN
45,112,1,1,O_Lure_54.bmp,Bicycle,NaN
45,113,1,1,O_Lure_74.bmp,Mirror,NaN
45,114,1,1,S_Image_117.bmp,Kings College,NaN
45,115,1,1,S_Image_138.bmp,Stonehenge,NaN
45,116,1,1,F_Lure_2.bmp,Amy Winehouse,NaN
45,117,1,1,S_Image_102.bmp,Ayers Rock,NaN
45,118,1,1,F_Image_38.bmp,Queen Elisabeth,NaN
45,119,1,1,O_Lure_91.bmp,Torch,NaN
45,120,1,1,S_Image_115.bmp,Hagia Sophia,NaN
45,121,1,1,F_Image_26.bmp,Madonna,NaN
45,122,1,1,S_Lure_111.bmp,Gizeh Pyramids,NaN
45,123,1,1,F_Image_41.bmp,Rod Steward,NaN
45,124,1,1,O_Lure_79.bmp,Remote Control,NaN
45,125,1,1,O_Image_62.bmp,FryingPan,NaN
45,126,1,1,F_Lure_30.bmp,Meryl Streep,NaN
45,127,1,1,S_Image_97.bmp,Akropolis,NaN
45,128,1,1,O_Image_70.bmp,Key,NaN
45,129,1,1,O_Lure_86.bmp,Soother,NaN
45,130,1,1,S_Lure_136.bmp,Sistine Chapel,NaN
45,131,1,1,O_Image_55.bmp,Binoculars,NaN
45,132,1,1,S_Lure_128.bmp,Notre Dame,NaN
45,133,1,1,O_Lure_80.bmp,Rope,NaN
45,134,1,1,S_Image_107.bmp,Colosseum,NaN
45,135,1,1,S_Lure_144.bmp,White House,NaN
45,136,1,1,S_Lure_113.bmp,Grand Canyon,NaN
45,137,1,1,S_Image_144.bmp,White House,NaN
45,138,1,1,S_Image_139.bmp,Sydney Opera,NaN
45,139,1,1,S_Lure_115.bmp,Hagia Sophia,NaN
45,140,1,1,F_Lure_18.bmp,Jack Nicholson,NaN
45,141,1,1,O_Lure_64.bmp,Goggles,NaN
45,142,1,1,S_Lure_132.bmp,Red Square,NaN
45,143,1,1,F_Image_23.bmp,Julia Roberts,NaN
45,144,1,1,O_Lure_81.bmp,Scale,NaN
45,145,1,1,O_Image_54.bmp,Bicycle,NaN
45,146,1,1,S_Lure_107.bmp,Colosseum,NaN
45,147,1,1,O_Image_65.bmp,GrandPiano,NaN
45,148,1,1,S_Lure_98.bmp,Alcatraz,NaN
45,149,1,1,O_Image_85.bmp,Sock,NaN
45,150,1,1,O_Image_71.bmp,Ladder,NaN
45,151,1,1,S_Image_140.bmp,Taj Mahal,NaN
45,152,1,1,S_Image_143.bmp,Versailles,NaN
45,153,1,1,S_Lure_99.bmp,Alhambra,NaN
45,154,1,1,O_Lure_51.bmp,Basket,NaN
45,155,1,1,O_Lure_58.bmp,Canoe,NaN
45,156,1,1,O_Image_60.bmp,Flask,NaN
45,157,1,1,O_Image_63.bmp,Globe,NaN
45,158,1,1,F_Lure_34.bmp,Nelson Mandela,NaN
45,159,1,1,O_Lure_76.bmp,Pillows,NaN
45,160,1,1,F_Lure_1.bmp,Albert Einstein,NaN
45,161,1,1,S_Lure_126.bmp,Neu schwanstein Castle,NaN
45,162,1,1,F_Image_2.bmp,Amy Winehouse,NaN
45,163,1,1,O_Image_87.bmp,Stapler,NaN
45,164,1,1,S_Image_118.bmp,Leaning Tower,NaN
45,165,1,1,F_Image_39.bmp,Robbie Williams,NaN
45,166,1,1,S_Image_122.bmp,Mont Saint Michel,NaN
45,167,1,1,O_Lure_83.bmp,Shoe,NaN
45,168,1,1,S_Lure_131.bmp,Rapa Nui,NaN
45,169,1,1,S_Lure_120.bmp,Machu Picchu,NaN
45,170,1,1,O_Lure_53.bmp,Belt,NaN
45,171,1,1,S_Lure_106.bmp,Christ The Redeemer,NaN
45,172,1,1,F_Image_3.bmp,Angela Merkel,NaN
45,173,1,1,O_Lure_78.bmp,Razor,NaN
45,174,1,1,S_Lure_137.bmp,Statue Of Liberty,NaN
45,175,1,1,S_Lure_110.bmp,Forbidden City,NaN
45,176,1,1,O_Image_96.bmp,Wineglass,NaN
45,177,1,1,S_Image_101.bmp,Atomium,NaN
45,178,1,1,F_Lure_29.bmp,Marilyn Monroe,NaN
45,179,1,1,S_Lure_129.bmp,Petra,NaN
45,180,1,1,F_Image_25.bmp,Leonardo DiCaprio,NaN
45,181,1,1,S_Image_114.bmp,Great Wall,NaN
45,182,1,1,S_Lure_103.bmp,Big Ben,NaN
45,183,1,1,S_Lure_102.bmp,Ayers Rock,NaN
45,184,1,1,O_Image_80.bmp,Rope,NaN
45,185,1,1,S_Image_113.bmp,Grand Canyon,NaN
45,186,1,1,O_Image_51.bmp,Basket,NaN
45,187,1,1,F_Lure_37.bmp,Pierce Brosnan,NaN
45,188,1,1,O_Image_92.bmp,Trophy,NaN
45,189,1,1,S_Image_119.bmp,Louvre,NaN
45,190,1,1,O_Image_81.bmp,Scale,NaN
45,191,1,1,F_Lure_38.bmp,Queen Elisabeth,NaN
45,192,1,1,F_Lure_26.bmp,Madonna,NaN
45,193,1,1,O_Image_89.bmp,Teddybear,NaN
45,194,1,1,S_Image_126.bmp,Neu schwanstein Castle,NaN
45,195,1,1,F_Lure_12.bmp,David Beckham,NaN
45,196,1,1,F_Image_21.bmp,John Lennon,NaN
45,197,1,1,O_Lure_89.bmp,Teddybear,NaN
45,198,1,1,F_Lure_15.bmp,Fidel Castro,NaN
45,199,1,1,S_Lure_138.bmp,Stonehenge,NaN
45,200,1,1,S_Image_104.bmp,Brandenburg Gate,NaN
45,201,1,1,F_Lure_33.bmp,Mother Teresa,NaN
45,202,1,1,F_Lure_6.bmp,Brad Pitt,NaN
45,203,1,1,F_Image_36.bmp,Penelope Cruz,NaN
45,204,1,1,S_Image_109.bmp,Eiffel Tower,NaN
45,205,1,1,O_Image_86.bmp,Soother,NaN
45,206,1,1,F_Lure_31.bmp,Michael Jackson,NaN
45,207,1,1,F_Image_20.bmp,Jennifer Lopez,NaN
45,208,1,1,S_Image_135.bmp,Sahara Desert,NaN
45,209,1,1,F_Image_12.bmp,David Beckham,NaN
45,210,1,1,O_Lure_63.bmp,Globe,NaN
45,211,1,1,F_Lure_35.bmp,Nikola Sarkozy,NaN
45,212,1,1,S_Lure_142.bmp,Tower Bridge,NaN
45,213,1,1,S_Lure_118.bmp,Leaning Tower,NaN
45,214,1,1,F_Lure_27.bmp,Mahadma Gandhi,NaN
45,215,1,1,S_Image_123.bmp,Mount Everest,NaN
45,216,1,1,S_Image_116.bmp,Hollywood Sign,NaN
45,217,1,1,O_Image_95.bmp,Wheelchair,NaN
45,218,1,1,O_Image_61.bmp,Football,NaN
45,219,1,1,F_Image_4.bmp,Barack Obama,NaN
45,220,1,1,F_Lure_11.bmp,Daniel Radcliffe,NaN
45,221,1,1,O_Lure_88.bmp,Suitcase,NaN
45,222,1,1,F_Image_28.bmp,Margaret Thatcher,NaN
45,223,1,1,S_Image_111.bmp,Gizeh Pyramids,NaN
45,224,1,1,S_Image_103.bmp,Big Ben,NaN
45,225,1,1,S_Lure_112.bmp,Golden Gate Bridge,NaN
45,226,1,1,F_Image_8.bmp,Cameron Diaz,NaN
45,227,1,1,F_Image_16.bmp,George Bush,NaN
45,228,1,1,S_Lure_123.bmp,Mount Everest,NaN
45,229,1,1,S_Image_133.bmp,Rialto Bridge,NaN
45,230,1,1,O_Image_74.bmp,Mirror,NaN
45,231,1,1,F_Image_7.bmp,Britney Spears,NaN
45,232,1,1,F_Lure_10.bmp,Dalai Lama,NaN
45,233,1,1,F_Image_35.bmp,Nikola Sarkozy,NaN
45,234,1,1,F_Lure_24.bmp,Keanu Reeves,NaN
45,235,1,1,O_Lure_62.bmp,FryingPan,NaN
45,236,1,1,F_Image_13.bmp,Elton John,NaN
45,237,1,1,F_Image_22.bmp,Judi Dench,NaN
45,238,1,1,F_Image_45.bmp,Tony Blair,NaN
45,239,1,1,O_Image_91.bmp,Torch,NaN
45,240,1,1,S_Lure_143.bmp,Versailles,NaN
45,241,1,1,F_Lure_45.bmp,Tony Blair,NaN
45,242,1,1,F_Lure_36.bmp,Penelope Cruz,NaN
45,243,1,1,S_Lure_133.bmp,Rialto Bridge,NaN
45,244,1,1,O_Image_82.bmp,Scissors,NaN
45,245,1,1,O_Image_79.bmp,Remote Control,NaN
45,246,1,1,O_Image_68.bmp,Hat,NaN
45,247,1,1,O_Image_88.bmp,Suitcase,NaN
45,248,1,1,S_Lure_119.bmp,Louvre,NaN
45,249,1,1,O_Lure_85.bmp,Sock,NaN
45,250,1,1,S_Lure_114.bmp,Great Wall,NaN
45,251,1,1,O_Lure_55.bmp,Binoculars,NaN
45,252,1,1,O_Image_84.bmp,Skirt,NaN
45,253,1,1,O_Lure_82.bmp,Scissors,NaN
45,254,1,1,O_Lure_92.bmp,Trophy,NaN
45,255,1,1,F_Image_42.bmp,Scarlett Johansson,NaN
45,256,1,1,F_Lure_25.bmp,Leonardo DiCaprio,NaN
45,257,1,1,F_Image_24.bmp,Keanu Reeves,NaN
45,258,1,1,F_Image_31.bmp,Michael Jackson,NaN
45,259,1,1,O_Lure_66.bmp,Guitar,NaN
45,260,1,1,S_Image_137.bmp,Statue Of Liberty,NaN
45,261,1,1,O_Image_90.bmp,Telephone,NaN
45,262,1,1,S_Lure_97.bmp,Akropolis,NaN
45,263,1,1,O_Image_83.bmp,Shoe,NaN
45,264,1,1,F_Lure_28.bmp,Margaret Thatcher,NaN
45,265,1,1,F_Lure_22.bmp,Judi Dench,NaN
45,266,1,1,F_Lure_16.bmp,George Bush,NaN
45,267,1,1,S_Lure_140.bmp,Taj Mahal,NaN
45,268,1,1,O_Lure_67.bmp,Hammock,NaN
45,269,1,1,F_Image_1.bmp,Albert Einstein,NaN
45,270,1,1,F_Image_37.bmp,Pierce Brosnan,NaN
45,271,1,1,O_Lure_70.bmp,Key,NaN
45,272,1,1,S_Lure_135.bmp,Sahara Desert,NaN
45,273,1,1,O_Lure_93.bmp,Umbrella,NaN
45,274,1,1,S_Image_141.bmp,Time Square,NaN
45,275,1,1,F_Lure_8.bmp,Cameron Diaz,NaN
45,276,1,1,S_Lure_108.bmp,Dover Cliffs,NaN
45,277,1,1,S_Image_98.bmp,Alcatraz,NaN
45,278,1,1,F_Image_5.bmp,Bill Clinton,NaN
45,279,1,1,F_Lure_19.bmp,James Dean,NaN
45,280,1,1,O_Image_57.bmp,Brush,NaN
45,281,1,1,S_Lure_122.bmp,Mont Saint Michel,NaN
45,282,1,1,O_Image_50.bmp,Barbecue,NaN
45,283,1,1,O_Lure_52.bmp,Bed,NaN
45,284,1,1,S_Lure_127.bmp,Niagara Falls,NaN
45,285,1,1,F_Image_15.bmp,Fidel Castro,NaN
45,286,1,1,S_Lure_139.bmp,Sydney Opera,NaN
45,287,1,1,S_Image_128.bmp,Notre Dame,NaN
45,288,1,1,O_Image_78.bmp,Razor,NaN
45,289,1,1,S_Lure_134.bmp,Sagrada Familia,NaN
45,290,1,1,F_Lure_3.bmp,Angela Merkel,NaN
45,291,1,1,S_Image_100.bmp,Angkor Wat,NaN
45,292,1,1,F_Image_46.bmp,Wayne Rooney,NaN
45,293,1,1,S_Lure_100.bmp,Angkor Wat,NaN
45,294,1,1,S_Image_131.bmp,Rapa Nui,NaN
45,295,1,1,S_Lure_101.bmp,Atomium,NaN
45,296,1,1,S_Lure_130.bmp,Potala Palace,NaN
45,297,1,1,S_Image_120.bmp,Machu Picchu,NaN
45,298,1,1,S_Image_99.bmp,Alhambra,NaN
45,299,1,1,F_Lure_39.bmp,Robbie Williams,NaN
45,300,1,1,S_Lure_117.bmp,Kings College,NaN
45,301,1,1,S_Image_129.bmp,Petra,NaN
45,302,1,1,S_Image_102.bmp,Ayers Rock,NaN
45,303,1,1,S_Image_115.bmp,Hagia Sophia,NaN
45,304,1,1,S_Lure_136.bmp,Sistine Chapel,NaN
45,305,1,1,S_Image_143.bmp,Versailles,NaN
45,306,1,1,S_Lure_99.bmp,Alhambra,NaN
45,307,1,1,S_Lure_126.bmp,Neu schwanstein Castle,NaN
45,308,1,1,S_Image_122.bmp,Mont Saint Michel,NaN
45,309,1,1,F_Image_3.bmp,Angela Merkel,NaN
45,310,1,1,F_Lure_37.bmp,Pierce Brosnan,NaN
45,311,1,1,S_Image_126.bmp,Neu schwanstein Castle,NaN
45,312,1,1,F_Lure_15.bmp,Fidel Castro,NaN
45,313,1,1,F_Lure_35.bmp,Nikola Sarkozy,NaN
45,314,1,1,S_Image_133.bmp,Rialto Bridge,NaN
45,315,1,1,F_Image_45.bmp,Tony Blair,NaN
45,316,1,1,S_Lure_97.bmp,Akropolis,NaN
45,317,1,1,F_Lure_22.bmp,Judi Dench,NaN
45,318,1,1,S_Lure_122.bmp,Mont Saint Michel,NaN
45,319,1.5,1,F_Image_46.bmp,Wayne Rooney,snow
45,320,1.5,1,S_Image_106.bmp,Christ The Redeemer,fire
45,321,1.5,1,O_Image_60.bmp,Flask,quake
45,322,1.5,1,S_Image_133.bmp,Rialto Bridge,tear
45,323,1.5,1,O_Image_73.bmp,Microscope,harem
45,324,1.5,1,S_Image_103.bmp,Big Ben,tourist
45,325,1.5,1,S_Image_123.bmp,Mount Everest,rust
45,326,1.5,1,S_Image_97.bmp,Akropolis,animal
45,327,1.5,1,O_Image_87.bmp,Stapler,bubble
45,328,1.5,1,S_Image_116.bmp,Hollywood Sign,attack
45,329,1.5,1,F_Image_41.bmp,Rod Steward,black
45,330,1.5,1,S_Image_126.bmp,Neu schwanstein Castle,laundry
45,331,1.5,1,S_Image_101.bmp,Atomium,scar
45,332,1.5,1,O_Image_77.bmp,Radio,arch
45,333,1.5,1,F_Image_32.bmp,Mick Jagger,steam
45,334,1.5,1,O_Image_63.bmp,Globe,wool
45,335,1.5,1,S_Image_135.bmp,Sahara Desert,magnet
45,336,1.5,1,F_Image_13.bmp,Elton John,marble
45,337,1.5,1,O_Image_86.bmp,Soother,hurricane
45,338,1.5,1,F_Image_1.bmp,Albert Einstein,cloud
45,339,1.5,1,F_Image_33.bmp,Mother Teresa,honeymoon
45,340,1.5,1,O_Image_81.bmp,Scale,stripe
45,341,1.5,1,F_Image_45.bmp,Tony Blair,army
45,342,1.5,1,S_Image_139.bmp,Sydney Opera,yellow
45,343,2,1,F_Image_41.bmp-F_Lure_41.bmp,Rod Steward,black
45,344,2,1,F_Image_1.bmp-F_Lure_1.bmp,Albert Einstein,cloud
45,345,2,1,F_Image_46.bmp-F_Lure_46.bmp,Wayne Rooney,snow
45,346,2,1,S_Image_135.bmp-S_Lure_135.bmp,Sahara Desert,magnet
45,347,2,1,S_Image_133.bmp-S_Lure_133.bmp,Rialto Bridge,tear
45,348,2,1,O_Image_81.bmp-O_Lure_81.bmp,Scale,stripe
45,349,2,1,S_Image_106.bmp-S_Lure_106.bmp,Christ The Redeemer,fire
45,350,2,1,O_Image_86.bmp-O_Lure_86.bmp,Soother,hurricane
45,351,2,1,O_Image_77.bmp-O_Lure_77.bmp,Radio,arch
45,352,2,1,F_Image_33.bmp-F_Lure_33.bmp,Mother Teresa,honeymoon
45,353,2,1,S_Image_101.bmp-S_Lure_101.bmp,Atomium,scar
45,354,2,1,O_Image_87.bmp-O_Lure_87.bmp,Stapler,bubble
45,355,2,1,S_Image_103.bmp-S_Lure_103.bmp,Big Ben,tourist
45,356,2,1,O_Image_63.bmp-O_Lure_63.bmp,Globe,wool
45,357,2,1,S_Image_126.bmp-S_Lure_126.bmp,Neu schwanstein Castle,laundry
45,358,2,1,O_Image_73.bmp-O_Lure_73.bmp,Microscope,harem
45,359,2,1,S_Image_97.bmp-S_Lure_97.bmp,Akropolis,animal
45,360,2,1,S_Image_116.bmp-S_Lure_116.bmp,Hollywood Sign,attack
45,361,2,1,F_Image_32.bmp-F_Lure_32.bmp,Mick Jagger,steam
45,362,2,1,F_Image_13.bmp-F_Lure_13.bmp,Elton John,marble
45,363,2,1,O_Image_60.bmp-O_Lure_60.bmp,Flask,quake
45,364,2,1,S_Image_139.bmp-S_Lure_139.bmp,Sydney Opera,yellow
45,365,2,1,S_Image_123.bmp-S_Lure_123.bmp,Mount Everest,rust
45,366,2,1,F_Image_45.bmp-F_Lure_45.bmp,Tony Blair,army
45,367,3,1,O_Image_73.bmp-O_Lure_73.bmp,Microscope,harem
45,368,3,1,O_Image_60.bmp-O_Lure_60.bmp,Flask,quake
45,369,3,1,O_Image_81.bmp-O_Lure_81.bmp,Scale,stripe
45,370,3,1,O_Image_86.bmp-O_Lure_86.bmp,Soother,hurricane
45,371,3,1,S_Image_97.bmp-S_Lure_97.bmp,Akropolis,animal
45,372,3,1,S_Image_126.bmp-S_Lure_126.bmp,Neu schwanstein Castle,laundry
45,373,3,1,S_Image_116.bmp-S_Lure_116.bmp,Hollywood Sign,attack
45,374,3,1,S_Image_101.bmp-S_Lure_101.bmp,Atomium,scar
45,375,3,1,F_Image_33.bmp-F_Lure_33.bmp,Mother Teresa,honeymoon
45,376,3,1,F_Image_1.bmp-F_Lure_1.bmp,Albert Einstein,cloud
45,377,3,1,F_Image_46.bmp-F_Lure_46.bmp,Wayne Rooney,snow
45,378,3,1,F_Image_45.bmp-F_Lure_45.bmp,Tony Blair,army
45,379,3,1,F_Image_32.bmp-F_Lure_32.bmp,Mick Jagger,steam
45,380,3,1,S_Image_135.bmp-S_Lure_135.bmp,Sahara Desert,magnet
45,381,3,1,O_Image_63.bmp-O_Lure_63.bmp,Globe,wool
45,382,3,1,S_Image_139.bmp-S_Lure_139.bmp,Sydney Opera,yellow
45,383,3,1,O_Image_77.bmp-O_Lure_77.bmp,Radio,arch
45,384,3,1,O_Image_87.bmp-O_Lure_87.bmp,Stapler,bubble
45,385,3,1,S_Image_103.bmp-S_Lure_103.bmp,Big Ben,tourist
45,386,3,1,S_Image_133.bmp-S_Lure_133.bmp,Rialto Bridge,tear
45,387,3,1,F_Image_13.bmp-F_Lure_13.bmp,Elton John,marble
45,388,3,1,F_Image_41.bmp-F_Lure_41.bmp,Rod Steward,black
45,389,3,1,S_Image_123.bmp-S_Lure_123.bmp,Mount Everest,rust
45,390,3,1,S_Image_106.bmp-S_Lure_106.bmp,Christ The Redeemer,fire
45,391,1.5,2,O_Image_89.bmp,Teddybear,tail
45,392,1.5,2,O_Image_74.bmp,Mirror,water
45,393,1.5,2,F_Image_12.bmp,David Beckham,sand
45,394,1.5,2,F_Image_20.bmp,Jennifer Lopez,slope
45,395,1.5,2,O_Image_53.bmp,Belt,angel
45,396,1.5,2,F_Image_39.bmp,Robbie Williams,measles
45,397,1.5,2,F_Image_25.bmp,Leonardo DiCaprio,paper
45,398,1.5,2,O_Image_70.bmp,Key,galaxy
45,399,1.5,2,S_Image_119.bmp,Louvre,crumb
45,400,1.5,2,F_Image_34.bmp,Nelson Mandela,flood
45,401,1.5,2,O_Image_55.bmp,Binoculars,witch
45,402,1.5,2,O_Image_96.bmp,Wineglass,tube
45,403,1.5,2,O_Image_85.bmp,Sock,breakfast
45,404,1.5,2,O_Image_51.bmp,Basket,triangle
45,405,1.5,2,F_Image_30.bmp,Meryl Streep,shadow
45,406,1.5,2,S_Image_99.bmp,Alhambra,costume
45,407,1.5,2,S_Image_143.bmp,Versailles,alcohol
45,408,1.5,2,S_Image_104.bmp,Brandenburg Gate,antique
45,409,1.5,2,F_Image_42.bmp,Scarlett Johansson,alien
45,410,1.5,2,F_Image_35.bmp,Nikola Sarkozy,wound
45,411,1.5,2,F_Image_37.bmp,Pierce Brosnan,arrow
45,412,1.5,2,F_Image_6.bmp,Brad Pitt,rock
45,413,1.5,2,S_Image_110.bmp,Forbidden City,wreck
45,414,1.5,2,O_Image_58.bmp,Canoe,menu
45,415,2,2,O_Image_58.bmp-O_Lure_58.bmp,Canoe,menu
45,416,2,2,O_Image_53.bmp-O_Lure_53.bmp,Belt,angel
45,417,2,2,S_Image_99.bmp-S_Lure_99.bmp,Alhambra,costume
45,418,2,2,O_Image_70.bmp-O_Lure_70.bmp,Key,galaxy
45,419,2,2,F_Image_25.bmp-F_Lure_25.bmp,Leonardo DiCaprio,paper
45,420,2,2,O_Image_96.bmp-O_Lure_96.bmp,Wineglass,tube
45,421,2,2,F_Image_30.bmp-F_Lure_30.bmp,Meryl Streep,shadow
45,422,2,2,F_Image_42.bmp-F_Lure_42.bmp,Scarlett Johansson,alien
45,423,2,2,F_Image_12.bmp-F_Lure_12.bmp,David Beckham,sand
45,424,2,2,F_Image_35.bmp-F_Lure_35.bmp,Nikola Sarkozy,wound
45,425,2,2,S_Image_110.bmp-S_Lure_110.bmp,Forbidden City,wreck
45,426,2,2,O_Image_51.bmp-O_Lure_51.bmp,Basket,triangle
45,427,2,2,O_Image_89.bmp-O_Lure_89.bmp,Teddybear,tail
45,428,2,2,F_Image_37.bmp-F_Lure_37.bmp,Pierce Brosnan,arrow
45,429,2,2,F_Image_34.bmp-F_Lure_34.bmp,Nelson Mandela,flood
45,430,2,2,O_Image_74.bmp-O_Lure_74.bmp,Mirror,water
45,431,2,2,O_Image_55.bmp-O_Lure_55.bmp,Binoculars,witch
45,432,2,2,F_Image_6.bmp-F_Lure_6.bmp,Brad Pitt,rock
45,433,2,2,F_Image_39.bmp-F_Lure_39.bmp,Robbie Williams,measles
45,434,2,2,F_Image_20.bmp-F_Lure_20.bmp,Jennifer Lopez,slope
45,435,2,2,S_Image_143.bmp-S_Lure_143.bmp,Versailles,alcohol
45,436,2,2,S_Image_104.bmp-S_Lure_104.bmp,Brandenburg Gate,antique
45,437,2,2,S_Image_119.bmp-S_Lure_119.bmp,Louvre,crumb
45,438,2,2,O_Image_85.bmp-O_Lure_85.bmp,Sock,breakfast
45,439,3,2,F_Image_42.bmp-F_Lure_42.bmp,Scarlett Johansson,alien
45,440,3,2,S_Image_99.bmp-S_Lure_99.bmp,Alhambra,costume
45,441,3,2,F_Image_34.bmp-F_Lure_34.bmp,Nelson Mandela,flood
45,442,3,2,S_Image_143.bmp-S_Lure_143.bmp,Versailles,alcohol
45,443,3,2,O_Image_55.bmp-O_Lure_55.bmp,Binoculars,witch
45,444,3,2,F_Image_25.bmp-F_Lure_25.bmp,Leonardo DiCaprio,paper
45,445,3,2,O_Image_53.bmp-O_Lure_53.bmp,Belt,angel
45,446,3,2,F_Image_20.bmp-F_Lure_20.bmp,Jennifer Lopez,slope
45,447,3,2,F_Image_37.bmp-F_Lure_37.bmp,Pierce Brosnan,arrow
45,448,3,2,O_Image_70.bmp-O_Lure_70.bmp,Key,galaxy
45,449,3,2,F_Image_39.bmp-F_Lure_39.bmp,Robbie Williams,measles
45,450,3,2,S_Image_119.bmp-S_Lure_119.bmp,Louvre,crumb
45,451,3,2,F_Image_35.bmp-F_Lure_35.bmp,Nikola Sarkozy,wound
45,452,3,2,F_Image_30.bmp-F_Lure_30.bmp,Meryl Streep,shadow
45,453,3,2,O_Image_51.bmp-O_Lure_51.bmp,Basket,triangle
45,454,3,2,O_Image_85.bmp-O_Lure_85.bmp,Sock,breakfast
45,455,3,2,O_Image_96.bmp-O_Lure_96.bmp,Wineglass,tube
45,456,3,2,S_Image_110.bmp-S_Lure_110.bmp,Forbidden City,wreck
45,457,3,2,O_Image_74.bmp-O_Lure_74.bmp,Mirror,water
45,458,3,2,O_Image_89.bmp-O_Lure_89.bmp,Teddybear,tail
45,459,3,2,F_Image_12.bmp-F_Lure_12.bmp,David Beckham,sand
45,460,3,2,F_Image_6.bmp-F_Lure_6.bmp,Brad Pitt,rock
45,461,3,2,O_Image_58.bmp-O_Lure_58.bmp,Canoe,menu
45,462,3,2,S_Image_104.bmp-S_Lure_104.bmp,Brandenburg Gate,antique
45,463,1.5,3,F_Image_19.bmp,James Dean,asphalt
45,464,1.5,3,S_Image_144.bmp,White House,sweat
45,465,1.5,3,F_Image_15.bmp,Fidel Castro,fuel
45,466,1.5,3,S_Image_115.bmp,Hagia Sophia,corpse
45,467,1.5,3,S_Image_137.bmp,Statue Of Liberty,spike
45,468,1.5,3,O_Image_61.bmp,Football,stem
45,469,1.5,3,S_Image_114.bmp,Great Wall,lever
45,470,1.5,3,F_Image_21.bmp,John Lennon,sunshine
45,471,1.5,3,O_Image_80.bmp,Rope,board
45,472,1.5,3,O_Image_72.bmp,Lightbulb,cone
45,473,1.5,3,S_Image_98.bmp,Alcatraz,vegetable
45,474,1.5,3,O_Image_91.bmp,Torch,giant
45,475,1.5,3,O_Image_95.bmp,Wheelchair,kiss
45,476,1.5,3,O_Image_90.bmp,Telephone,money
45,477,1.5,3,O_Image_66.bmp,Guitar,signal
45,478,1.5,3,S_Image_109.bmp,Eiffel Tower,poison
45,479,1.5,3,S_Image_105.bmp,Chichen Itza,spray
45,480,1.5,3,F_Image_24.bmp,Keanu Reeves,corner
45,481,1.5,3,F_Image_14.bmp,Elvis Presley,ghost
45,482,1.5,3,O_Image_56.bmp,Broom,seed
45,483,1.5,3,F_Image_23.bmp,Julia Roberts,hostage
45,484,1.5,3,S_Image_130.bmp,Potala Palace,orchestra
45,485,1.5,3,F_Image_28.bmp,Margaret Thatcher,drizzle
45,486,1.5,3,S_Image_127.bmp,Niagara Falls,shell
45,487,2,3,S_Image_127.bmp-S_Lure_127.bmp,Niagara Falls,shell
45,488,2,3,S_Image_130.bmp-S_Lure_130.bmp,Potala Palace,orchestra
45,489,2,3,F_Image_23.bmp-F_Lure_23.bmp,Julia Roberts,hostage
45,490,2,3,S_Image_98.bmp-S_Lure_98.bmp,Alcatraz,vegetable
45,491,2,3,O_Image_72.bmp-O_Lure_72.bmp,Lightbulb,cone
45,492,2,3,O_Image_66.bmp-O_Lure_66.bmp,Guitar,signal
45,493,2,3,O_Image_56.bmp-O_Lure_56.bmp,Broom,seed
45,494,2,3,O_Image_90.bmp-O_Lure_90.bmp,Telephone,money
45,495,2,3,S_Image_144.bmp-S_Lure_144.bmp,White House,sweat
45,496,2,3,O_Image_61.bmp-O_Lure_61.bmp,Football,stem
45,497,2,3,F_Image_24.bmp-F_Lure_24.bmp,Keanu Reeves,corner
45,498,2,3,F_Image_21.bmp-F_Lure_21.bmp,John Lennon,sunshine
45,499,2,3,F_Image_15.bmp-F_Lure_15.bmp,Fidel Castro,fuel
45,500,2,3,F_Image_14.bmp-F_Lure_14.bmp,Elvis Presley,ghost
45,501,2,3,S_Image_137.bmp-S_Lure_137.bmp,Statue Of Liberty,spike
45,502,2,3,O_Image_95.bmp-O_Lure_95.bmp,Wheelchair,kiss
45,503,2,3,O_Image_80.bmp-O_Lure_80.bmp,Rope,board
45,504,2,3,S_Image_114.bmp-S_Lure_114.bmp,Great Wall,lever
45,505,2,3,F_Image_28.bmp-F_Lure_28.bmp,Margaret Thatcher,drizzle
45,506,2,3,S_Image_115.bmp-S_Lure_115.bmp,Hagia Sophia,corpse
45,507,2,3,O_Image_91.bmp-O_Lure_91.bmp,Torch,giant
45,508,2,3,S_Image_105.bmp-S_Lure_105.bmp,Chichen Itza,spray
45,509,2,3,F_Image_19.bmp-F_Lure_19.bmp,James Dean,asphalt
45,510,2,3,S_Image_109.bmp-S_Lure_109.bmp,Eiffel Tower,poison
45,511,3,3,S_Image_105.bmp-S_Lure_105.bmp,Chichen Itza,spray
45,512,3,3,F_Image_21.bmp-F_Lure_21.bmp,John Lennon,sunshine
45,513,3,3,S_Image_137.bmp-S_Lure_137.bmp,Statue Of Liberty,spike
45,514,3,3,S_Image_115.bmp-S_Lure_115.bmp,Hagia Sophia,corpse
45,515,3,3,F_Image_15.bmp-F_Lure_15.bmp,Fidel Castro,fuel
45,516,3,3,O_Image_56.bmp-O_Lure_56.bmp,Broom,seed
45,517,3,3,F_Image_28.bmp-F_Lure_28.bmp,Margaret Thatcher,drizzle
45,518,3,3,F_Image_14.bmp-F_Lure_14.bmp,Elvis Presley,ghost
45,519,3,3,S_Image_127.bmp-S_Lure_127.bmp,Niagara Falls,shell
45,520,3,3,O_Image_91.bmp-O_Lure_91.bmp,Torch,giant
45,521,3,3,S_Image_109.bmp-S_Lure_109.bmp,Eiffel Tower,poison
45,522,3,3,F_Image_23.bmp-F_Lure_23.bmp,Julia Roberts,hostage
45,523,3,3,S_Image_144.bmp-S_Lure_144.bmp,White House,sweat
45,524,3,3,O_Image_90.bmp-O_Lure_90.bmp,Telephone,money
45,525,3,3,O_Image_61.bmp-O_Lure_61.bmp,Football,stem
45,526,3,3,O_Image_95.bmp-O_Lure_95.bmp,Wheelchair,kiss
45,527,3,3,S_Image_114.bmp-S_Lure_114.bmp,Great Wall,lever
45,528,3,3,F_Image_24.bmp-F_Lure_24.bmp,Keanu Reeves,corner
45,529,3,3,F_Image_19.bmp-F_Lure_19.bmp,James Dean,asphalt
45,530,3,3,O_Image_72.bmp-O_Lure_72.bmp,Lightbulb,cone
45,531,3,3,O_Image_66.bmp-O_Lure_66.bmp,Guitar,signal
45,532,3,3,S_Image_130.bmp-S_Lure_130.bmp,Potala Palace,orchestra
45,533,3,3,O_Image_80.bmp-O_Lure_80.bmp,Rope,board
45,534,3,3,S_Image_98.bmp-S_Lure_98.bmp,Alcatraz,vegetable
45,535,3.5,1,O_Image_67.bmp,Hammock,arrow
45,536,3.5,1,S_Image_131.bmp,Rapa Nui,honeymoon
45,537,3.5,1,F_Image_22.bmp,Judi Dench,antique
45,538,3.5,1,S_Image_113.bmp,Grand Canyon,tail
45,539,3.5,1,F_Image_38.bmp,Queen Elisabeth,fire
45,540,3.5,1,S_Image_140.bmp,Taj Mahal,snow
45,541,3.5,1,S_Image_129.bmp,Petra,ghost
45,542,3.5,1,S_Image_124.bmp,Mount Fuji,sunshine
45,543,3.5,1,O_Image_94.bmp,Watch,orchestra
45,544,3.5,1,S_Image_102.bmp,Ayers Rock,board
45,545,3.5,1,S_Image_125.bmp,Mount Rushmore,marble
45,546,3.5,1,S_Image_120.bmp,Machu Picchu,hurricane
45,547,3.5,1,F_Image_26.bmp,Madonna,crumb
45,548,3.5,1,O_Image_50.bmp,Barbecue,black
45,549,3.5,1,O_Image_75.bmp,Necklace,shell
45,550,3.5,1,O_Image_65.bmp,GrandPiano,cloud
45,551,3.5,1,F_Image_48.bmp,Will Smith,sweat
45,552,3.5,1,F_Image_36.bmp,Penelope Cruz,corpse
45,553,3.5,1,O_Image_52.bmp,Bed,corner
45,554,3.5,1,S_Image_138.bmp,Stonehenge,army
45,555,3.5,1,S_Image_134.bmp,Sagrada Familia,measles
45,556,3.5,1,O_Image_84.bmp,Skirt,alcohol
45,557,3.5,1,S_Image_142.bmp,Tower Bridge,alien
45,558,3.5,1,F_Image_44.bmp,Tom Hanks,wreck
45,559,4,1,O_Image_94.bmp-O_Lure_94.bmp,Watch,orchestra
45,560,4,1,F_Image_44.bmp-F_Lure_44.bmp,Tom Hanks,wreck
45,561,4,1,S_Image_129.bmp-S_Lure_129.bmp,Petra,ghost
45,562,4,1,O_Image_84.bmp-O_Lure_84.bmp,Skirt,alcohol
45,563,4,1,F_Image_26.bmp-F_Lure_26.bmp,Madonna,crumb
45,564,4,1,F_Image_48.bmp-F_Lure_48.bmp,Will Smith,sweat
45,565,4,1,S_Image_102.bmp-S_Lure_102.bmp,Ayers Rock,board
45,566,4,1,S_Image_140.bmp-S_Lure_140.bmp,Taj Mahal,snow
45,567,4,1,S_Image_131.bmp-S_Lure_131.bmp,Rapa Nui,honeymoon
45,568,4,1,F_Image_36.bmp-F_Lure_36.bmp,Penelope Cruz,corpse
45,569,4,1,S_Image_125.bmp-S_Lure_125.bmp,Mount Rushmore,marble
45,570,4,1,S_Image_124.bmp-S_Lure_124.bmp,Mount Fuji,sunshine
45,571,4,1,S_Image_120.bmp-S_Lure_120.bmp,Machu Picchu,hurricane
45,572,4,1,S_Image_138.bmp-S_Lure_138.bmp,Stonehenge,army
45,573,4,1,O_Image_65.bmp-O_Lure_65.bmp,GrandPiano,cloud
45,574,4,1,O_Image_50.bmp-O_Lure_50.bmp,Barbecue,black
45,575,4,1,O_Image_52.bmp-O_Lure_52.bmp,Bed,corner
45,576,4,1,S_Image_142.bmp-S_Lure_142.bmp,Tower Bridge,alien
45,577,4,1,S_Image_134.bmp-S_Lure_134.bmp,Sagrada Familia,measles
45,578,4,1,F_Image_38.bmp-F_Lure_38.bmp,Queen Elisabeth,fire
45,579,4,1,O_Image_75.bmp-O_Lure_75.bmp,Necklace,shell
45,580,4,1,O_Image_67.bmp-O_Lure_67.bmp,Hammock,arrow
45,581,4,1,S_Image_113.bmp-S_Lure_113.bmp,Grand Canyon,tail
45,582,4,1,F_Image_22.bmp-F_Lure_22.bmp,Judi Dench,antique
45,583,3.5,2,O_Image_93.bmp,Umbrella,rust
45,584,3.5,2,O_Image_76.bmp,Pillows,animal
45,585,3.5,2,O_Image_62.bmp,FryingPan,steam
45,586,3.5,2,O_Image_82.bmp,Scissors,vegetable
45,587,3.5,2,S_Image_108.bmp,Dover Cliffs,kiss
45,588,3.5,2,F_Image_3.bmp,Angela Merkel,breakfast
45,589,3.5,2,F_Image_16.bmp,George Bush,seed
45,590,3.5,2,O_Image_83.bmp,Shoe,tear
45,591,3.5,2,F_Image_2.bmp,Amy Winehouse,menu
45,592,3.5,2,F_Image_11.bmp,Daniel Radcliffe,angel
45,593,3.5,2,F_Image_40.bmp,Robert De Niro,magnet
45,594,3.5,2,F_Image_29.bmp,Marilyn Monroe,spray
45,595,3.5,2,F_Image_17.bmp,George Clooney,stripe
45,596,3.5,2,S_Image_117.bmp,Kings College,tube
45,597,3.5,2,O_Image_78.bmp,Razor,tourist
45,598,3.5,2,F_Image_27.bmp,Mahadma Gandhi,laundry
45,599,3.5,2,F_Image_43.bmp,Tom Cruise,poison
45,600,3.5,2,O_Image_71.bmp,Ladder,yellow
45,601,3.5,2,F_Image_10.bmp,Dalai Lama,money
45,602,3.5,2,F_Image_31.bmp,Michael Jackson,lever
45,603,3.5,2,S_Image_107.bmp,Colosseum,harem
45,604,3.5,2,S_Image_112.bmp,Golden Gate Bridge,giant
45,605,3.5,2,S_Image_122.bmp,Mont Saint Michel,quake
45,606,3.5,2,O_Image_88.bmp,Suitcase,costume
45,607,4,2,F_Image_43.bmp-F_Lure_43.bmp,Tom Cruise,poison
45,608,4,2,O_Image_76.bmp-O_Lure_76.bmp,Pillows,animal
45,609,4,2,S_Image_107.bmp-S_Lure_107.bmp,Colosseum,harem
45,610,4,2,F_Image_40.bmp-F_Lure_40.bmp,Robert De Niro,magnet
45,611,4,2,S_Image_108.bmp-S_Lure_108.bmp,Dover Cliffs,kiss
45,612,4,2,F_Image_11.bmp-F_Lure_11.bmp,Daniel Radcliffe,angel
45,613,4,2,O_Image_93.bmp-O_Lure_93.bmp,Umbrella,rust
45,614,4,2,F_Image_2.bmp-F_Lure_2.bmp,Amy Winehouse,menu
45,615,4,2,O_Image_71.bmp-O_Lure_71.bmp,Ladder,yellow
45,616,4,2,F_Image_16.bmp-F_Lure_16.bmp,George Bush,seed
45,617,4,2,F_Image_17.bmp-F_Lure_17.bmp,George Clooney,stripe
45,618,4,2,F_Image_31.bmp-F_Lure_31.bmp,Michael Jackson,lever
45,619,4,2,F_Image_3.bmp-F_Lure_3.bmp,Angela Merkel,breakfast
45,620,4,2,S_Image_122.bmp-S_Lure_122.bmp,Mont Saint Michel,quake
45,621,4,2,O_Image_62.bmp-O_Lure_62.bmp,FryingPan,steam
45,622,4,2,S_Image_112.bmp-S_Lure_112.bmp,Golden Gate Bridge,giant
45,623,4,2,O_Image_78.bmp-O_Lure_78.bmp,Razor,tourist
45,624,4,2,S_Image_117.bmp-S_Lure_117.bmp,Kings College,tube
45,625,4,2,O_Image_88.bmp-O_Lure_88.bmp,Suitcase,costume
45,626,4,2,F_Image_27.bmp-F_Lure_27.bmp,Mahadma Gandhi,laundry
45,627,4,2,O_Image_83.bmp-O_Lure_83.bmp,Shoe,tear
45,628,4,2,O_Image_82.bmp-O_Lure_82.bmp,Scissors,vegetable
45,629,4,2,F_Image_10.bmp-F_Lure_10.bmp,Dalai Lama,money
45,630,4,2,F_Image_29.bmp-F_Lure_29.bmp,Marilyn Monroe,spray
45,631,3.5,3,S_Image_121.bmp,Mecca,galaxy
45,632,3.5,3,F_Image_9.bmp,Charlie Chaplin,wool
45,633,3.5,3,S_Image_141.bmp,Time Square,hostage
45,634,3.5,3,S_Image_118.bmp,Leaning Tower,cone
45,635,3.5,3,O_Image_69.bmp,Headphones,asphalt
45,636,3.5,3,O_Image_79.bmp,Remote Control,attack
45,637,3.5,3,S_Image_132.bmp,Red Square,flood
45,638,3.5,3,O_Image_59.bmp,Fan,wound
45,639,3.5,3,O_Image_49.bmp,Anchor,sand
45,640,3.5,3,S_Image_128.bmp,Notre Dame,rock
45,641,3.5,3,F_Image_4.bmp,Barack Obama,bubble
45,642,3.5,3,F_Image_47.bmp,Whoopi Goldberg,spike
45,643,3.5,3,S_Image_111.bmp,Gizeh Pyramids,signal
45,644,3.5,3,O_Image_64.bmp,Goggles,fuel
45,645,3.5,3,O_Image_54.bmp,Bicycle,shadow
45,646,3.5,3,S_Image_100.bmp,Angkor Wat,stem
45,647,3.5,3,O_Image_57.bmp,Brush,paper
45,648,3.5,3,O_Image_68.bmp,Hat,drizzle
45,649,3.5,3,F_Image_18.bmp,Jack Nicholson,witch
45,650,3.5,3,F_Image_8.bmp,Cameron Diaz,triangle
45,651,3.5,3,O_Image_92.bmp,Trophy,scar
45,652,3.5,3,F_Image_7.bmp,Britney Spears,water
45,653,3.5,3,F_Image_5.bmp,Bill Clinton,arch
45,654,3.5,3,S_Image_136.bmp,Sistine Chapel,slope
45,655,4,3,O_Image_49.bmp-O_Lure_49.bmp,Anchor,sand
45,656,4,3,S_Image_111.bmp-S_Lure_111.bmp,Gizeh Pyramids,signal
45,657,4,3,F_Image_5.bmp-F_Lure_5.bmp,Bill Clinton,arch
45,658,4,3,S_Image_136.bmp-S_Lure_136.bmp,Sistine Chapel,slope
45,659,4,3,F_Image_18.bmp-F_Lure_18.bmp,Jack Nicholson,witch
45,660,4,3,S_Image_141.bmp-S_Lure_141.bmp,Time Square,hostage
45,661,4,3,O_Image_57.bmp-O_Lure_57.bmp,Brush,paper
45,662,4,3,F_Image_4.bmp-F_Lure_4.bmp,Barack Obama,bubble
45,663,4,3,O_Image_92.bmp-O_Lure_92.bmp,Trophy,scar
45,664,4,3,O_Image_69.bmp-O_Lure_69.bmp,Headphones,asphalt
45,665,4,3,O_Image_79.bmp-O_Lure_79.bmp,Remote Control,attack
45,666,4,3,O_Image_54.bmp-O_Lure_54.bmp,Bicycle,shadow
45,667,4,3,F_Image_8.bmp-F_Lure_8.bmp,Cameron Diaz,triangle
45,668,4,3,F_Image_47.bmp-F_Lure_47.bmp,Whoopi Goldberg,spike
45,669,4,3,F_Image_9.bmp-F_Lure_9.bmp,Charlie Chaplin,wool
45,670,4,3,O_Image_64.bmp-O_Lure_64.bmp,Goggles,fuel
45,671,4,3,S_Image_118.bmp-S_Lure_118.bmp,Leaning Tower,cone
45,672,4,3,S_Image_128.bmp-S_Lure_128.bmp,Notre Dame,rock
45,673,4,3,S_Image_100.bmp-S_Lure_100.bmp,Angkor Wat,stem
45,674,4,3,F_Image_7.bmp-F_Lure_7.bmp,Britney Spears,water
45,675,4,3,S_Image_132.bmp-S_Lure_132.bmp,Red Square,flood
45,676,4,3,S_Image_121.bmp-S_Lure_121.bmp,Mecca,galaxy
45,677,4,3,O_Image_68.bmp-O_Lure_68.bmp,Hat,drizzle
45,678,4,3,O_Image_59.bmp-O_Lure_59.bmp,Fan,wound
45,679,5, 1 ,S_Image_103.bmp-O_Lure_78.bmp,Big Ben-Razor,tourist
45,680,5, 1 ,O_Image_95.bmp-S_Lure_108.bmp,Wheelchair-Dover Cliffs,kiss
45,681,5, 1 ,O_Image_80.bmp-S_Lure_102.bmp,Rope-Ayers Rock,board
45,682,5, 1 ,O_Image_58.bmp-F_Lure_2.bmp,Canoe-Amy Winehouse,menu
45,683,5, 1 ,O_Image_85.bmp-F_Lure_3.bmp,Sock-Angela Merkel,breakfast
45,684,5, 1 ,F_Image_34.bmp-S_Lure_132.bmp,Nelson Mandela-Red Square,flood
45,685,5, 1 ,S_Image_116.bmp-O_Lure_79.bmp,Hollywood Sign-Remote Control,attack
45,686,5, 1 ,F_Image_6.bmp-S_Lure_128.bmp,Brad Pitt-Notre Dame,rock
45,687,5, 1 ,F_Image_30.bmp-O_Lure_54.bmp,Meryl Streep-Bicycle,shadow
45,688,5, 1 ,S_Image_104.bmp-F_Lure_22.bmp,Brandenburg Gate-Judi Dench,antique
45,689,5, 1 ,O_Image_58.bmp-F_Lure_2.bmp,Canoe-Amy Winehouse,menu
45,690,5, 1 ,F_Image_24.bmp-O_Lure_52.bmp,Keanu Reeves-Bed,corner
45,691,5, 1 ,F_Image_15.bmp-O_Lure_64.bmp,Fidel Castro-Goggles,fuel
45,692,5, 1 ,F_Image_35.bmp-O_Lure_59.bmp,Nikola Sarkozy-Fan,wound
45,693,5, 1 ,O_Image_73.bmp-S_Lure_107.bmp,Microscope-Colosseum,harem
45,694,5, 1 ,S_Image_104.bmp-F_Lure_22.bmp,Brandenburg Gate-Judi Dench,antique
45,695,5, 1 ,S_Image_119.bmp-F_Lure_26.bmp,Louvre-Madonna,crumb
45,696,5, 1 ,F_Image_30.bmp-O_Lure_54.bmp,Meryl Streep-Bicycle,shadow
45,697,5, 1 ,S_Image_133.bmp-O_Lure_83.bmp,Rialto Bridge-Shoe,tear
45,698,5, 1 ,O_Image_89.bmp-S_Lure_113.bmp,Teddybear-Grand Canyon,tail
45,699,5, 1 ,S_Image_104.bmp-F_Lure_22.bmp,Brandenburg Gate-Judi Dench,antique
45,700,5, 1 ,O_Image_86.bmp-S_Lure_120.bmp,Soother-Machu Picchu,hurricane
45,701,5, 1 ,S_Image_119.bmp-F_Lure_26.bmp,Louvre-Madonna,crumb
45,702,5, 1 ,S_Image_137.bmp-F_Lure_47.bmp,Statue Of Liberty-Whoopi Goldberg,spike
45,703,5, 1 ,F_Image_14.bmp-S_Lure_129.bmp,Elvis Presley-Petra,ghost
45,704,5, 1 ,O_Image_96.bmp-S_Lure_117.bmp,Wineglass-Kings College,tube
45,705,5, 1 ,O_Image_63.bmp-F_Lure_9.bmp,Globe-Charlie Chaplin,wool
45,706,5, 1 ,F_Image_23.bmp-S_Lure_141.bmp,Julia Roberts-Time Square,hostage
45,707,5, 1 ,F_Image_23.bmp-S_Lure_141.bmp,Julia Roberts-Time Square,hostage
45,708,5, 1 ,S_Image_127.bmp-O_Lure_75.bmp,Niagara Falls-Necklace,shell
45,709,5, 1 ,O_Image_77.bmp-F_Lure_5.bmp,Radio-Bill Clinton,arch
45,710,5, 1 ,S_Image_133.bmp-O_Lure_83.bmp,Rialto Bridge-Shoe,tear
45,711,5, 1 ,O_Image_70.bmp-S_Lure_121.bmp,Key-Mecca,galaxy
45,712,5, 1 ,F_Image_39.bmp-S_Lure_134.bmp,Robbie Williams-Sagrada Familia,measles
45,713,5, 1 ,F_Image_19.bmp-O_Lure_69.bmp,James Dean-Headphones,asphalt
45,714,5, 1 ,F_Image_34.bmp-S_Lure_132.bmp,Nelson Mandela-Red Square,flood
45,715,5, 1 ,F_Image_34.bmp-S_Lure_132.bmp,Nelson Mandela-Red Square,flood
45,716,5, 1 ,S_Image_106.bmp-F_Lure_38.bmp,Christ The Redeemer-Queen Elisabeth,fire
45,717,5, 1 ,O_Image_63.bmp-F_Lure_9.bmp,Globe-Charlie Chaplin,wool
45,718,5, 1 ,F_Image_13.bmp-S_Lure_125.bmp,Elton John-Mount Rushmore,marble
45,719,5, 1 ,S_Image_116.bmp-O_Lure_79.bmp,Hollywood Sign-Remote Control,attack
45,720,5, 1 ,O_Image_89.bmp-S_Lure_113.bmp,Teddybear-Grand Canyon,tail
45,721,5, 1 ,F_Image_14.bmp-S_Lure_129.bmp,Elvis Presley-Petra,ghost
45,722,5, 1 ,S_Image_127.bmp-O_Lure_75.bmp,Niagara Falls-Necklace,shell
45,723,5, 1 ,F_Image_15.bmp-O_Lure_64.bmp,Fidel Castro-Goggles,fuel
45,724,5, 1 ,O_Image_70.bmp-S_Lure_121.bmp,Key-Mecca,galaxy
45,725,5, 1 ,O_Image_70.bmp-S_Lure_121.bmp,Key-Mecca,galaxy
45,726,5, 1 ,S_Image_104.bmp-F_Lure_22.bmp,Brandenburg Gate-Judi Dench,antique
45,727,5, 1 ,S_Image_144.bmp-F_Lure_48.bmp,White House-Will Smith,sweat
45,728,5, 1 ,O_Image_73.bmp-S_Lure_107.bmp,Microscope-Colosseum,harem
45,729,5, 1 ,O_Image_86.bmp-S_Lure_120.bmp,Soother-Machu Picchu,hurricane
45,730,5, 1 ,F_Image_30.bmp-O_Lure_54.bmp,Meryl Streep-Bicycle,shadow
45,731,5, 1 ,S_Image_105.bmp-F_Lure_29.bmp,Chichen Itza-Marilyn Monroe,spray
45,732,5, 1 ,S_Image_114.bmp-F_Lure_31.bmp,Great Wall-Michael Jackson,lever
45,733,5, 1 ,O_Image_73.bmp-S_Lure_107.bmp,Microscope-Colosseum,harem
45,734,5, 1 ,F_Image_25.bmp-O_Lure_57.bmp,Leonardo DiCaprio-Brush,paper
45,735,5, 1 ,O_Image_60.bmp-S_Lure_122.bmp,Flask-Mont Saint Michel,quake
45,736,5, 1 ,O_Image_96.bmp-S_Lure_117.bmp,Wineglass-Kings College,tube
45,737,5, 1 ,O_Image_60.bmp-S_Lure_122.bmp,Flask-Mont Saint Michel,quake
45,738,5, 1 ,S_Image_143.bmp-O_Lure_84.bmp,Versailles-Skirt,alcohol
45,739,5, 1 ,F_Image_13.bmp-S_Lure_125.bmp,Elton John-Mount Rushmore,marble
45,740,5, 1 ,S_Image_135.bmp-F_Lure_40.bmp,Sahara Desert-Robert De Niro,magnet
45,741,5, 1 ,S_Image_127.bmp-O_Lure_75.bmp,Niagara Falls-Necklace,shell
45,742,5, 1 ,F_Image_35.bmp-O_Lure_59.bmp,Nikola Sarkozy-Fan,wound
45,743,5, 1 ,O_Image_81.bmp-F_Lure_17.bmp,Scale-George Clooney,stripe
45,744,5, 1 ,S_Image_98.bmp-O_Lure_82.bmp,Alcatraz-Scissors,vegetable
45,745,5, 1 ,O_Image_58.bmp-F_Lure_2.bmp,Canoe-Amy Winehouse,menu
45,746,5, 1 ,F_Image_6.bmp-S_Lure_128.bmp,Brad Pitt-Notre Dame,rock
45,747,5, 1 ,O_Image_89.bmp-S_Lure_113.bmp,Teddybear-Grand Canyon,tail
45,748,5, 1 ,F_Image_19.bmp-O_Lure_69.bmp,James Dean-Headphones,asphalt
45,749,5, 1 ,S_Image_101.bmp-O_Lure_92.bmp,Atomium-Trophy,scar
45,750,5, 1 ,F_Image_25.bmp-O_Lure_57.bmp,Leonardo DiCaprio-Brush,paper
45,751,5, 1 ,O_Image_77.bmp-F_Lure_5.bmp,Radio-Bill Clinton,arch
45,752,5, 1 ,O_Image_80.bmp-S_Lure_102.bmp,Rope-Ayers Rock,board
45,753,5, 1 ,F_Image_39.bmp-S_Lure_134.bmp,Robbie Williams-Sagrada Familia,measles
45,754,5, 1 ,O_Image_86.bmp-S_Lure_120.bmp,Soother-Machu Picchu,hurricane
45,755,5, 1 ,S_Image_106.bmp-F_Lure_38.bmp,Christ The Redeemer-Queen Elisabeth,fire
45,756,5, 1 ,S_Image_116.bmp-O_Lure_79.bmp,Hollywood Sign-Remote Control,attack
45,757,5, 1 ,S_Image_116.bmp-O_Lure_79.bmp,Hollywood Sign-Remote Control,attack
45,758,5, 1 ,S_Image_110.bmp-F_Lure_44.bmp,Forbidden City-Tom Hanks,wreck
45,759,5, 1 ,S_Image_114.bmp-F_Lure_31.bmp,Great Wall-Michael Jackson,lever
45,760,5, 1 ,S_Image_110.bmp-F_Lure_44.bmp,Forbidden City-Tom Hanks,wreck
45,761,5, 1 ,F_Image_24.bmp-O_Lure_52.bmp,Keanu Reeves-Bed,corner
45,762,5, 1 ,O_Image_72.bmp-S_Lure_118.bmp,Lightbulb-Leaning Tower,cone
45,763,5, 1 ,F_Image_32.bmp-O_Lure_62.bmp,Mick Jagger-FryingPan,steam
45,764,5, 1 ,S_Image_97.bmp-O_Lure_76.bmp,Akropolis-Pillows,animal
45,765,5, 1 ,O_Image_72.bmp-S_Lure_118.bmp,Lightbulb-Leaning Tower,cone
45,766,5, 1 ,F_Image_33.bmp-S_Lure_131.bmp,Mother Teresa-Rapa Nui,honeymoon
45,767,5, 1 ,S_Image_97.bmp-O_Lure_76.bmp,Akropolis-Pillows,animal
45,768,5, 1 ,S_Image_114.bmp-F_Lure_31.bmp,Great Wall-Michael Jackson,lever
45,769,5, 1 ,F_Image_46.bmp-S_Lure_140.bmp,Wayne Rooney-Taj Mahal,snow
45,770,5, 1 ,S_Image_119.bmp-F_Lure_26.bmp,Louvre-Madonna,crumb
45,771,5, 1 ,S_Image_123.bmp-O_Lure_93.bmp,Mount Everest-Umbrella,rust
45,772,5, 1 ,O_Image_63.bmp-F_Lure_9.bmp,Globe-Charlie Chaplin,wool
45,773,5, 1 ,F_Image_23.bmp-S_Lure_141.bmp,Julia Roberts-Time Square,hostage
45,774,5, 1 ,O_Image_85.bmp-F_Lure_3.bmp,Sock-Angela Merkel,breakfast
45,775,5, 1 ,S_Image_105.bmp-F_Lure_29.bmp,Chichen Itza-Marilyn Monroe,spray
45,776,5, 1 ,S_Image_114.bmp-F_Lure_31.bmp,Great Wall-Michael Jackson,lever
45,777,5, 1 ,F_Image_15.bmp-O_Lure_64.bmp,Fidel Castro-Goggles,fuel
45,778,5, 1 ,F_Image_33.bmp-S_Lure_131.bmp,Mother Teresa-Rapa Nui,honeymoon
45,779,5, 1 ,S_Image_130.bmp-O_Lure_94.bmp,Potala Palace-Watch,orchestra
45,780,5, 1 ,F_Image_12.bmp-O_Lure_49.bmp,David Beckham-Anchor,sand
45,781,5, 1 ,S_Image_137.bmp-F_Lure_47.bmp,Statue Of Liberty-Whoopi Goldberg,spike
45,782,5, 1 ,F_Image_41.bmp-O_Lure_50.bmp,Rod Steward-Barbecue,black
45,783,5, 1 ,O_Image_77.bmp-F_Lure_5.bmp,Radio-Bill Clinton,arch
45,784,5, 1 ,S_Image_127.bmp-O_Lure_75.bmp,Niagara Falls-Necklace,shell
45,785,5, 1 ,F_Image_39.bmp-S_Lure_134.bmp,Robbie Williams-Sagrada Familia,measles
45,786,5, 1 ,F_Image_33.bmp-S_Lure_131.bmp,Mother Teresa-Rapa Nui,honeymoon
45,787,5, 1 ,F_Image_34.bmp-S_Lure_132.bmp,Nelson Mandela-Red Square,flood
45,788,5, 1 ,S_Image_115.bmp-F_Lure_36.bmp,Hagia Sophia-Penelope Cruz,corpse
45,789,5, 1 ,F_Image_46.bmp-S_Lure_140.bmp,Wayne Rooney-Taj Mahal,snow
45,790,5, 1 ,F_Image_35.bmp-O_Lure_59.bmp,Nikola Sarkozy-Fan,wound
45,791,5, 1 ,F_Image_30.bmp-O_Lure_54.bmp,Meryl Streep-Bicycle,shadow
45,792,5, 1 ,S_Image_123.bmp-O_Lure_93.bmp,Mount Everest-Umbrella,rust
45,793,5, 1 ,O_Image_87.bmp-F_Lure_4.bmp,Stapler-Barack Obama,bubble
45,794,5, 1 ,F_Image_32.bmp-O_Lure_62.bmp,Mick Jagger-FryingPan,steam
45,795,5, 1 ,O_Image_81.bmp-F_Lure_17.bmp,Scale-George Clooney,stripe
45,796,5, 1 ,F_Image_24.bmp-O_Lure_52.bmp,Keanu Reeves-Bed,corner
45,797,5, 1 ,O_Image_60.bmp-S_Lure_122.bmp,Flask-Mont Saint Michel,quake
45,798,5, 1 ,O_Image_60.bmp-S_Lure_122.bmp,Flask-Mont Saint Michel,quake
45,799,5, 1 ,F_Image_35.bmp-O_Lure_59.bmp,Nikola Sarkozy-Fan,wound
45,800,5, 1 ,O_Image_81.bmp-F_Lure_17.bmp,Scale-George Clooney,stripe
45,801,5, 1 ,F_Image_13.bmp-S_Lure_125.bmp,Elton John-Mount Rushmore,marble
45,802,5, 1 ,F_Image_6.bmp-S_Lure_128.bmp,Brad Pitt-Notre Dame,rock
45,803,5, 1 ,S_Image_115.bmp-F_Lure_36.bmp,Hagia Sophia-Penelope Cruz,corpse
45,804,5, 1 ,F_Image_12.bmp-O_Lure_49.bmp,David Beckham-Anchor,sand
45,805,5, 1 ,S_Image_98.bmp-O_Lure_82.bmp,Alcatraz-Scissors,vegetable
45,806,5, 1 ,S_Image_135.bmp-F_Lure_40.bmp,Sahara Desert-Robert De Niro,magnet
45,807,5, 1 ,S_Image_130.bmp-O_Lure_94.bmp,Potala Palace-Watch,orchestra
45,808,5, 1 ,S_Image_115.bmp-F_Lure_36.bmp,Hagia Sophia-Penelope Cruz,corpse
45,809,5, 1 ,F_Image_25.bmp-O_Lure_57.bmp,Leonardo DiCaprio-Brush,paper
45,810,5, 1 ,S_Image_110.bmp-F_Lure_44.bmp,Forbidden City-Tom Hanks,wreck
45,811,5, 1 ,S_Image_143.bmp-O_Lure_84.bmp,Versailles-Skirt,alcohol
45,812,5, 1 ,O_Image_63.bmp-F_Lure_9.bmp,Globe-Charlie Chaplin,wool
45,813,5, 1 ,S_Image_103.bmp-O_Lure_78.bmp,Big Ben-Razor,tourist
45,814,5, 1 ,O_Image_66.bmp-S_Lure_111.bmp,Guitar-Gizeh Pyramids,signal
45,815,5, 1 ,O_Image_77.bmp-F_Lure_5.bmp,Radio-Bill Clinton,arch
45,816,5, 1 ,F_Image_12.bmp-O_Lure_49.bmp,David Beckham-Anchor,sand
45,817,5, 1 ,F_Image_14.bmp-S_Lure_129.bmp,Elvis Presley-Petra,ghost
45,818,5, 1 ,S_Image_137.bmp-F_Lure_47.bmp,Statue Of Liberty-Whoopi Goldberg,spike
45,819,5, 1 ,S_Image_103.bmp-O_Lure_78.bmp,Big Ben-Razor,tourist
45,820,5, 1 ,F_Image_13.bmp-S_Lure_125.bmp,Elton John-Mount Rushmore,marble
45,821,5, 1 ,S_Image_144.bmp-F_Lure_48.bmp,White House-Will Smith,sweat
45,822,5, 1 ,O_Image_96.bmp-S_Lure_117.bmp,Wineglass-Kings College,tube
45,823,5, 1 ,O_Image_89.bmp-S_Lure_113.bmp,Teddybear-Grand Canyon,tail
45,824,5, 1 ,F_Image_41.bmp-O_Lure_50.bmp,Rod Steward-Barbecue,black
45,825,5, 1 ,S_Image_97.bmp-O_Lure_76.bmp,Akropolis-Pillows,animal
45,826,5, 1 ,F_Image_25.bmp-O_Lure_57.bmp,Leonardo DiCaprio-Brush,paper
45,827,5, 1 ,S_Image_143.bmp-O_Lure_84.bmp,Versailles-Skirt,alcohol
45,828,5, 1 ,O_Image_95.bmp-S_Lure_108.bmp,Wheelchair-Dover Cliffs,kiss
45,829,5, 1 ,O_Image_86.bmp-S_Lure_120.bmp,Soother-Machu Picchu,hurricane
45,830,5, 1 ,S_Image_133.bmp-O_Lure_83.bmp,Rialto Bridge-Shoe,tear
45,831,5, 1 ,F_Image_19.bmp-O_Lure_69.bmp,James Dean-Headphones,asphalt
45,832,5, 1 ,O_Image_96.bmp-S_Lure_117.bmp,Wineglass-Kings College,tube
45,833,5, 1 ,S_Image_144.bmp-F_Lure_48.bmp,White House-Will Smith,sweat
45,834,5, 1 ,S_Image_106.bmp-F_Lure_38.bmp,Christ The Redeemer-Queen Elisabeth,fire
45,835,5, 1 ,S_Image_110.bmp-F_Lure_44.bmp,Forbidden City-Tom Hanks,wreck
45,836,5, 1 ,F_Image_32.bmp-O_Lure_62.bmp,Mick Jagger-FryingPan,steam
45,837,5, 1 ,O_Image_70.bmp-S_Lure_121.bmp,Key-Mecca,galaxy
45,838,5, 1 ,S_Image_106.bmp-F_Lure_38.bmp,Christ The Redeemer-Queen Elisabeth,fire
45,839,5, 1 ,F_Image_32.bmp-O_Lure_62.bmp,Mick Jagger-FryingPan,steam
45,840,5, 1 ,F_Image_42.bmp-S_Lure_142.bmp,Scarlett Johansson-Tower Bridge,alien
45,841,5, 1 ,F_Image_33.bmp-S_Lure_131.bmp,Mother Teresa-Rapa Nui,honeymoon
45,842,5, 1 ,O_Image_87.bmp-F_Lure_4.bmp,Stapler-Barack Obama,bubble
45,843,5, 1 ,S_Image_105.bmp-F_Lure_29.bmp,Chichen Itza-Marilyn Monroe,spray
45,844,5, 1 ,S_Image_143.bmp-O_Lure_84.bmp,Versailles-Skirt,alcohol
45,845,5, 1 ,S_Image_133.bmp-O_Lure_83.bmp,Rialto Bridge-Shoe,tear
45,846,5, 1 ,S_Image_101.bmp-O_Lure_92.bmp,Atomium-Trophy,scar
45,847,5, 1 ,S_Image_137.bmp-F_Lure_47.bmp,Statue Of Liberty-Whoopi Goldberg,spike
45,848,5, 1 ,F_Image_39.bmp-S_Lure_134.bmp,Robbie Williams-Sagrada Familia,measles
45,849,5, 1 ,S_Image_101.bmp-O_Lure_92.bmp,Atomium-Trophy,scar
45,850,5, 1 ,O_Image_72.bmp-S_Lure_118.bmp,Lightbulb-Leaning Tower,cone
45,851,5, 1 ,S_Image_98.bmp-O_Lure_82.bmp,Alcatraz-Scissors,vegetable
45,852,5, 1 ,F_Image_14.bmp-S_Lure_129.bmp,Elvis Presley-Petra,ghost
45,853,5, 1 ,F_Image_42.bmp-S_Lure_142.bmp,Scarlett Johansson-Tower Bridge,alien
45,854,5, 1 ,O_Image_66.bmp-S_Lure_111.bmp,Guitar-Gizeh Pyramids,signal
45,855,5, 1 ,S_Image_144.bmp-F_Lure_48.bmp,White House-Will Smith,sweat
45,856,5, 1 ,F_Image_42.bmp-S_Lure_142.bmp,Scarlett Johansson-Tower Bridge,alien
45,857,5, 1 ,S_Image_105.bmp-F_Lure_29.bmp,Chichen Itza-Marilyn Monroe,spray
45,858,5, 1 ,F_Image_42.bmp-S_Lure_142.bmp,Scarlett Johansson-Tower Bridge,alien
45,859,5, 1 ,O_Image_87.bmp-F_Lure_4.bmp,Stapler-Barack Obama,bubble
45,860,5, 1 ,O_Image_66.bmp-S_Lure_111.bmp,Guitar-Gizeh Pyramids,signal
45,861,5, 1 ,S_Image_130.bmp-O_Lure_94.bmp,Potala Palace-Watch,orchestra
45,862,5, 1 ,S_Image_98.bmp-O_Lure_82.bmp,Alcatraz-Scissors,vegetable
45,863,5, 1 ,S_Image_135.bmp-F_Lure_40.bmp,Sahara Desert-Robert De Niro,magnet
45,864,5, 1 ,F_Image_19.bmp-O_Lure_69.bmp,James Dean-Headphones,asphalt
45,865,5, 1 ,F_Image_15.bmp-O_Lure_64.bmp,Fidel Castro-Goggles,fuel
45,866,5, 1 ,F_Image_23.bmp-S_Lure_141.bmp,Julia Roberts-Time Square,hostage
45,867,5, 1 ,O_Image_66.bmp-S_Lure_111.bmp,Guitar-Gizeh Pyramids,signal
45,868,5, 1 ,S_Image_123.bmp-O_Lure_93.bmp,Mount Everest-Umbrella,rust
45,869,5, 1 ,F_Image_6.bmp-S_Lure_128.bmp,Brad Pitt-Notre Dame,rock
45,870,5, 1 ,O_Image_87.bmp-F_Lure_4.bmp,Stapler-Barack Obama,bubble
45,871,5, 1 ,O_Image_81.bmp-F_Lure_17.bmp,Scale-George Clooney,stripe
45,872,5, 1 ,F_Image_24.bmp-O_Lure_52.bmp,Keanu Reeves-Bed,corner
45,873,5, 1 ,O_Image_85.bmp-F_Lure_3.bmp,Sock-Angela Merkel,breakfast
45,874,5, 1 ,O_Image_95.bmp-S_Lure_108.bmp,Wheelchair-Dover Cliffs,kiss
45,875,5, 1 ,O_Image_95.bmp-S_Lure_108.bmp,Wheelchair-Dover Cliffs,kiss
45,876,5, 1 ,S_Image_130.bmp-O_Lure_94.bmp,Potala Palace-Watch,orchestra
45,877,5, 1 ,O_Image_72.bmp-S_Lure_118.bmp,Lightbulb-Leaning Tower,cone
45,878,5, 1 ,S_Image_115.bmp-F_Lure_36.bmp,Hagia Sophia-Penelope Cruz,corpse
45,879,5, 1 ,F_Image_41.bmp-O_Lure_50.bmp,Rod Steward-Barbecue,black
45,880,5, 1 ,S_Image_135.bmp-F_Lure_40.bmp,Sahara Desert-Robert De Niro,magnet
45,881,5, 1 ,O_Image_80.bmp-S_Lure_102.bmp,Rope-Ayers Rock,board
45,882,5, 1 ,S_Image_101.bmp-O_Lure_92.bmp,Atomium-Trophy,scar
45,883,5, 1 ,O_Image_73.bmp-S_Lure_107.bmp,Microscope-Colosseum,harem
45,884,5, 1 ,S_Image_119.bmp-F_Lure_26.bmp,Louvre-Madonna,crumb
45,885,5, 1 ,F_Image_12.bmp-O_Lure_49.bmp,David Beckham-Anchor,sand
45,886,5, 1 ,F_Image_46.bmp-S_Lure_140.bmp,Wayne Rooney-Taj Mahal,snow
45,887,5, 1 ,O_Image_80.bmp-S_Lure_102.bmp,Rope-Ayers Rock,board
45,888,5, 1 ,S_Image_123.bmp-O_Lure_93.bmp,Mount Everest-Umbrella,rust
45,889,5, 1 ,O_Image_58.bmp-F_Lure_2.bmp,Canoe-Amy Winehouse,menu
45,890,5, 1 ,S_Image_103.bmp-O_Lure_78.bmp,Big Ben-Razor,tourist
45,891,5, 1 ,O_Image_85.bmp-F_Lure_3.bmp,Sock-Angela Merkel,breakfast
45,892,5, 1 ,F_Image_46.bmp-S_Lure_140.bmp,Wayne Rooney-Taj Mahal,snow
45,893,5, 1 ,S_Image_97.bmp-O_Lure_76.bmp,Akropolis-Pillows,animal
45,894,5, 1 ,F_Image_41.bmp-O_Lure_50.bmp,Rod Steward-Barbecue,black
45,895,6,1,F_Image_44.bmp-F_Lure_44.bmp,Tom Hanks,wreck
45,896,6,1,O_Image_52.bmp-O_Lure_52.bmp,Bed,corner
45,897,6,1,S_Image_141.bmp-S_Lure_141.bmp,Time Square,hostage
45,898,6,1,F_Image_40.bmp-F_Lure_40.bmp,Robert De Niro,magnet
45,899,6,1,O_Image_76.bmp-O_Lure_76.bmp,Pillows,animal
45,900,6,1,F_Image_47.bmp-F_Lure_47.bmp,Whoopi Goldberg,spike
45,901,6,1,F_Image_10.bmp-F_Lure_10.bmp,Dalai Lama,money
45,902,6,1,S_Image_142.bmp-S_Lure_142.bmp,Tower Bridge,alien
45,903,6,1,S_Image_136.bmp-S_Lure_136.bmp,Sistine Chapel,slope
45,904,6,1,F_Image_5.bmp-F_Lure_5.bmp,Bill Clinton,arch
45,905,6,1,F_Image_43.bmp-F_Lure_43.bmp,Tom Cruise,poison
45,906,6,1,S_Image_128.bmp-S_Lure_128.bmp,Notre Dame,rock
45,907,6,1,O_Image_79.bmp-O_Lure_79.bmp,Remote Control,attack
45,908,6,1,O_Image_64.bmp-O_Lure_64.bmp,Goggles,fuel
45,909,6,1,O_Image_78.bmp-O_Lure_78.bmp,Razor,tourist
45,910,6,1,S_Image_107.bmp-S_Lure_107.bmp,Colosseum,harem
45,911,6,1,O_Image_62.bmp-O_Lure_62.bmp,FryingPan,steam
45,912,6,1,F_Image_27.bmp-F_Lure_27.bmp,Mahadma Gandhi,laundry
45,913,6,1,F_Image_36.bmp-F_Lure_36.bmp,Penelope Cruz,corpse
45,914,6,1,O_Image_75.bmp-O_Lure_75.bmp,Necklace,shell
45,915,6,1,F_Image_8.bmp-F_Lure_8.bmp,Cameron Diaz,triangle
45,916,6,1,F_Image_9.bmp-F_Lure_9.bmp,Charlie Chaplin,wool
45,917,6,1,S_Image_112.bmp-S_Lure_112.bmp,Golden Gate Bridge,giant
45,918,6,1,F_Image_3.bmp-F_Lure_3.bmp,Angela Merkel,breakfast
45,919,6,1,F_Image_11.bmp-F_Lure_11.bmp,Daniel Radcliffe,angel
45,920,6,1,O_Image_94.bmp-O_Lure_94.bmp,Watch,orchestra
45,921,6,1,S_Image_131.bmp-S_Lure_131.bmp,Rapa Nui,honeymoon
45,922,6,1,F_Image_17.bmp-F_Lure_17.bmp,George Clooney,stripe
45,923,6,1,O_Image_88.bmp-O_Lure_88.bmp,Suitcase,costume
45,924,6,1,O_Image_92.bmp-O_Lure_92.bmp,Trophy,scar
45,925,6,1,O_Image_67.bmp-O_Lure_67.bmp,Hammock,arrow
45,926,6,1,S_Image_124.bmp-S_Lure_124.bmp,Mount Fuji,sunshine
45,927,6,1,S_Image_121.bmp-S_Lure_121.bmp,Mecca,galaxy
45,928,6,1,S_Image_138.bmp-S_Lure_138.bmp,Stonehenge,army
45,929,6,1,O_Image_57.bmp-O_Lure_57.bmp,Brush,paper
45,930,6,1,O_Image_65.bmp-O_Lure_65.bmp,GrandPiano,cloud
45,931,6,1,O_Image_82.bmp-O_Lure_82.bmp,Scissors,vegetable
45,932,6,1,F_Image_22.bmp-F_Lure_22.bmp,Judi Dench,antique
45,933,6,1,S_Image_120.bmp-S_Lure_120.bmp,Machu Picchu,hurricane
45,934,6,1,F_Image_16.bmp-F_Lure_16.bmp,George Bush,seed
45,935,6,1,S_Image_134.bmp-S_Lure_134.bmp,Sagrada Familia,measles
45,936,6,1,F_Image_29.bmp-F_Lure_29.bmp,Marilyn Monroe,spray
45,937,6,1,F_Image_48.bmp-F_Lure_48.bmp,Will Smith,sweat
45,938,6,1,S_Image_113.bmp-S_Lure_113.bmp,Grand Canyon,tail
45,939,6,1,F_Image_31.bmp-F_Lure_31.bmp,Michael Jackson,lever
45,940,6,1,S_Image_100.bmp-S_Lure_100.bmp,Angkor Wat,stem
45,941,6,1,F_Image_2.bmp-F_Lure_2.bmp,Amy Winehouse,menu
45,942,6,1,S_Image_117.bmp-S_Lure_117.bmp,Kings College,tube
45,943,6,1,S_Image_102.bmp-S_Lure_102.bmp,Ayers Rock,board
45,944,6,1,S_Image_108.bmp-S_Lure_108.bmp,Dover Cliffs,kiss
45,945,6,1,O_Image_49.bmp-O_Lure_49.bmp,Anchor,sand
45,946,6,1,O_Image_83.bmp-O_Lure_83.bmp,Shoe,tear
45,947,6,1,O_Image_54.bmp-O_Lure_54.bmp,Bicycle,shadow
45,948,6,1,O_Image_69.bmp-O_Lure_69.bmp,Headphones,asphalt
45,949,6,1,O_Image_71.bmp-O_Lure_71.bmp,Ladder,yellow
45,950,6,1,O_Image_93.bmp-O_Lure_93.bmp,Umbrella,rust
45,951,6,1,S_Image_122.bmp-S_Lure_122.bmp,Mont Saint Michel,quake
45,952,6,1,O_Image_84.bmp-O_Lure_84.bmp,Skirt,alcohol
45,953,6,1,S_Image_111.bmp-S_Lure_111.bmp,Gizeh Pyramids,signal
45,954,6,1,S_Image_132.bmp-S_Lure_132.bmp,Red Square,flood
45,955,6,1,F_Image_18.bmp-F_Lure_18.bmp,Jack Nicholson,witch
45,956,6,1,O_Image_68.bmp-O_Lure_68.bmp,Hat,drizzle
45,957,6,1,S_Image_129.bmp-S_Lure_129.bmp,Petra,ghost
45,958,6,1,F_Image_38.bmp-F_Lure_38.bmp,Queen Elisabeth,fire
45,959,6,1,O_Image_59.bmp-O_Lure_59.bmp,Fan,wound
45,960,6,1,F_Image_4.bmp-F_Lure_4.bmp,Barack Obama,bubble
45,961,6,1,S_Image_118.bmp-S_Lure_118.bmp,Leaning Tower,cone
45,962,6,1,S_Image_125.bmp-S_Lure_125.bmp,Mount Rushmore,marble
45,963,6,1,S_Image_140.bmp-S_Lure_140.bmp,Taj Mahal,snow
45,964,6,1,O_Image_50.bmp-O_Lure_50.bmp,Barbecue,black
45,965,6,1,F_Image_26.bmp-F_Lure_26.bmp,Madonna,crumb
45,966,6,1,F_Image_7.bmp-F_Lure_7.bmp,Britney Spears,water
45,967,6,1,S_Image_123.bmp-S_Lure_123.bmp,Mount Everest,rust
45,968,6,1,O_Image_72.bmp-O_Lure_72.bmp,Lightbulb,cone
45,969,6,1,S_Image_103.bmp-S_Lure_103.bmp,Big Ben,tourist
45,970,6,1,O_Image_53.bmp-O_Lure_53.bmp,Belt,angel
45,971,6,1,S_Image_97.bmp-S_Lure_97.bmp,Akropolis,animal
45,972,6,1,O_Image_77.bmp-O_Lure_77.bmp,Radio,arch
45,973,6,1,S_Image_127.bmp-S_Lure_127.bmp,Niagara Falls,shell
45,974,6,1,S_Image_135.bmp-S_Lure_135.bmp,Sahara Desert,magnet
45,975,6,1,F_Image_6.bmp-F_Lure_6.bmp,Brad Pitt,rock
45,976,6,1,F_Image_41.bmp-F_Lure_41.bmp,Rod Steward,black
45,977,6,1,S_Image_110.bmp-S_Lure_110.bmp,Forbidden City,wreck
45,978,6,1,F_Image_23.bmp-F_Lure_23.bmp,Julia Roberts,hostage
45,979,6,1,O_Image_91.bmp-O_Lure_91.bmp,Torch,giant
45,980,6,1,F_Image_28.bmp-F_Lure_28.bmp,Margaret Thatcher,drizzle
45,981,6,1,F_Image_46.bmp-F_Lure_46.bmp,Wayne Rooney,snow
45,982,6,1,O_Image_58.bmp-O_Lure_58.bmp,Canoe,menu
45,983,6,1,O_Image_61.bmp-O_Lure_61.bmp,Football,stem
45,984,6,1,O_Image_81.bmp-O_Lure_81.bmp,Scale,stripe
45,985,6,1,S_Image_98.bmp-S_Lure_98.bmp,Alcatraz,vegetable
45,986,6,1,F_Image_34.bmp-F_Lure_34.bmp,Nelson Mandela,flood
45,987,6,1,O_Image_90.bmp-O_Lure_90.bmp,Telephone,money
45,988,6,1,O_Image_89.bmp-O_Lure_89.bmp,Teddybear,tail
45,989,6,1,F_Image_20.bmp-F_Lure_20.bmp,Jennifer Lopez,slope
45,990,6,1,O_Image_60.bmp-O_Lure_60.bmp,Flask,quake
45,991,6,1,O_Image_80.bmp-O_Lure_80.bmp,Rope,board
45,992,6,1,F_Image_24.bmp-F_Lure_24.bmp,Keanu Reeves,corner
45,993,6,1,S_Image_99.bmp-S_Lure_99.bmp,Alhambra,costume
45,994,6,1,O_Image_51.bmp-O_Lure_51.bmp,Basket,triangle
45,995,6,1,F_Image_37.bmp-F_Lure_37.bmp,Pierce Brosnan,arrow
45,996,6,1,O_Image_63.bmp-O_Lure_63.bmp,Globe,wool
45,997,6,1,S_Image_114.bmp-S_Lure_114.bmp,Great Wall,lever
45,998,6,1,F_Image_1.bmp-F_Lure_1.bmp,Albert Einstein,cloud
45,999,6,1,S_Image_116.bmp-S_Lure_116.bmp,Hollywood Sign,attack
45,1000,6,1,O_Image_66.bmp-O_Lure_66.bmp,Guitar,signal
45,1001,6,1,O_Image_95.bmp-O_Lure_95.bmp,Wheelchair,kiss
45,1002,6,1,S_Image_126.bmp-S_Lure_126.bmp,Neu schwanstein Castle,laundry
45,1003,6,1,F_Image_12.bmp-F_Lure_12.bmp,David Beckham,sand
45,1004,6,1,O_Image_86.bmp-O_Lure_86.bmp,Soother,hurricane
45,1005,6,1,O_Image_85.bmp-O_Lure_85.bmp,Sock,breakfast
45,1006,6,1,F_Image_25.bmp-F_Lure_25.bmp,Leonardo DiCaprio,paper
45,1007,6,1,F_Image_45.bmp-F_Lure_45.bmp,Tony Blair,army
45,1008,6,1,F_Image_33.bmp-F_Lure_33.bmp,Mother Teresa,honeymoon
45,1009,6,1,S_Image_101.bmp-S_Lure_101.bmp,Atomium,scar
45,1010,6,1,O_Image_70.bmp-O_Lure_70.bmp,Key,galaxy
45,1011,6,1,F_Image_21.bmp-F_Lure_21.bmp,John Lennon,sunshine
45,1012,6,1,F_Image_39.bmp-F_Lure_39.bmp,Robbie Williams,measles
45,1013,6,1,S_Image_104.bmp-S_Lure_104.bmp,Brandenburg Gate,antique
45,1014,6,1,S_Image_119.bmp-S_Lure_119.bmp,Louvre,crumb
45,1015,6,1,S_Image_137.bmp-S_Lure_137.bmp,Statue Of Liberty,spike
45,1016,6,1,S_Image_115.bmp-S_Lure_115.bmp,Hagia Sophia,corpse
45,1017,6,1,S_Image_139.bmp-S_Lure_139.bmp,Sydney Opera,yellow
45,1018,6,1,O_Image_56.bmp-O_Lure_56.bmp,Broom,seed
45,1019,6,1,F_Image_35.bmp-F_Lure_35.bmp,Nikola Sarkozy,wound
45,1020,6,1,S_Image_130.bmp-S_Lure_130.bmp,Potala Palace,orchestra
45,1021,6,1,O_Image_74.bmp-O_Lure_74.bmp,Mirror,water
45,1022,6,1,F_Image_14.bmp-F_Lure_14.bmp,Elvis Presley,ghost
45,1023,6,1,O_Image_55.bmp-O_Lure_55.bmp,Binoculars,witch
45,1024,6,1,S_Image_106.bmp-S_Lure_106.bmp,Christ The Redeemer,fire
45,1025,6,1,F_Image_32.bmp-F_Lure_32.bmp,Mick Jagger,steam
45,1026,6,1,F_Image_42.bmp-F_Lure_42.bmp,Scarlett Johansson,alien
45,1027,6,1,O_Image_73.bmp-O_Lure_73.bmp,Microscope,harem
45,1028,6,1,S_Image_133.bmp-S_Lure_133.bmp,Rialto Bridge,tear
45,1029,6,1,S_Image_105.bmp-S_Lure_105.bmp,Chichen Itza,spray
45,1030,6,1,F_Image_13.bmp-F_Lure_13.bmp,Elton John,marble
45,1031,6,1,O_Image_96.bmp-O_Lure_96.bmp,Wineglass,tube
45,1032,6,1,S_Image_144.bmp-S_Lure_144.bmp,White House,sweat
45,1033,6,1,F_Image_15.bmp-F_Lure_15.bmp,Fidel Castro,fuel
45,1034,6,1,F_Image_19.bmp-F_Lure_19.bmp,James Dean,asphalt
45,1035,6,1,O_Image_87.bmp-O_Lure_87.bmp,Stapler,bubble
45,1036,6,1,F_Image_30.bmp-F_Lure_30.bmp,Meryl Streep,shadow
45,1037,6,1,S_Image_109.bmp-S_Lure_109.bmp,Eiffel Tower,poison
45,1038,6,1,S_Image_143.bmp-S_Lure_143.bmp,Versailles,alcohol
