14,Trial,Cond,Block,ImageFiles,Labels,Cues
14,1,1,1,O_Lure_60.bmp,Flask,NaN
14,2,1,1,F_Lure_13.bmp,Elton John,NaN
14,3,1,1,F_Image_36.bmp,Penelope Cruz,NaN
14,4,1,1,S_Lure_103.bmp,Big Ben,NaN
14,5,1,1,F_Lure_29.bmp,Marilyn Monroe,NaN
14,6,1,1,O_Image_82.bmp,Scissors,NaN
14,7,1,1,F_Lure_32.bmp,Mick Jagger,NaN
14,8,1,1,S_Image_115.bmp,Hagia Sophia,NaN
14,9,1,1,S_Lure_108.bmp,Dover Cliffs,NaN
14,10,1,1,S_Lure_134.bmp,Sagrada Familia,NaN
14,11,1,1,F_Lure_6.bmp,Brad Pitt,NaN
14,12,1,1,S_Lure_135.bmp,Sahara Desert,NaN
14,13,1,1,S_Lure_130.bmp,Potala Palace,NaN
14,14,1,1,F_Lure_40.bmp,Robert De Niro,NaN
14,15,1,1,S_Image_119.bmp,Louvre,NaN
14,16,1,1,O_Lure_55.bmp,Binoculars,NaN
14,17,1,1,S_Image_134.bmp,Sagrada Familia,NaN
14,18,1,1,O_Image_61.bmp,Football,NaN
14,19,1,1,F_Lure_37.bmp,Pierce Brosnan,NaN
14,20,1,1,S_Lure_143.bmp,Versailles,NaN
14,21,1,1,F_Image_35.bmp,Nikola Sarkozy,NaN
14,22,1,1,S_Image_141.bmp,Time Square,NaN
14,23,1,1,F_Lure_24.bmp,Keanu Reeves,NaN
14,24,1,1,O_Lure_63.bmp,Globe,NaN
14,25,1,1,S_Image_97.bmp,Akropolis,NaN
14,26,1,1,S_Image_106.bmp,Christ The Redeemer,NaN
14,27,1,1,O_Lure_67.bmp,Hammock,NaN
14,28,1,1,O_Image_92.bmp,Trophy,NaN
14,29,1,1,S_Lure_107.bmp,Colosseum,NaN
14,30,1,1,O_Lure_50.bmp,Barbecue,NaN
14,31,1,1,S_Image_120.bmp,Machu Picchu,NaN
14,32,1,1,S_Image_113.bmp,Grand Canyon,NaN
14,33,1,1,S_Image_104.bmp,Brandenburg Gate,NaN
14,34,1,1,S_Lure_136.bmp,Sistine Chapel,NaN
14,35,1,1,F_Lure_38.bmp,Queen Elisabeth,NaN
14,36,1,1,F_Lure_39.bmp,Robbie Williams,NaN
14,37,1,1,O_Lure_69.bmp,Headphones,NaN
14,38,1,1,F_Lure_10.bmp,Dalai Lama,NaN
14,39,1,1,F_Lure_25.bmp,Leonardo DiCaprio,NaN
14,40,1,1,F_Lure_46.bmp,Wayne Rooney,NaN
14,41,1,1,O_Image_52.bmp,Bed,NaN
14,42,1,1,S_Lure_124.bmp,Mount Fuji,NaN
14,43,1,1,S_Lure_119.bmp,Louvre,NaN
14,44,1,1,F_Image_47.bmp,Whoopi Goldberg,NaN
14,45,1,1,O_Lure_82.bmp,Scissors,NaN
14,46,1,1,S_Lure_132.bmp,Red Square,NaN
14,47,1,1,F_Lure_43.bmp,Tom Cruise,NaN
14,48,1,1,F_Lure_28.bmp,Margaret Thatcher,NaN
14,49,1,1,S_Image_102.bmp,Ayers Rock,NaN
14,50,1,1,O_Image_50.bmp,Barbecue,NaN
14,51,1,1,F_Image_6.bmp,Brad Pitt,NaN
14,52,1,1,S_Lure_105.bmp,Chichen Itza,NaN
14,53,1,1,F_Lure_26.bmp,Madonna,NaN
14,54,1,1,S_Lure_142.bmp,Tower Bridge,NaN
14,55,1,1,O_Lure_92.bmp,Trophy,NaN
14,56,1,1,O_Image_72.bmp,Lightbulb,NaN
14,57,1,1,F_Image_16.bmp,George Bush,NaN
14,58,1,1,O_Lure_66.bmp,Guitar,NaN
14,59,1,1,F_Image_3.bmp,Angela Merkel,NaN
14,60,1,1,O_Image_75.bmp,Necklace,NaN
14,61,1,1,S_Lure_131.bmp,Rapa Nui,NaN
14,62,1,1,S_Image_117.bmp,Kings College,NaN
14,63,1,1,F_Image_15.bmp,Fidel Castro,NaN
14,64,1,1,O_Image_74.bmp,Mirror,NaN
14,65,1,1,O_Lure_94.bmp,Watch,NaN
14,66,1,1,S_Lure_106.bmp,Christ The Redeemer,NaN
14,67,1,1,O_Image_70.bmp,Key,NaN
14,68,1,1,O_Image_69.bmp,Headphones,NaN
14,69,1,1,S_Image_126.bmp,Neu schwanstein Castle,NaN
14,70,1,1,F_Lure_45.bmp,Tony Blair,NaN
14,71,1,1,O_Image_90.bmp,Telephone,NaN
14,72,1,1,O_Image_66.bmp,Guitar,NaN
14,73,1,1,F_Lure_30.bmp,Meryl Streep,NaN
14,74,1,1,F_Lure_5.bmp,Bill Clinton,NaN
14,75,1,1,O_Image_67.bmp,Hammock,NaN
14,76,1,1,S_Lure_133.bmp,Rialto Bridge,NaN
14,77,1,1,S_Lure_97.bmp,Akropolis,NaN
14,78,1,1,S_Image_99.bmp,Alhambra,NaN
14,79,1,1,O_Image_79.bmp,Remote Control,NaN
14,80,1,1,O_Image_85.bmp,Sock,NaN
14,81,1,1,O_Image_87.bmp,Stapler,NaN
14,82,1,1,S_Image_131.bmp,Rapa Nui,NaN
14,83,1,1,S_Lure_104.bmp,Brandenburg Gate,NaN
14,84,1,1,O_Image_71.bmp,Ladder,NaN
14,85,1,1,F_Image_18.bmp,Jack Nicholson,NaN
14,86,1,1,O_Lure_51.bmp,Basket,NaN
14,87,1,1,S_Lure_125.bmp,Mount Rushmore,NaN
14,88,1,1,O_Lure_53.bmp,Belt,NaN
14,89,1,1,O_Lure_57.bmp,Brush,NaN
14,90,1,1,S_Image_116.bmp,Hollywood Sign,NaN
14,91,1,1,F_Lure_41.bmp,Rod Steward,NaN
14,92,1,1,O_Image_94.bmp,Watch,NaN
14,93,1,1,O_Lure_84.bmp,Skirt,NaN
14,94,1,1,F_Image_5.bmp,Bill Clinton,NaN
14,95,1,1,O_Image_54.bmp,Bicycle,NaN
14,96,1,1,O_Image_60.bmp,Flask,NaN
14,97,1,1,F_Lure_8.bmp,Cameron Diaz,NaN
14,98,1,1,O_Lure_52.bmp,Bed,NaN
14,99,1,1,S_Image_118.bmp,Leaning Tower,NaN
14,100,1,1,O_Image_84.bmp,Skirt,NaN
14,101,1,1,O_Lure_89.bmp,Teddybear,NaN
14,102,1,1,O_Image_77.bmp,Radio,NaN
14,103,1,1,S_Lure_126.bmp,Neu schwanstein Castle,NaN
14,104,1,1,S_Image_114.bmp,Great Wall,NaN
14,105,1,1,S_Lure_101.bmp,Atomium,NaN
14,106,1,1,F_Lure_21.bmp,John Lennon,NaN
14,107,1,1,O_Lure_59.bmp,Fan,NaN
14,108,1,1,S_Lure_122.bmp,Mont Saint Michel,NaN
14,109,1,1,S_Image_127.bmp,Niagara Falls,NaN
14,110,1,1,F_Image_22.bmp,Judi Dench,NaN
14,111,1,1,F_Image_34.bmp,Nelson Mandela,NaN
14,112,1,1,O_Image_68.bmp,Hat,NaN
14,113,1,1,S_Lure_141.bmp,Time Square,NaN
14,114,1,1,O_Image_58.bmp,Canoe,NaN
14,115,1,1,S_Image_105.bmp,Chichen Itza,NaN
14,116,1,1,O_Lure_91.bmp,Torch,NaN
14,117,1,1,O_Image_62.bmp,FryingPan,NaN
14,118,1,1,F_Lure_12.bmp,David Beckham,NaN
14,119,1,1,F_Image_11.bmp,Daniel Radcliffe,NaN
14,120,1,1,S_Image_101.bmp,Atomium,NaN
14,121,1,1,O_Lure_81.bmp,Scale,NaN
14,122,1,1,F_Image_26.bmp,Madonna,NaN
14,123,1,1,F_Lure_7.bmp,Britney Spears,NaN
14,124,1,1,S_Image_135.bmp,Sahara Desert,NaN
14,125,1,1,O_Image_51.bmp,Basket,NaN
14,126,1,1,O_Image_63.bmp,Globe,NaN
14,127,1,1,O_Image_57.bmp,Brush,NaN
14,128,1,1,S_Image_123.bmp,Mount Everest,NaN
14,129,1,1,F_Lure_16.bmp,George Bush,NaN
14,130,1,1,F_Lure_35.bmp,Nikola Sarkozy,NaN
14,131,1,1,O_Image_73.bmp,Microscope,NaN
14,132,1,1,O_Lure_71.bmp,Ladder,NaN
14,133,1,1,O_Image_96.bmp,Wineglass,NaN
14,134,1,1,F_Lure_47.bmp,Whoopi Goldberg,NaN
14,135,1,1,O_Image_56.bmp,Broom,NaN
14,136,1,1,O_Image_93.bmp,Umbrella,NaN
14,137,1,1,S_Lure_117.bmp,Kings College,NaN
14,138,1,1,S_Lure_138.bmp,Stonehenge,NaN
14,139,1,1,O_Lure_49.bmp,Anchor,NaN
14,140,1,1,O_Lure_85.bmp,Sock,NaN
14,141,1,1,O_Lure_74.bmp,Mirror,NaN
14,142,1,1,F_Image_30.bmp,Meryl Streep,NaN
14,143,1,1,O_Image_53.bmp,Belt,NaN
14,144,1,1,F_Lure_9.bmp,Charlie Chaplin,NaN
14,145,1,1,S_Lure_111.bmp,Gizeh Pyramids,NaN
14,146,1,1,F_Lure_17.bmp,George Clooney,NaN
14,147,1,1,O_Lure_83.bmp,Shoe,NaN
14,148,1,1,S_Image_107.bmp,Colosseum,NaN
14,149,1,1,S_Lure_113.bmp,Grand Canyon,NaN
14,150,1,1,F_Lure_15.bmp,Fidel Castro,NaN
14,151,1,1,F_Image_42.bmp,Scarlett Johansson,NaN
14,152,1,1,F_Image_12.bmp,David Beckham,NaN
14,153,1,1,S_Image_133.bmp,Rialto Bridge,NaN
14,154,1,1,F_Lure_22.bmp,Judi Dench,NaN
14,155,1,1,O_Image_95.bmp,Wheelchair,NaN
14,156,1,1,F_Lure_36.bmp,Penelope Cruz,NaN
14,157,1,1,O_Lure_93.bmp,Umbrella,NaN
14,158,1,1,O_Lure_78.bmp,Razor,NaN
14,159,1,1,S_Lure_109.bmp,Eiffel Tower,NaN
14,160,1,1,F_Lure_34.bmp,Nelson Mandela,NaN
14,161,1,1,F_Image_23.bmp,Julia Roberts,NaN
14,162,1,1,S_Image_129.bmp,Petra,NaN
14,163,1,1,F_Image_21.bmp,John Lennon,NaN
14,164,1,1,F_Image_28.bmp,Margaret Thatcher,NaN
14,165,1,1,S_Lure_112.bmp,Golden Gate Bridge,NaN
14,166,1,1,F_Image_9.bmp,Charlie Chaplin,NaN
14,167,1,1,S_Image_121.bmp,Mecca,NaN
14,168,1,1,S_Lure_118.bmp,Leaning Tower,NaN
14,169,1,1,F_Image_45.bmp,Tony Blair,NaN
14,170,1,1,F_Image_29.bmp,Marilyn Monroe,NaN
14,171,1,1,F_Image_20.bmp,Jennifer Lopez,NaN
14,172,1,1,S_Image_98.bmp,Alcatraz,NaN
14,173,1,1,S_Image_144.bmp,White House,NaN
14,174,1,1,O_Lure_58.bmp,Canoe,NaN
14,175,1,1,S_Lure_128.bmp,Notre Dame,NaN
14,176,1,1,F_Image_33.bmp,Mother Teresa,NaN
14,177,1,1,F_Lure_4.bmp,Barack Obama,NaN
14,178,1,1,F_Lure_19.bmp,James Dean,NaN
14,179,1,1,S_Lure_139.bmp,Sydney Opera,NaN
14,180,1,1,F_Image_24.bmp,Keanu Reeves,NaN
14,181,1,1,F_Image_17.bmp,George Clooney,NaN
14,182,1,1,S_Image_122.bmp,Mont Saint Michel,NaN
14,183,1,1,O_Lure_64.bmp,Goggles,NaN
14,184,1,1,F_Image_10.bmp,Dalai Lama,NaN
14,185,1,1,S_Image_143.bmp,Versailles,NaN
14,186,1,1,F_Image_40.bmp,Robert De Niro,NaN
14,187,1,1,O_Lure_68.bmp,Hat,NaN
14,188,1,1,S_Image_136.bmp,Sistine Chapel,NaN
14,189,1,1,F_Lure_23.bmp,Julia Roberts,NaN
14,190,1,1,O_Lure_79.bmp,Remote Control,NaN
14,191,1,1,O_Image_78.bmp,Razor,NaN
14,192,1,1,S_Lure_140.bmp,Taj Mahal,NaN
14,193,1,1,O_Image_83.bmp,Shoe,NaN
14,194,1,1,F_Lure_1.bmp,Albert Einstein,NaN
14,195,1,1,O_Image_59.bmp,Fan,NaN
14,196,1,1,O_Image_49.bmp,Anchor,NaN
14,197,1,1,F_Image_27.bmp,Mahadma Gandhi,NaN
14,198,1,1,F_Image_2.bmp,Amy Winehouse,NaN
14,199,1,1,F_Lure_48.bmp,Will Smith,NaN
14,200,1,1,O_Image_88.bmp,Suitcase,NaN
14,201,1,1,F_Image_19.bmp,James Dean,NaN
14,202,1,1,F_Lure_2.bmp,Amy Winehouse,NaN
14,203,1,1,O_Lure_54.bmp,Bicycle,NaN
14,204,1,1,O_Lure_90.bmp,Telephone,NaN
14,205,1,1,O_Lure_88.bmp,Suitcase,NaN
14,206,1,1,O_Lure_95.bmp,Wheelchair,NaN
14,207,1,1,O_Lure_61.bmp,Football,NaN
14,208,1,1,S_Image_109.bmp,Eiffel Tower,NaN
14,209,1,1,S_Lure_129.bmp,Petra,NaN
14,210,1,1,S_Image_137.bmp,Statue Of Liberty,NaN
14,211,1,1,S_Lure_114.bmp,Great Wall,NaN
14,212,1,1,S_Image_100.bmp,Angkor Wat,NaN
14,213,1,1,S_Lure_99.bmp,Alhambra,NaN
14,214,1,1,S_Lure_100.bmp,Angkor Wat,NaN
14,215,1,1,O_Image_55.bmp,Binoculars,NaN
14,216,1,1,F_Image_1.bmp,Albert Einstein,NaN
14,217,1,1,S_Lure_120.bmp,Machu Picchu,NaN
14,218,1,1,F_Lure_42.bmp,Scarlett Johansson,NaN
14,219,1,1,S_Image_112.bmp,Golden Gate Bridge,NaN
14,220,1,1,F_Lure_18.bmp,Jack Nicholson,NaN
14,221,1,1,S_Image_103.bmp,Big Ben,NaN
14,222,1,1,F_Image_43.bmp,Tom Cruise,NaN
14,223,1,1,O_Lure_87.bmp,Stapler,NaN
14,224,1,1,S_Image_128.bmp,Notre Dame,NaN
14,225,1,1,F_Image_39.bmp,Robbie Williams,NaN
14,226,1,1,S_Image_138.bmp,Stonehenge,NaN
14,227,1,1,S_Lure_137.bmp,Statue Of Liberty,NaN
14,228,1,1,O_Image_91.bmp,Torch,NaN
14,229,1,1,O_Lure_80.bmp,Rope,NaN
14,230,1,1,F_Lure_33.bmp,Mother Teresa,NaN
14,231,1,1,S_Lure_98.bmp,Alcatraz,NaN
14,232,1,1,F_Lure_14.bmp,Elvis Presley,NaN
14,233,1,1,O_Image_64.bmp,Goggles,NaN
14,234,1,1,S_Image_111.bmp,Gizeh Pyramids,NaN
14,235,1,1,O_Lure_70.bmp,Key,NaN
14,236,1,1,O_Image_89.bmp,Teddybear,NaN
14,237,1,1,O_Lure_76.bmp,Pillows,NaN
14,238,1,1,O_Image_76.bmp,Pillows,NaN
14,239,1,1,O_Lure_73.bmp,Microscope,NaN
14,240,1,1,O_Lure_56.bmp,Broom,NaN
14,241,1,1,F_Image_7.bmp,Britney Spears,NaN
14,242,1,1,S_Image_132.bmp,Red Square,NaN
14,243,1,1,O_Lure_86.bmp,Soother,NaN
14,244,1,1,O_Lure_65.bmp,GrandPiano,NaN
14,245,1,1,F_Image_46.bmp,Wayne Rooney,NaN
14,246,1,1,O_Image_80.bmp,Rope,NaN
14,247,1,1,F_Lure_11.bmp,Daniel Radcliffe,NaN
14,248,1,1,F_Lure_3.bmp,Angela Merkel,NaN
14,249,1,1,F_Lure_31.bmp,Michael Jackson,NaN
14,250,1,1,F_Image_44.bmp,Tom Hanks,NaN
14,251,1,1,S_Lure_102.bmp,Ayers Rock,NaN
14,252,1,1,S_Image_139.bmp,Sydney Opera,NaN
14,253,1,1,S_Image_124.bmp,Mount Fuji,NaN
14,254,1,1,O_Image_86.bmp,Soother,NaN
14,255,1,1,O_Lure_72.bmp,Lightbulb,NaN
14,256,1,1,F_Image_37.bmp,Pierce Brosnan,NaN
14,257,1,1,O_Lure_75.bmp,Necklace,NaN
14,258,1,1,O_Image_81.bmp,Scale,NaN
14,259,1,1,S_Lure_123.bmp,Mount Everest,NaN
14,260,1,1,S_Lure_121.bmp,Mecca,NaN
14,261,1,1,S_Lure_127.bmp,Niagara Falls,NaN
14,262,1,1,S_Image_130.bmp,Potala Palace,NaN
14,263,1,1,F_Lure_27.bmp,Mahadma Gandhi,NaN
14,264,1,1,F_Image_13.bmp,Elton John,NaN
14,265,1,1,F_Lure_44.bmp,Tom Hanks,NaN
14,266,1,1,S_Image_110.bmp,Forbidden City,NaN
14,267,1,1,F_Image_32.bmp,Mick Jagger,NaN
14,268,1,1,F_Image_31.bmp,Michael Jackson,NaN
14,269,1,1,F_Image_4.bmp,Barack Obama,NaN
14,270,1,1,S_Image_140.bmp,Taj Mahal,NaN
14,271,1,1,F_Image_25.bmp,Leonardo DiCaprio,NaN
14,272,1,1,O_Lure_77.bmp,Radio,NaN
14,273,1,1,F_Image_41.bmp,Rod Steward,NaN
14,274,1,1,S_Lure_116.bmp,Hollywood Sign,NaN
14,275,1,1,O_Image_65.bmp,GrandPiano,NaN
14,276,1,1,S_Image_125.bmp,Mount Rushmore,NaN
14,277,1,1,S_Image_108.bmp,Dover Cliffs,NaN
14,278,1,1,F_Image_48.bmp,Will Smith,NaN
14,279,1,1,F_Image_14.bmp,Elvis Presley,NaN
14,280,1,1,F_Lure_20.bmp,Jennifer Lopez,NaN
14,281,1,1,S_Image_142.bmp,Tower Bridge,NaN
14,282,1,1,O_Lure_62.bmp,FryingPan,NaN
14,283,1,1,O_Lure_96.bmp,Wineglass,NaN
14,284,1,1,F_Image_38.bmp,Queen Elisabeth,NaN
14,285,1,1,F_Image_8.bmp,Cameron Diaz,NaN
14,286,1,1,S_Lure_115.bmp,Hagia Sophia,NaN
14,287,1,1,S_Lure_110.bmp,Forbidden City,NaN
14,288,1,1,S_Lure_144.bmp,White House,NaN
14,289,1,1,F_Lure_13.bmp,Elton John,NaN
14,290,1,1,S_Image_115.bmp,Hagia Sophia,NaN
14,291,1,1,S_Lure_108.bmp,Dover Cliffs,NaN
14,292,1,1,S_Lure_134.bmp,Sagrada Familia,NaN
14,293,1,1,S_Lure_130.bmp,Potala Palace,NaN
14,294,1,1,S_Image_134.bmp,Sagrada Familia,NaN
14,295,1,1,S_Lure_143.bmp,Versailles,NaN
14,296,1,1,F_Image_35.bmp,Nikola Sarkozy,NaN
14,297,1,1,F_Lure_39.bmp,Robbie Williams,NaN
14,298,1,1,F_Lure_46.bmp,Wayne Rooney,NaN
14,299,1,1,F_Lure_28.bmp,Margaret Thatcher,NaN
14,300,1,1,S_Image_102.bmp,Ayers Rock,NaN
14,301,1,1,F_Lure_26.bmp,Madonna,NaN
14,302,1,1,S_Lure_142.bmp,Tower Bridge,NaN
14,303,1,1,F_Image_3.bmp,Angela Merkel,NaN
14,304,1,1,S_Lure_131.bmp,Rapa Nui,NaN
14,305,1,1,F_Image_15.bmp,Fidel Castro,NaN
14,306,1,1,S_Image_126.bmp,Neu schwanstein Castle,NaN
14,307,1,1,F_Lure_45.bmp,Tony Blair,NaN
14,308,1,1,S_Lure_133.bmp,Rialto Bridge,NaN
14,309,1,1,S_Image_99.bmp,Alhambra,NaN
14,310,1,1,S_Image_131.bmp,Rapa Nui,NaN
14,311,1,1,F_Lure_41.bmp,Rod Steward,NaN
14,312,1,1,O_Image_77.bmp,Radio,NaN
14,313,1,1,S_Lure_126.bmp,Neu schwanstein Castle,NaN
14,314,1,1,S_Lure_101.bmp,Atomium,NaN
14,315,1,1,S_Lure_122.bmp,Mont Saint Michel,NaN
14,316,1,1,S_Image_101.bmp,Atomium,NaN
14,317,1,1,F_Image_26.bmp,Madonna,NaN
14,318,1,1,S_Image_135.bmp,Sahara Desert,NaN
14,319,1,1,F_Lure_35.bmp,Nikola Sarkozy,NaN
14,320,1,1,F_Image_30.bmp,Meryl Streep,NaN
14,321,1,1,F_Lure_15.bmp,Fidel Castro,NaN
14,322,1,1,F_Image_12.bmp,David Beckham,NaN
14,323,1,1,S_Image_133.bmp,Rialto Bridge,NaN
14,324,1,1,S_Image_129.bmp,Petra,NaN
14,325,1,1,F_Image_28.bmp,Margaret Thatcher,NaN
14,326,1,1,S_Image_121.bmp,Mecca,NaN
14,327,1,1,S_Lure_118.bmp,Leaning Tower,NaN
14,328,1,1,F_Image_45.bmp,Tony Blair,NaN
14,329,1,1,F_Image_33.bmp,Mother Teresa,NaN
14,330,1,1,F_Lure_19.bmp,James Dean,NaN
14,331,1,1,S_Image_122.bmp,Mont Saint Michel,NaN
14,332,1,1,F_Image_10.bmp,Dalai Lama,NaN
14,333,1,1,F_Image_2.bmp,Amy Winehouse,NaN
14,334,1,1,F_Lure_2.bmp,Amy Winehouse,NaN
14,335,1,1,S_Lure_129.bmp,Petra,NaN
14,336,1,1,S_Image_100.bmp,Angkor Wat,NaN
14,337,1,1,S_Lure_99.bmp,Alhambra,NaN
14,338,1,1,S_Lure_100.bmp,Angkor Wat,NaN
14,339,1,1,S_Lure_120.bmp,Machu Picchu,NaN
14,340,1,1,F_Lure_42.bmp,Scarlett Johansson,NaN
14,341,1,1,F_Image_39.bmp,Robbie Williams,NaN
14,342,1,1,O_Image_91.bmp,Torch,NaN
14,343,1,1,F_Lure_33.bmp,Mother Teresa,NaN
14,344,1,1,F_Lure_14.bmp,Elvis Presley,NaN
14,345,1,1,S_Image_132.bmp,Red Square,NaN
14,346,1,1,F_Image_46.bmp,Wayne Rooney,NaN
14,347,1,1,F_Lure_3.bmp,Angela Merkel,NaN
14,348,1,1,S_Lure_102.bmp,Ayers Rock,NaN
14,349,1,1,S_Image_124.bmp,Mount Fuji,NaN
14,350,1,1,S_Lure_121.bmp,Mecca,NaN
14,351,1,1,S_Image_130.bmp,Potala Palace,NaN
14,352,1,1,F_Image_32.bmp,Mick Jagger,NaN
14,353,1,1,O_Lure_77.bmp,Radio,NaN
14,354,1,1,F_Image_41.bmp,Rod Steward,NaN
14,355,1,1,S_Image_108.bmp,Dover Cliffs,NaN
14,356,1,1,F_Lure_20.bmp,Jennifer Lopez,NaN
14,357,1,1,S_Image_142.bmp,Tower Bridge,NaN
14,358,1,1,F_Image_8.bmp,Cameron Diaz,NaN
14,359,1,1,S_Lure_115.bmp,Hagia Sophia,NaN
14,360,1.5,1,S_Image_98.bmp,Alcatraz,snow
14,361,1.5,1,O_Image_66.bmp,Guitar,corner
14,362,1.5,1,F_Image_44.bmp,Tom Hanks,wreck
14,363,1.5,1,O_Image_56.bmp,Broom,board
14,364,1.5,1,F_Image_17.bmp,George Clooney,crumb
14,365,1.5,1,O_Image_57.bmp,Brush,ghost
14,366,1.5,1,S_Image_116.bmp,Hollywood Sign,hurricane
14,367,1.5,1,S_Image_117.bmp,Kings College,stem
14,368,1.5,1,S_Image_126.bmp,Neu schwanstein Castle,antique
14,369,1.5,1,S_Image_131.bmp,Rapa Nui,tube
14,370,1.5,1,O_Image_79.bmp,Remote Control,tear
14,371,1.5,1,S_Image_102.bmp,Ayers Rock,honeymoon
14,372,1.5,1,O_Image_67.bmp,Hammock,attack
14,373,1.5,1,S_Image_124.bmp,Mount Fuji,animal
14,374,1.5,1,S_Image_100.bmp,Angkor Wat,slope
14,375,1.5,1,O_Image_95.bmp,Wheelchair,corpse
14,376,1.5,1,F_Image_21.bmp,John Lennon,cloud
14,377,1.5,1,O_Image_69.bmp,Headphones,tail
14,378,1.5,1,O_Image_89.bmp,Teddybear,poison
14,379,1.5,1,F_Image_46.bmp,Wayne Rooney,money
14,380,1.5,1,F_Image_12.bmp,David Beckham,water
14,381,1.5,1,S_Image_123.bmp,Mount Everest,vegetable
14,382,1.5,1,S_Image_137.bmp,Statue Of Liberty,triangle
14,383,1.5,1,S_Image_106.bmp,Christ The Redeemer,arch
14,384,2,1,O_Image_67.bmp-O_Lure_67.bmp,Hammock,attack
14,385,2,1,S_Image_124.bmp-S_Lure_124.bmp,Mount Fuji,animal
14,386,2,1,S_Image_116.bmp-S_Lure_116.bmp,Hollywood Sign,hurricane
14,387,2,1,O_Image_95.bmp-O_Lure_95.bmp,Wheelchair,corpse
14,388,2,1,S_Image_100.bmp-S_Lure_100.bmp,Angkor Wat,slope
14,389,2,1,O_Image_79.bmp-O_Lure_79.bmp,Remote Control,tear
14,390,2,1,O_Image_57.bmp-O_Lure_57.bmp,Brush,ghost
14,391,2,1,F_Image_17.bmp-F_Lure_17.bmp,George Clooney,crumb
14,392,2,1,F_Image_46.bmp-F_Lure_46.bmp,Wayne Rooney,money
14,393,2,1,O_Image_66.bmp-O_Lure_66.bmp,Guitar,corner
14,394,2,1,F_Image_12.bmp-F_Lure_12.bmp,David Beckham,water
14,395,2,1,S_Image_102.bmp-S_Lure_102.bmp,Ayers Rock,honeymoon
14,396,2,1,S_Image_126.bmp-S_Lure_126.bmp,Neu schwanstein Castle,antique
14,397,2,1,O_Image_89.bmp-O_Lure_89.bmp,Teddybear,poison
14,398,2,1,S_Image_123.bmp-S_Lure_123.bmp,Mount Everest,vegetable
14,399,2,1,S_Image_117.bmp-S_Lure_117.bmp,Kings College,stem
14,400,2,1,F_Image_44.bmp-F_Lure_44.bmp,Tom Hanks,wreck
14,401,2,1,S_Image_98.bmp-S_Lure_98.bmp,Alcatraz,snow
14,402,2,1,O_Image_56.bmp-O_Lure_56.bmp,Broom,board
14,403,2,1,O_Image_69.bmp-O_Lure_69.bmp,Headphones,tail
14,404,2,1,S_Image_131.bmp-S_Lure_131.bmp,Rapa Nui,tube
14,405,2,1,S_Image_106.bmp-S_Lure_106.bmp,Christ The Redeemer,arch
14,406,2,1,F_Image_21.bmp-F_Lure_21.bmp,John Lennon,cloud
14,407,2,1,S_Image_137.bmp-S_Lure_137.bmp,Statue Of Liberty,triangle
14,408,3,1,S_Image_124.bmp-S_Lure_124.bmp,Mount Fuji,animal
14,409,3,1,O_Image_69.bmp-O_Lure_69.bmp,Headphones,tail
14,410,3,1,O_Image_56.bmp-O_Lure_56.bmp,Broom,board
14,411,3,1,F_Image_44.bmp-F_Lure_44.bmp,Tom Hanks,wreck
14,412,3,1,F_Image_21.bmp-F_Lure_21.bmp,John Lennon,cloud
14,413,3,1,S_Image_116.bmp-S_Lure_116.bmp,Hollywood Sign,hurricane
14,414,3,1,S_Image_106.bmp-S_Lure_106.bmp,Christ The Redeemer,arch
14,415,3,1,F_Image_17.bmp-F_Lure_17.bmp,George Clooney,crumb
14,416,3,1,S_Image_137.bmp-S_Lure_137.bmp,Statue Of Liberty,triangle
14,417,3,1,S_Image_131.bmp-S_Lure_131.bmp,Rapa Nui,tube
14,418,3,1,O_Image_79.bmp-O_Lure_79.bmp,Remote Control,tear
14,419,3,1,S_Image_98.bmp-S_Lure_98.bmp,Alcatraz,snow
14,420,3,1,F_Image_46.bmp-F_Lure_46.bmp,Wayne Rooney,money
14,421,3,1,O_Image_66.bmp-O_Lure_66.bmp,Guitar,corner
14,422,3,1,O_Image_57.bmp-O_Lure_57.bmp,Brush,ghost
14,423,3,1,O_Image_67.bmp-O_Lure_67.bmp,Hammock,attack
14,424,3,1,S_Image_100.bmp-S_Lure_100.bmp,Angkor Wat,slope
14,425,3,1,S_Image_117.bmp-S_Lure_117.bmp,Kings College,stem
14,426,3,1,O_Image_89.bmp-O_Lure_89.bmp,Teddybear,poison
14,427,3,1,O_Image_95.bmp-O_Lure_95.bmp,Wheelchair,corpse
14,428,3,1,S_Image_123.bmp-S_Lure_123.bmp,Mount Everest,vegetable
14,429,3,1,S_Image_102.bmp-S_Lure_102.bmp,Ayers Rock,honeymoon
14,430,3,1,S_Image_126.bmp-S_Lure_126.bmp,Neu schwanstein Castle,antique
14,431,3,1,F_Image_12.bmp-F_Lure_12.bmp,David Beckham,water
14,432,1.5,2,S_Image_127.bmp,Niagara Falls,fire
14,433,1.5,2,O_Image_94.bmp,Watch,laundry
14,434,1.5,2,O_Image_60.bmp,Flask,giant
14,435,1.5,2,O_Image_87.bmp,Stapler,shell
14,436,1.5,2,O_Image_96.bmp,Wineglass,signal
14,437,1.5,2,S_Image_114.bmp,Great Wall,army
14,438,1.5,2,F_Image_37.bmp,Pierce Brosnan,stripe
14,439,1.5,2,F_Image_9.bmp,Charlie Chaplin,rust
14,440,1.5,2,F_Image_20.bmp,Jennifer Lopez,magnet
14,441,1.5,2,F_Image_43.bmp,Tom Cruise,orchestra
14,442,1.5,2,S_Image_97.bmp,Akropolis,seed
14,443,1.5,2,S_Image_110.bmp,Forbidden City,harem
14,444,1.5,2,F_Image_11.bmp,Daniel Radcliffe,wound
14,445,1.5,2,F_Image_39.bmp,Robbie Williams,paper
14,446,1.5,2,F_Image_5.bmp,Bill Clinton,drizzle
14,447,1.5,2,O_Image_58.bmp,Canoe,angel
14,448,1.5,2,O_Image_51.bmp,Basket,scar
14,449,1.5,2,F_Image_26.bmp,Madonna,quake
14,450,1.5,2,S_Image_133.bmp,Rialto Bridge,cone
14,451,1.5,2,F_Image_32.bmp,Mick Jagger,asphalt
14,452,1.5,2,F_Image_4.bmp,Barack Obama,sunshine
14,453,1.5,2,O_Image_83.bmp,Shoe,yellow
14,454,1.5,2,F_Image_24.bmp,Keanu Reeves,alcohol
14,455,1.5,2,O_Image_70.bmp,Key,tourist
14,456,2,2,F_Image_11.bmp-F_Lure_11.bmp,Daniel Radcliffe,wound
14,457,2,2,S_Image_114.bmp-S_Lure_114.bmp,Great Wall,army
14,458,2,2,O_Image_58.bmp-O_Lure_58.bmp,Canoe,angel
14,459,2,2,S_Image_97.bmp-S_Lure_97.bmp,Akropolis,seed
14,460,2,2,F_Image_37.bmp-F_Lure_37.bmp,Pierce Brosnan,stripe
14,461,2,2,O_Image_70.bmp-O_Lure_70.bmp,Key,tourist
14,462,2,2,O_Image_94.bmp-O_Lure_94.bmp,Watch,laundry
14,463,2,2,F_Image_26.bmp-F_Lure_26.bmp,Madonna,quake
14,464,2,2,O_Image_83.bmp-O_Lure_83.bmp,Shoe,yellow
14,465,2,2,F_Image_20.bmp-F_Lure_20.bmp,Jennifer Lopez,magnet
14,466,2,2,F_Image_32.bmp-F_Lure_32.bmp,Mick Jagger,asphalt
14,467,2,2,O_Image_87.bmp-O_Lure_87.bmp,Stapler,shell
14,468,2,2,O_Image_96.bmp-O_Lure_96.bmp,Wineglass,signal
14,469,2,2,S_Image_127.bmp-S_Lure_127.bmp,Niagara Falls,fire
14,470,2,2,F_Image_43.bmp-F_Lure_43.bmp,Tom Cruise,orchestra
14,471,2,2,S_Image_133.bmp-S_Lure_133.bmp,Rialto Bridge,cone
14,472,2,2,O_Image_60.bmp-O_Lure_60.bmp,Flask,giant
14,473,2,2,F_Image_9.bmp-F_Lure_9.bmp,Charlie Chaplin,rust
14,474,2,2,F_Image_4.bmp-F_Lure_4.bmp,Barack Obama,sunshine
14,475,2,2,F_Image_5.bmp-F_Lure_5.bmp,Bill Clinton,drizzle
14,476,2,2,F_Image_39.bmp-F_Lure_39.bmp,Robbie Williams,paper
14,477,2,2,O_Image_51.bmp-O_Lure_51.bmp,Basket,scar
14,478,2,2,S_Image_110.bmp-S_Lure_110.bmp,Forbidden City,harem
14,479,2,2,F_Image_24.bmp-F_Lure_24.bmp,Keanu Reeves,alcohol
14,480,3,2,O_Image_58.bmp-O_Lure_58.bmp,Canoe,angel
14,481,3,2,S_Image_97.bmp-S_Lure_97.bmp,Akropolis,seed
14,482,3,2,O_Image_94.bmp-O_Lure_94.bmp,Watch,laundry
14,483,3,2,S_Image_127.bmp-S_Lure_127.bmp,Niagara Falls,fire
14,484,3,2,F_Image_4.bmp-F_Lure_4.bmp,Barack Obama,sunshine
14,485,3,2,F_Image_5.bmp-F_Lure_5.bmp,Bill Clinton,drizzle
14,486,3,2,S_Image_110.bmp-S_Lure_110.bmp,Forbidden City,harem
14,487,3,2,O_Image_96.bmp-O_Lure_96.bmp,Wineglass,signal
14,488,3,2,F_Image_24.bmp-F_Lure_24.bmp,Keanu Reeves,alcohol
14,489,3,2,O_Image_87.bmp-O_Lure_87.bmp,Stapler,shell
14,490,3,2,O_Image_70.bmp-O_Lure_70.bmp,Key,tourist
14,491,3,2,F_Image_43.bmp-F_Lure_43.bmp,Tom Cruise,orchestra
14,492,3,2,F_Image_39.bmp-F_Lure_39.bmp,Robbie Williams,paper
14,493,3,2,O_Image_60.bmp-O_Lure_60.bmp,Flask,giant
14,494,3,2,F_Image_26.bmp-F_Lure_26.bmp,Madonna,quake
14,495,3,2,F_Image_11.bmp-F_Lure_11.bmp,Daniel Radcliffe,wound
14,496,3,2,F_Image_32.bmp-F_Lure_32.bmp,Mick Jagger,asphalt
14,497,3,2,S_Image_114.bmp-S_Lure_114.bmp,Great Wall,army
14,498,3,2,F_Image_20.bmp-F_Lure_20.bmp,Jennifer Lopez,magnet
14,499,3,2,O_Image_83.bmp-O_Lure_83.bmp,Shoe,yellow
14,500,3,2,F_Image_9.bmp-F_Lure_9.bmp,Charlie Chaplin,rust
14,501,3,2,F_Image_37.bmp-F_Lure_37.bmp,Pierce Brosnan,stripe
14,502,3,2,O_Image_51.bmp-O_Lure_51.bmp,Basket,scar
14,503,3,2,S_Image_133.bmp-S_Lure_133.bmp,Rialto Bridge,cone
14,504,1.5,3,F_Image_22.bmp,Judi Dench,hostage
14,505,1.5,3,S_Image_129.bmp,Petra,lever
14,506,1.5,3,O_Image_92.bmp,Trophy,fuel
14,507,1.5,3,F_Image_33.bmp,Mother Teresa,menu
14,508,1.5,3,O_Image_75.bmp,Necklace,arrow
14,509,1.5,3,O_Image_82.bmp,Scissors,witch
14,510,1.5,3,O_Image_77.bmp,Radio,steam
14,511,1.5,3,S_Image_120.bmp,Machu Picchu,breakfast
14,512,1.5,3,S_Image_122.bmp,Mont Saint Michel,rock
14,513,1.5,3,S_Image_139.bmp,Sydney Opera,bubble
14,514,1.5,3,O_Image_49.bmp,Anchor,kiss
14,515,1.5,3,F_Image_18.bmp,Jack Nicholson,alien
14,516,1.5,3,F_Image_48.bmp,Will Smith,black
14,517,1.5,3,O_Image_54.bmp,Bicycle,sand
14,518,1.5,3,S_Image_125.bmp,Mount Rushmore,costume
14,519,1.5,3,O_Image_76.bmp,Pillows,spike
14,520,1.5,3,O_Image_81.bmp,Scale,wool
14,521,1.5,3,S_Image_108.bmp,Dover Cliffs,galaxy
14,522,1.5,3,S_Image_105.bmp,Chichen Itza,measles
14,523,1.5,3,F_Image_36.bmp,Penelope Cruz,spray
14,524,1.5,3,F_Image_23.bmp,Julia Roberts,marble
14,525,1.5,3,F_Image_35.bmp,Nikola Sarkozy,shadow
14,526,1.5,3,S_Image_104.bmp,Brandenburg Gate,sweat
14,527,1.5,3,F_Image_6.bmp,Brad Pitt,flood
14,528,2,3,F_Image_48.bmp-F_Lure_48.bmp,Will Smith,black
14,529,2,3,S_Image_125.bmp-S_Lure_125.bmp,Mount Rushmore,costume
14,530,2,3,S_Image_139.bmp-S_Lure_139.bmp,Sydney Opera,bubble
14,531,2,3,F_Image_23.bmp-F_Lure_23.bmp,Julia Roberts,marble
14,532,2,3,O_Image_81.bmp-O_Lure_81.bmp,Scale,wool
14,533,2,3,O_Image_82.bmp-O_Lure_82.bmp,Scissors,witch
14,534,2,3,F_Image_36.bmp-F_Lure_36.bmp,Penelope Cruz,spray
14,535,2,3,S_Image_122.bmp-S_Lure_122.bmp,Mont Saint Michel,rock
14,536,2,3,F_Image_22.bmp-F_Lure_22.bmp,Judi Dench,hostage
14,537,2,3,F_Image_33.bmp-F_Lure_33.bmp,Mother Teresa,menu
14,538,2,3,S_Image_120.bmp-S_Lure_120.bmp,Machu Picchu,breakfast
14,539,2,3,S_Image_104.bmp-S_Lure_104.bmp,Brandenburg Gate,sweat
14,540,2,3,O_Image_92.bmp-O_Lure_92.bmp,Trophy,fuel
14,541,2,3,O_Image_77.bmp-O_Lure_77.bmp,Radio,steam
14,542,2,3,O_Image_76.bmp-O_Lure_76.bmp,Pillows,spike
14,543,2,3,O_Image_49.bmp-O_Lure_49.bmp,Anchor,kiss
14,544,2,3,F_Image_35.bmp-F_Lure_35.bmp,Nikola Sarkozy,shadow
14,545,2,3,S_Image_108.bmp-S_Lure_108.bmp,Dover Cliffs,galaxy
14,546,2,3,F_Image_6.bmp-F_Lure_6.bmp,Brad Pitt,flood
14,547,2,3,F_Image_18.bmp-F_Lure_18.bmp,Jack Nicholson,alien
14,548,2,3,O_Image_54.bmp-O_Lure_54.bmp,Bicycle,sand
14,549,2,3,S_Image_105.bmp-S_Lure_105.bmp,Chichen Itza,measles
14,550,2,3,O_Image_75.bmp-O_Lure_75.bmp,Necklace,arrow
14,551,2,3,S_Image_129.bmp-S_Lure_129.bmp,Petra,lever
14,552,3,3,S_Image_129.bmp-S_Lure_129.bmp,Petra,lever
14,553,3,3,F_Image_35.bmp-F_Lure_35.bmp,Nikola Sarkozy,shadow
14,554,3,3,S_Image_108.bmp-S_Lure_108.bmp,Dover Cliffs,galaxy
14,555,3,3,O_Image_81.bmp-O_Lure_81.bmp,Scale,wool
14,556,3,3,F_Image_6.bmp-F_Lure_6.bmp,Brad Pitt,flood
14,557,3,3,O_Image_54.bmp-O_Lure_54.bmp,Bicycle,sand
14,558,3,3,O_Image_76.bmp-O_Lure_76.bmp,Pillows,spike
14,559,3,3,O_Image_77.bmp-O_Lure_77.bmp,Radio,steam
14,560,3,3,F_Image_22.bmp-F_Lure_22.bmp,Judi Dench,hostage
14,561,3,3,F_Image_36.bmp-F_Lure_36.bmp,Penelope Cruz,spray
14,562,3,3,S_Image_139.bmp-S_Lure_139.bmp,Sydney Opera,bubble
14,563,3,3,O_Image_49.bmp-O_Lure_49.bmp,Anchor,kiss
14,564,3,3,F_Image_33.bmp-F_Lure_33.bmp,Mother Teresa,menu
14,565,3,3,F_Image_23.bmp-F_Lure_23.bmp,Julia Roberts,marble
14,566,3,3,S_Image_120.bmp-S_Lure_120.bmp,Machu Picchu,breakfast
14,567,3,3,F_Image_48.bmp-F_Lure_48.bmp,Will Smith,black
14,568,3,3,S_Image_122.bmp-S_Lure_122.bmp,Mont Saint Michel,rock
14,569,3,3,O_Image_92.bmp-O_Lure_92.bmp,Trophy,fuel
14,570,3,3,O_Image_75.bmp-O_Lure_75.bmp,Necklace,arrow
14,571,3,3,S_Image_105.bmp-S_Lure_105.bmp,Chichen Itza,measles
14,572,3,3,S_Image_104.bmp-S_Lure_104.bmp,Brandenburg Gate,sweat
14,573,3,3,S_Image_125.bmp-S_Lure_125.bmp,Mount Rushmore,costume
14,574,3,3,O_Image_82.bmp-O_Lure_82.bmp,Scissors,witch
14,575,3,3,F_Image_18.bmp-F_Lure_18.bmp,Jack Nicholson,alien
14,576,3.5,1,S_Image_143.bmp,Versailles,corner
14,577,3.5,1,O_Image_55.bmp,Binoculars,breakfast
14,578,3.5,1,O_Image_72.bmp,Lightbulb,sunshine
14,579,3.5,1,S_Image_140.bmp,Taj Mahal,fuel
14,580,3.5,1,O_Image_91.bmp,Torch,menu
14,581,3.5,1,O_Image_50.bmp,Barbecue,galaxy
14,582,3.5,1,O_Image_53.bmp,Belt,lever
14,583,3.5,1,S_Image_130.bmp,Potala Palace,ghost
14,584,3.5,1,F_Image_30.bmp,Meryl Streep,army
14,585,3.5,1,S_Image_142.bmp,Tower Bridge,tear
14,586,3.5,1,F_Image_28.bmp,Margaret Thatcher,triangle
14,587,3.5,1,S_Image_141.bmp,Time Square,laundry
14,588,3.5,1,S_Image_109.bmp,Eiffel Tower,flood
14,589,3.5,1,F_Image_10.bmp,Dalai Lama,giant
14,590,3.5,1,F_Image_45.bmp,Tony Blair,snow
14,591,3.5,1,S_Image_103.bmp,Big Ben,alcohol
14,592,3.5,1,S_Image_135.bmp,Sahara Desert,poison
14,593,3.5,1,F_Image_27.bmp,Mahadma Gandhi,cone
14,594,3.5,1,O_Image_64.bmp,Goggles,harem
14,595,3.5,1,O_Image_52.bmp,Bed,fire
14,596,3.5,1,F_Image_19.bmp,James Dean,tourist
14,597,3.5,1,S_Image_99.bmp,Alhambra,cloud
14,598,3.5,1,S_Image_136.bmp,Sistine Chapel,yellow
14,599,3.5,1,O_Image_84.bmp,Skirt,orchestra
14,600,4,1,O_Image_50.bmp-O_Lure_50.bmp,Barbecue,galaxy
14,601,4,1,S_Image_135.bmp-S_Lure_135.bmp,Sahara Desert,poison
14,602,4,1,S_Image_140.bmp-S_Lure_140.bmp,Taj Mahal,fuel
14,603,4,1,O_Image_91.bmp-O_Lure_91.bmp,Torch,menu
14,604,4,1,F_Image_19.bmp-F_Lure_19.bmp,James Dean,tourist
14,605,4,1,S_Image_109.bmp-S_Lure_109.bmp,Eiffel Tower,flood
14,606,4,1,S_Image_143.bmp-S_Lure_143.bmp,Versailles,corner
14,607,4,1,S_Image_136.bmp-S_Lure_136.bmp,Sistine Chapel,yellow
14,608,4,1,S_Image_141.bmp-S_Lure_141.bmp,Time Square,laundry
14,609,4,1,O_Image_84.bmp-O_Lure_84.bmp,Skirt,orchestra
14,610,4,1,S_Image_103.bmp-S_Lure_103.bmp,Big Ben,alcohol
14,611,4,1,O_Image_72.bmp-O_Lure_72.bmp,Lightbulb,sunshine
14,612,4,1,S_Image_142.bmp-S_Lure_142.bmp,Tower Bridge,tear
14,613,4,1,O_Image_52.bmp-O_Lure_52.bmp,Bed,fire
14,614,4,1,F_Image_30.bmp-F_Lure_30.bmp,Meryl Streep,army
14,615,4,1,F_Image_45.bmp-F_Lure_45.bmp,Tony Blair,snow
14,616,4,1,O_Image_55.bmp-O_Lure_55.bmp,Binoculars,breakfast
14,617,4,1,F_Image_28.bmp-F_Lure_28.bmp,Margaret Thatcher,triangle
14,618,4,1,O_Image_53.bmp-O_Lure_53.bmp,Belt,lever
14,619,4,1,S_Image_99.bmp-S_Lure_99.bmp,Alhambra,cloud
14,620,4,1,F_Image_27.bmp-F_Lure_27.bmp,Mahadma Gandhi,cone
14,621,4,1,S_Image_130.bmp-S_Lure_130.bmp,Potala Palace,ghost
14,622,4,1,O_Image_64.bmp-O_Lure_64.bmp,Goggles,harem
14,623,4,1,F_Image_10.bmp-F_Lure_10.bmp,Dalai Lama,giant
14,624,3.5,2,O_Image_61.bmp,Football,slope
14,625,3.5,2,F_Image_8.bmp,Cameron Diaz,kiss
14,626,3.5,2,F_Image_31.bmp,Michael Jackson,honeymoon
14,627,3.5,2,S_Image_119.bmp,Louvre,alien
14,628,3.5,2,S_Image_112.bmp,Golden Gate Bridge,wreck
14,629,3.5,2,F_Image_2.bmp,Amy Winehouse,witch
14,630,3.5,2,F_Image_29.bmp,Marilyn Monroe,antique
14,631,3.5,2,F_Image_47.bmp,Whoopi Goldberg,arch
14,632,3.5,2,O_Image_88.bmp,Suitcase,rust
14,633,3.5,2,S_Image_144.bmp,White House,tail
14,634,3.5,2,O_Image_62.bmp,FryingPan,animal
14,635,3.5,2,F_Image_25.bmp,Leonardo DiCaprio,wool
14,636,3.5,2,S_Image_121.bmp,Mecca,shadow
14,637,3.5,2,F_Image_40.bmp,Robert De Niro,rock
14,638,3.5,2,O_Image_86.bmp,Soother,black
14,639,3.5,2,S_Image_138.bmp,Stonehenge,board
14,640,3.5,2,F_Image_1.bmp,Albert Einstein,corpse
14,641,3.5,2,F_Image_7.bmp,Britney Spears,signal
14,642,3.5,2,O_Image_65.bmp,GrandPiano,tube
14,643,3.5,2,S_Image_111.bmp,Gizeh Pyramids,quake
14,644,3.5,2,O_Image_73.bmp,Microscope,money
14,645,3.5,2,S_Image_134.bmp,Sagrada Familia,scar
14,646,3.5,2,O_Image_80.bmp,Rope,hostage
14,647,3.5,2,S_Image_132.bmp,Red Square,spike
14,648,4,2,F_Image_29.bmp-F_Lure_29.bmp,Marilyn Monroe,antique
14,649,4,2,O_Image_86.bmp-O_Lure_86.bmp,Soother,black
14,650,4,2,S_Image_112.bmp-S_Lure_112.bmp,Golden Gate Bridge,wreck
14,651,4,2,S_Image_121.bmp-S_Lure_121.bmp,Mecca,shadow
14,652,4,2,S_Image_134.bmp-S_Lure_134.bmp,Sagrada Familia,scar
14,653,4,2,F_Image_1.bmp-F_Lure_1.bmp,Albert Einstein,corpse
14,654,4,2,S_Image_119.bmp-S_Lure_119.bmp,Louvre,alien
14,655,4,2,S_Image_144.bmp-S_Lure_144.bmp,White House,tail
14,656,4,2,F_Image_25.bmp-F_Lure_25.bmp,Leonardo DiCaprio,wool
14,657,4,2,O_Image_61.bmp-O_Lure_61.bmp,Football,slope
14,658,4,2,S_Image_132.bmp-S_Lure_132.bmp,Red Square,spike
14,659,4,2,F_Image_40.bmp-F_Lure_40.bmp,Robert De Niro,rock
14,660,4,2,O_Image_80.bmp-O_Lure_80.bmp,Rope,hostage
14,661,4,2,S_Image_138.bmp-S_Lure_138.bmp,Stonehenge,board
14,662,4,2,O_Image_62.bmp-O_Lure_62.bmp,FryingPan,animal
14,663,4,2,F_Image_8.bmp-F_Lure_8.bmp,Cameron Diaz,kiss
14,664,4,2,O_Image_65.bmp-O_Lure_65.bmp,GrandPiano,tube
14,665,4,2,S_Image_111.bmp-S_Lure_111.bmp,Gizeh Pyramids,quake
14,666,4,2,O_Image_73.bmp-O_Lure_73.bmp,Microscope,money
14,667,4,2,F_Image_47.bmp-F_Lure_47.bmp,Whoopi Goldberg,arch
14,668,4,2,F_Image_7.bmp-F_Lure_7.bmp,Britney Spears,signal
14,669,4,2,O_Image_88.bmp-O_Lure_88.bmp,Suitcase,rust
14,670,4,2,F_Image_31.bmp-F_Lure_31.bmp,Michael Jackson,honeymoon
14,671,4,2,F_Image_2.bmp-F_Lure_2.bmp,Amy Winehouse,witch
14,672,3.5,3,F_Image_38.bmp,Queen Elisabeth,seed
14,673,3.5,3,S_Image_107.bmp,Colosseum,water
14,674,3.5,3,S_Image_113.bmp,Grand Canyon,stripe
14,675,3.5,3,F_Image_13.bmp,Elton John,attack
14,676,3.5,3,F_Image_15.bmp,Fidel Castro,sand
14,677,3.5,3,O_Image_78.bmp,Razor,asphalt
14,678,3.5,3,S_Image_118.bmp,Leaning Tower,wound
14,679,3.5,3,O_Image_85.bmp,Sock,spray
14,680,3.5,3,O_Image_74.bmp,Mirror,paper
14,681,3.5,3,F_Image_16.bmp,George Bush,angel
14,682,3.5,3,S_Image_101.bmp,Atomium,marble
14,683,3.5,3,F_Image_42.bmp,Scarlett Johansson,measles
14,684,3.5,3,S_Image_115.bmp,Hagia Sophia,magnet
14,685,3.5,3,O_Image_90.bmp,Telephone,crumb
14,686,3.5,3,F_Image_14.bmp,Elvis Presley,shell
14,687,3.5,3,S_Image_128.bmp,Notre Dame,steam
14,688,3.5,3,O_Image_71.bmp,Ladder,hurricane
14,689,3.5,3,O_Image_93.bmp,Umbrella,drizzle
14,690,3.5,3,O_Image_59.bmp,Fan,bubble
14,691,3.5,3,O_Image_63.bmp,Globe,vegetable
14,692,3.5,3,F_Image_34.bmp,Nelson Mandela,stem
14,693,3.5,3,O_Image_68.bmp,Hat,sweat
14,694,3.5,3,F_Image_41.bmp,Rod Steward,costume
14,695,3.5,3,F_Image_3.bmp,Angela Merkel,arrow
14,696,4,3,O_Image_85.bmp-O_Lure_85.bmp,Sock,spray
14,697,4,3,F_Image_42.bmp-F_Lure_42.bmp,Scarlett Johansson,measles
14,698,4,3,F_Image_15.bmp-F_Lure_15.bmp,Fidel Castro,sand
14,699,4,3,F_Image_3.bmp-F_Lure_3.bmp,Angela Merkel,arrow
14,700,4,3,O_Image_90.bmp-O_Lure_90.bmp,Telephone,crumb
14,701,4,3,S_Image_128.bmp-S_Lure_128.bmp,Notre Dame,steam
14,702,4,3,F_Image_41.bmp-F_Lure_41.bmp,Rod Steward,costume
14,703,4,3,O_Image_63.bmp-O_Lure_63.bmp,Globe,vegetable
14,704,4,3,F_Image_34.bmp-F_Lure_34.bmp,Nelson Mandela,stem
14,705,4,3,O_Image_59.bmp-O_Lure_59.bmp,Fan,bubble
14,706,4,3,S_Image_113.bmp-S_Lure_113.bmp,Grand Canyon,stripe
14,707,4,3,S_Image_101.bmp-S_Lure_101.bmp,Atomium,marble
14,708,4,3,F_Image_13.bmp-F_Lure_13.bmp,Elton John,attack
14,709,4,3,O_Image_71.bmp-O_Lure_71.bmp,Ladder,hurricane
14,710,4,3,S_Image_118.bmp-S_Lure_118.bmp,Leaning Tower,wound
14,711,4,3,O_Image_74.bmp-O_Lure_74.bmp,Mirror,paper
14,712,4,3,F_Image_38.bmp-F_Lure_38.bmp,Queen Elisabeth,seed
14,713,4,3,O_Image_93.bmp-O_Lure_93.bmp,Umbrella,drizzle
14,714,4,3,O_Image_68.bmp-O_Lure_68.bmp,Hat,sweat
14,715,4,3,O_Image_78.bmp-O_Lure_78.bmp,Razor,asphalt
14,716,4,3,S_Image_107.bmp-S_Lure_107.bmp,Colosseum,water
14,717,4,3,S_Image_115.bmp-S_Lure_115.bmp,Hagia Sophia,magnet
14,718,4,3,F_Image_14.bmp-F_Lure_14.bmp,Elvis Presley,shell
14,719,4,3,F_Image_16.bmp-F_Lure_16.bmp,George Bush,angel
14,720,5, 1 ,O_Image_69.bmp-S_Lure_144.bmp,Headphones-White House,tail
14,721,5, 1 ,F_Image_4.bmp-O_Lure_72.bmp,Barack Obama-Lightbulb,sunshine
14,722,5, 1 ,F_Image_35.bmp-S_Lure_121.bmp,Nikola Sarkozy-Mecca,shadow
14,723,5, 1 ,O_Image_58.bmp-F_Lure_16.bmp,Canoe-George Bush,angel
14,724,5, 1 ,F_Image_17.bmp-O_Lure_90.bmp,George Clooney-Telephone,crumb
14,725,5, 1 ,F_Image_20.bmp-S_Lure_115.bmp,Jennifer Lopez-Hagia Sophia,magnet
14,726,5, 1 ,O_Image_56.bmp-S_Lure_138.bmp,Broom-Stonehenge,board
14,727,5, 1 ,S_Image_124.bmp-O_Lure_62.bmp,Mount Fuji-FryingPan,animal
14,728,5, 1 ,F_Image_11.bmp-S_Lure_118.bmp,Daniel Radcliffe-Leaning Tower,wound
14,729,5, 1 ,O_Image_70.bmp-F_Lure_19.bmp,Key-James Dean,tourist
14,730,5, 1 ,F_Image_26.bmp-S_Lure_111.bmp,Madonna-Gizeh Pyramids,quake
14,731,5, 1 ,F_Image_36.bmp-O_Lure_85.bmp,Penelope Cruz-Sock,spray
14,732,5, 1 ,S_Image_100.bmp-O_Lure_61.bmp,Angkor Wat-Football,slope
14,733,5, 1 ,F_Image_17.bmp-O_Lure_90.bmp,George Clooney-Telephone,crumb
14,734,5, 1 ,F_Image_43.bmp-O_Lure_84.bmp,Tom Cruise-Skirt,orchestra
14,735,5, 1 ,S_Image_116.bmp-O_Lure_71.bmp,Hollywood Sign-Ladder,hurricane
14,736,5, 1 ,S_Image_100.bmp-O_Lure_61.bmp,Angkor Wat-Football,slope
14,737,5, 1 ,O_Image_76.bmp-S_Lure_132.bmp,Pillows-Red Square,spike
14,738,5, 1 ,F_Image_17.bmp-O_Lure_90.bmp,George Clooney-Telephone,crumb
14,739,5, 1 ,S_Image_129.bmp-O_Lure_53.bmp,Petra-Belt,lever
14,740,5, 1 ,S_Image_108.bmp-O_Lure_50.bmp,Dover Cliffs-Barbecue,galaxy
14,741,5, 1 ,O_Image_77.bmp-S_Lure_128.bmp,Radio-Notre Dame,steam
14,742,5, 1 ,F_Image_48.bmp-O_Lure_86.bmp,Will Smith-Soother,black
14,743,5, 1 ,S_Image_133.bmp-F_Lure_27.bmp,Rialto Bridge-Mahadma Gandhi,cone
14,744,5, 1 ,S_Image_139.bmp-O_Lure_59.bmp,Sydney Opera-Fan,bubble
14,745,5, 1 ,O_Image_49.bmp-F_Lure_8.bmp,Anchor-Cameron Diaz,kiss
14,746,5, 1 ,F_Image_32.bmp-O_Lure_78.bmp,Mick Jagger-Razor,asphalt
14,747,5, 1 ,O_Image_57.bmp-S_Lure_130.bmp,Brush-Potala Palace,ghost
14,748,5, 1 ,S_Image_116.bmp-O_Lure_71.bmp,Hollywood Sign-Ladder,hurricane
14,749,5, 1 ,F_Image_39.bmp-O_Lure_74.bmp,Robbie Williams-Mirror,paper
14,750,5, 1 ,O_Image_57.bmp-S_Lure_130.bmp,Brush-Potala Palace,ghost
14,751,5, 1 ,O_Image_54.bmp-F_Lure_15.bmp,Bicycle-Fidel Castro,sand
14,752,5, 1 ,O_Image_96.bmp-F_Lure_7.bmp,Wineglass-Britney Spears,signal
14,753,5, 1 ,S_Image_133.bmp-F_Lure_27.bmp,Rialto Bridge-Mahadma Gandhi,cone
14,754,5, 1 ,S_Image_127.bmp-O_Lure_52.bmp,Niagara Falls-Bed,fire
14,755,5, 1 ,S_Image_131.bmp-O_Lure_65.bmp,Rapa Nui-GrandPiano,tube
14,756,5, 1 ,F_Image_21.bmp-S_Lure_99.bmp,John Lennon-Alhambra,cloud
14,757,5, 1 ,F_Image_21.bmp-S_Lure_99.bmp,John Lennon-Alhambra,cloud
14,758,5, 1 ,O_Image_76.bmp-S_Lure_132.bmp,Pillows-Red Square,spike
14,759,5, 1 ,O_Image_89.bmp-S_Lure_135.bmp,Teddybear-Sahara Desert,poison
14,760,5, 1 ,O_Image_58.bmp-F_Lure_16.bmp,Canoe-George Bush,angel
14,761,5, 1 ,S_Image_97.bmp-F_Lure_38.bmp,Akropolis-Queen Elisabeth,seed
14,762,5, 1 ,S_Image_123.bmp-O_Lure_63.bmp,Mount Everest-Globe,vegetable
14,763,5, 1 ,O_Image_58.bmp-F_Lure_16.bmp,Canoe-George Bush,angel
14,764,5, 1 ,S_Image_137.bmp-F_Lure_28.bmp,Statue Of Liberty-Margaret Thatcher,triangle
14,765,5, 1 ,S_Image_110.bmp-O_Lure_64.bmp,Forbidden City-Goggles,harem
14,766,5, 1 ,F_Image_6.bmp-S_Lure_109.bmp,Brad Pitt-Eiffel Tower,flood
14,767,5, 1 ,S_Image_131.bmp-O_Lure_65.bmp,Rapa Nui-GrandPiano,tube
14,768,5, 1 ,F_Image_21.bmp-S_Lure_99.bmp,John Lennon-Alhambra,cloud
14,769,5, 1 ,O_Image_87.bmp-F_Lure_14.bmp,Stapler-Elvis Presley,shell
14,770,5, 1 ,O_Image_51.bmp-S_Lure_134.bmp,Basket-Sagrada Familia,scar
14,771,5, 1 ,O_Image_49.bmp-F_Lure_8.bmp,Anchor-Cameron Diaz,kiss
14,772,5, 1 ,O_Image_87.bmp-F_Lure_14.bmp,Stapler-Elvis Presley,shell
14,773,5, 1 ,F_Image_43.bmp-O_Lure_84.bmp,Tom Cruise-Skirt,orchestra
14,774,5, 1 ,O_Image_95.bmp-F_Lure_1.bmp,Wheelchair-Albert Einstein,corpse
14,775,5, 1 ,S_Image_127.bmp-O_Lure_52.bmp,Niagara Falls-Bed,fire
14,776,5, 1 ,F_Image_36.bmp-O_Lure_85.bmp,Penelope Cruz-Sock,spray
14,777,5, 1 ,S_Image_116.bmp-O_Lure_71.bmp,Hollywood Sign-Ladder,hurricane
14,778,5, 1 ,O_Image_95.bmp-F_Lure_1.bmp,Wheelchair-Albert Einstein,corpse
14,779,5, 1 ,F_Image_26.bmp-S_Lure_111.bmp,Madonna-Gizeh Pyramids,quake
14,780,5, 1 ,S_Image_110.bmp-O_Lure_64.bmp,Forbidden City-Goggles,harem
14,781,5, 1 ,O_Image_54.bmp-F_Lure_15.bmp,Bicycle-Fidel Castro,sand
14,782,5, 1 ,S_Image_123.bmp-O_Lure_63.bmp,Mount Everest-Globe,vegetable
14,783,5, 1 ,O_Image_82.bmp-F_Lure_2.bmp,Scissors-Amy Winehouse,witch
14,784,5, 1 ,F_Image_21.bmp-S_Lure_99.bmp,John Lennon-Alhambra,cloud
14,785,5, 1 ,O_Image_95.bmp-F_Lure_1.bmp,Wheelchair-Albert Einstein,corpse
14,786,5, 1 ,F_Image_12.bmp-S_Lure_107.bmp,David Beckham-Colosseum,water
14,787,5, 1 ,F_Image_33.bmp-O_Lure_91.bmp,Mother Teresa-Torch,menu
14,788,5, 1 ,S_Image_120.bmp-O_Lure_55.bmp,Machu Picchu-Binoculars,breakfast
14,789,5, 1 ,O_Image_54.bmp-F_Lure_15.bmp,Bicycle-Fidel Castro,sand
14,790,5, 1 ,F_Image_26.bmp-S_Lure_111.bmp,Madonna-Gizeh Pyramids,quake
14,791,5, 1 ,F_Image_39.bmp-O_Lure_74.bmp,Robbie Williams-Mirror,paper
14,792,5, 1 ,O_Image_60.bmp-F_Lure_10.bmp,Flask-Dalai Lama,giant
14,793,5, 1 ,F_Image_17.bmp-O_Lure_90.bmp,George Clooney-Telephone,crumb
14,794,5, 1 ,F_Image_33.bmp-O_Lure_91.bmp,Mother Teresa-Torch,menu
14,795,5, 1 ,S_Image_124.bmp-O_Lure_62.bmp,Mount Fuji-FryingPan,animal
14,796,5, 1 ,O_Image_96.bmp-F_Lure_7.bmp,Wineglass-Britney Spears,signal
14,797,5, 1 ,S_Image_97.bmp-F_Lure_38.bmp,Akropolis-Queen Elisabeth,seed
14,798,5, 1 ,F_Image_36.bmp-O_Lure_85.bmp,Penelope Cruz-Sock,spray
14,799,5, 1 ,S_Image_102.bmp-F_Lure_31.bmp,Ayers Rock-Michael Jackson,honeymoon
14,800,5, 1 ,S_Image_108.bmp-O_Lure_50.bmp,Dover Cliffs-Barbecue,galaxy
14,801,5, 1 ,O_Image_77.bmp-S_Lure_128.bmp,Radio-Notre Dame,steam
14,802,5, 1 ,F_Image_24.bmp-S_Lure_103.bmp,Keanu Reeves-Big Ben,alcohol
14,803,5, 1 ,S_Image_131.bmp-O_Lure_65.bmp,Rapa Nui-GrandPiano,tube
14,804,5, 1 ,S_Image_124.bmp-O_Lure_62.bmp,Mount Fuji-FryingPan,animal
14,805,5, 1 ,S_Image_105.bmp-F_Lure_42.bmp,Chichen Itza-Scarlett Johansson,measles
14,806,5, 1 ,F_Image_9.bmp-O_Lure_88.bmp,Charlie Chaplin-Suitcase,rust
14,807,5, 1 ,O_Image_81.bmp-F_Lure_25.bmp,Scale-Leonardo DiCaprio,wool
14,808,5, 1 ,S_Image_129.bmp-O_Lure_53.bmp,Petra-Belt,lever
14,809,5, 1 ,F_Image_9.bmp-O_Lure_88.bmp,Charlie Chaplin-Suitcase,rust
14,810,5, 1 ,O_Image_89.bmp-S_Lure_135.bmp,Teddybear-Sahara Desert,poison
14,811,5, 1 ,S_Image_108.bmp-O_Lure_50.bmp,Dover Cliffs-Barbecue,galaxy
14,812,5, 1 ,O_Image_56.bmp-S_Lure_138.bmp,Broom-Stonehenge,board
14,813,5, 1 ,S_Image_120.bmp-O_Lure_55.bmp,Machu Picchu-Binoculars,breakfast
14,814,5, 1 ,S_Image_110.bmp-O_Lure_64.bmp,Forbidden City-Goggles,harem
14,815,5, 1 ,F_Image_5.bmp-O_Lure_93.bmp,Bill Clinton-Umbrella,drizzle
14,816,5, 1 ,F_Image_32.bmp-O_Lure_78.bmp,Mick Jagger-Razor,asphalt
14,817,5, 1 ,S_Image_137.bmp-F_Lure_28.bmp,Statue Of Liberty-Margaret Thatcher,triangle
14,818,5, 1 ,F_Image_39.bmp-O_Lure_74.bmp,Robbie Williams-Mirror,paper
14,819,5, 1 ,F_Image_35.bmp-S_Lure_121.bmp,Nikola Sarkozy-Mecca,shadow
14,820,5, 1 ,O_Image_76.bmp-S_Lure_132.bmp,Pillows-Red Square,spike
14,821,5, 1 ,S_Image_129.bmp-O_Lure_53.bmp,Petra-Belt,lever
14,822,5, 1 ,O_Image_69.bmp-S_Lure_144.bmp,Headphones-White House,tail
14,823,5, 1 ,S_Image_124.bmp-O_Lure_62.bmp,Mount Fuji-FryingPan,animal
14,824,5, 1 ,F_Image_6.bmp-S_Lure_109.bmp,Brad Pitt-Eiffel Tower,flood
14,825,5, 1 ,F_Image_46.bmp-O_Lure_73.bmp,Wayne Rooney-Microscope,money
14,826,5, 1 ,F_Image_9.bmp-O_Lure_88.bmp,Charlie Chaplin-Suitcase,rust
14,827,5, 1 ,F_Image_12.bmp-S_Lure_107.bmp,David Beckham-Colosseum,water
14,828,5, 1 ,F_Image_4.bmp-O_Lure_72.bmp,Barack Obama-Lightbulb,sunshine
14,829,5, 1 ,S_Image_104.bmp-O_Lure_68.bmp,Brandenburg Gate-Hat,sweat
14,830,5, 1 ,F_Image_32.bmp-O_Lure_78.bmp,Mick Jagger-Razor,asphalt
14,831,5, 1 ,S_Image_129.bmp-O_Lure_53.bmp,Petra-Belt,lever
14,832,5, 1 ,S_Image_105.bmp-F_Lure_42.bmp,Chichen Itza-Scarlett Johansson,measles
14,833,5, 1 ,O_Image_76.bmp-S_Lure_132.bmp,Pillows-Red Square,spike
14,834,5, 1 ,S_Image_139.bmp-O_Lure_59.bmp,Sydney Opera-Fan,bubble
14,835,5, 1 ,S_Image_131.bmp-O_Lure_65.bmp,Rapa Nui-GrandPiano,tube
14,836,5, 1 ,O_Image_57.bmp-S_Lure_130.bmp,Brush-Potala Palace,ghost
14,837,5, 1 ,F_Image_5.bmp-O_Lure_93.bmp,Bill Clinton-Umbrella,drizzle
14,838,5, 1 ,F_Image_20.bmp-S_Lure_115.bmp,Jennifer Lopez-Hagia Sophia,magnet
14,839,5, 1 ,O_Image_70.bmp-F_Lure_19.bmp,Key-James Dean,tourist
14,840,5, 1 ,S_Image_133.bmp-F_Lure_27.bmp,Rialto Bridge-Mahadma Gandhi,cone
14,841,5, 1 ,S_Image_102.bmp-F_Lure_31.bmp,Ayers Rock-Michael Jackson,honeymoon
14,842,5, 1 ,O_Image_77.bmp-S_Lure_128.bmp,Radio-Notre Dame,steam
14,843,5, 1 ,F_Image_24.bmp-S_Lure_103.bmp,Keanu Reeves-Big Ben,alcohol
14,844,5, 1 ,F_Image_11.bmp-S_Lure_118.bmp,Daniel Radcliffe-Leaning Tower,wound
14,845,5, 1 ,S_Image_133.bmp-F_Lure_27.bmp,Rialto Bridge-Mahadma Gandhi,cone
14,846,5, 1 ,O_Image_87.bmp-F_Lure_14.bmp,Stapler-Elvis Presley,shell
14,847,5, 1 ,O_Image_51.bmp-S_Lure_134.bmp,Basket-Sagrada Familia,scar
14,848,5, 1 ,F_Image_35.bmp-S_Lure_121.bmp,Nikola Sarkozy-Mecca,shadow
14,849,5, 1 ,F_Image_36.bmp-O_Lure_85.bmp,Penelope Cruz-Sock,spray
14,850,5, 1 ,F_Image_33.bmp-O_Lure_91.bmp,Mother Teresa-Torch,menu
14,851,5, 1 ,S_Image_137.bmp-F_Lure_28.bmp,Statue Of Liberty-Margaret Thatcher,triangle
14,852,5, 1 ,O_Image_56.bmp-S_Lure_138.bmp,Broom-Stonehenge,board
14,853,5, 1 ,F_Image_35.bmp-S_Lure_121.bmp,Nikola Sarkozy-Mecca,shadow
14,854,5, 1 ,O_Image_70.bmp-F_Lure_19.bmp,Key-James Dean,tourist
14,855,5, 1 ,S_Image_108.bmp-O_Lure_50.bmp,Dover Cliffs-Barbecue,galaxy
14,856,5, 1 ,S_Image_104.bmp-O_Lure_68.bmp,Brandenburg Gate-Hat,sweat
14,857,5, 1 ,S_Image_139.bmp-O_Lure_59.bmp,Sydney Opera-Fan,bubble
14,858,5, 1 ,O_Image_60.bmp-F_Lure_10.bmp,Flask-Dalai Lama,giant
14,859,5, 1 ,O_Image_96.bmp-F_Lure_7.bmp,Wineglass-Britney Spears,signal
14,860,5, 1 ,O_Image_82.bmp-F_Lure_2.bmp,Scissors-Amy Winehouse,witch
14,861,5, 1 ,F_Image_4.bmp-O_Lure_72.bmp,Barack Obama-Lightbulb,sunshine
14,862,5, 1 ,S_Image_123.bmp-O_Lure_63.bmp,Mount Everest-Globe,vegetable
14,863,5, 1 ,O_Image_49.bmp-F_Lure_8.bmp,Anchor-Cameron Diaz,kiss
14,864,5, 1 ,S_Image_98.bmp-F_Lure_45.bmp,Alcatraz-Tony Blair,snow
14,865,5, 1 ,F_Image_24.bmp-S_Lure_103.bmp,Keanu Reeves-Big Ben,alcohol
14,866,5, 1 ,S_Image_105.bmp-F_Lure_42.bmp,Chichen Itza-Scarlett Johansson,measles
14,867,5, 1 ,O_Image_58.bmp-F_Lure_16.bmp,Canoe-George Bush,angel
14,868,5, 1 ,S_Image_127.bmp-O_Lure_52.bmp,Niagara Falls-Bed,fire
14,869,5, 1 ,F_Image_11.bmp-S_Lure_118.bmp,Daniel Radcliffe-Leaning Tower,wound
14,870,5, 1 ,S_Image_98.bmp-F_Lure_45.bmp,Alcatraz-Tony Blair,snow
14,871,5, 1 ,O_Image_49.bmp-F_Lure_8.bmp,Anchor-Cameron Diaz,kiss
14,872,5, 1 ,S_Image_105.bmp-F_Lure_42.bmp,Chichen Itza-Scarlett Johansson,measles
14,873,5, 1 ,F_Image_26.bmp-S_Lure_111.bmp,Madonna-Gizeh Pyramids,quake
14,874,5, 1 ,F_Image_12.bmp-S_Lure_107.bmp,David Beckham-Colosseum,water
14,875,5, 1 ,F_Image_20.bmp-S_Lure_115.bmp,Jennifer Lopez-Hagia Sophia,magnet
14,876,5, 1 ,F_Image_46.bmp-O_Lure_73.bmp,Wayne Rooney-Microscope,money
14,877,5, 1 ,F_Image_4.bmp-O_Lure_72.bmp,Barack Obama-Lightbulb,sunshine
14,878,5, 1 ,S_Image_97.bmp-F_Lure_38.bmp,Akropolis-Queen Elisabeth,seed
14,879,5, 1 ,F_Image_5.bmp-O_Lure_93.bmp,Bill Clinton-Umbrella,drizzle
14,880,5, 1 ,O_Image_77.bmp-S_Lure_128.bmp,Radio-Notre Dame,steam
14,881,5, 1 ,F_Image_43.bmp-O_Lure_84.bmp,Tom Cruise-Skirt,orchestra
14,882,5, 1 ,O_Image_51.bmp-S_Lure_134.bmp,Basket-Sagrada Familia,scar
14,883,5, 1 ,O_Image_60.bmp-F_Lure_10.bmp,Flask-Dalai Lama,giant
14,884,5, 1 ,F_Image_48.bmp-O_Lure_86.bmp,Will Smith-Soother,black
14,885,5, 1 ,O_Image_82.bmp-F_Lure_2.bmp,Scissors-Amy Winehouse,witch
14,886,5, 1 ,O_Image_95.bmp-F_Lure_1.bmp,Wheelchair-Albert Einstein,corpse
14,887,5, 1 ,F_Image_5.bmp-O_Lure_93.bmp,Bill Clinton-Umbrella,drizzle
14,888,5, 1 ,S_Image_104.bmp-O_Lure_68.bmp,Brandenburg Gate-Hat,sweat
14,889,5, 1 ,S_Image_98.bmp-F_Lure_45.bmp,Alcatraz-Tony Blair,snow
14,890,5, 1 ,S_Image_116.bmp-O_Lure_71.bmp,Hollywood Sign-Ladder,hurricane
14,891,5, 1 ,F_Image_6.bmp-S_Lure_109.bmp,Brad Pitt-Eiffel Tower,flood
14,892,5, 1 ,F_Image_39.bmp-O_Lure_74.bmp,Robbie Williams-Mirror,paper
14,893,5, 1 ,F_Image_46.bmp-O_Lure_73.bmp,Wayne Rooney-Microscope,money
14,894,5, 1 ,O_Image_81.bmp-F_Lure_25.bmp,Scale-Leonardo DiCaprio,wool
14,895,5, 1 ,F_Image_9.bmp-O_Lure_88.bmp,Charlie Chaplin-Suitcase,rust
14,896,5, 1 ,O_Image_70.bmp-F_Lure_19.bmp,Key-James Dean,tourist
14,897,5, 1 ,O_Image_87.bmp-F_Lure_14.bmp,Stapler-Elvis Presley,shell
14,898,5, 1 ,F_Image_6.bmp-S_Lure_109.bmp,Brad Pitt-Eiffel Tower,flood
14,899,5, 1 ,S_Image_102.bmp-F_Lure_31.bmp,Ayers Rock-Michael Jackson,honeymoon
14,900,5, 1 ,S_Image_98.bmp-F_Lure_45.bmp,Alcatraz-Tony Blair,snow
14,901,5, 1 ,S_Image_102.bmp-F_Lure_31.bmp,Ayers Rock-Michael Jackson,honeymoon
14,902,5, 1 ,S_Image_97.bmp-F_Lure_38.bmp,Akropolis-Queen Elisabeth,seed
14,903,5, 1 ,F_Image_48.bmp-O_Lure_86.bmp,Will Smith-Soother,black
14,904,5, 1 ,F_Image_48.bmp-O_Lure_86.bmp,Will Smith-Soother,black
14,905,5, 1 ,S_Image_137.bmp-F_Lure_28.bmp,Statue Of Liberty-Margaret Thatcher,triangle
14,906,5, 1 ,S_Image_104.bmp-O_Lure_68.bmp,Brandenburg Gate-Hat,sweat
14,907,5, 1 ,O_Image_81.bmp-F_Lure_25.bmp,Scale-Leonardo DiCaprio,wool
14,908,5, 1 ,F_Image_11.bmp-S_Lure_118.bmp,Daniel Radcliffe-Leaning Tower,wound
14,909,5, 1 ,O_Image_69.bmp-S_Lure_144.bmp,Headphones-White House,tail
14,910,5, 1 ,O_Image_54.bmp-F_Lure_15.bmp,Bicycle-Fidel Castro,sand
14,911,5, 1 ,F_Image_20.bmp-S_Lure_115.bmp,Jennifer Lopez-Hagia Sophia,magnet
14,912,5, 1 ,O_Image_81.bmp-F_Lure_25.bmp,Scale-Leonardo DiCaprio,wool
14,913,5, 1 ,S_Image_120.bmp-O_Lure_55.bmp,Machu Picchu-Binoculars,breakfast
14,914,5, 1 ,S_Image_100.bmp-O_Lure_61.bmp,Angkor Wat-Football,slope
14,915,5, 1 ,F_Image_46.bmp-O_Lure_73.bmp,Wayne Rooney-Microscope,money
14,916,5, 1 ,F_Image_43.bmp-O_Lure_84.bmp,Tom Cruise-Skirt,orchestra
14,917,5, 1 ,F_Image_33.bmp-O_Lure_91.bmp,Mother Teresa-Torch,menu
14,918,5, 1 ,S_Image_100.bmp-O_Lure_61.bmp,Angkor Wat-Football,slope
14,919,5, 1 ,O_Image_69.bmp-S_Lure_144.bmp,Headphones-White House,tail
14,920,5, 1 ,S_Image_123.bmp-O_Lure_63.bmp,Mount Everest-Globe,vegetable
14,921,5, 1 ,O_Image_51.bmp-S_Lure_134.bmp,Basket-Sagrada Familia,scar
14,922,5, 1 ,F_Image_12.bmp-S_Lure_107.bmp,David Beckham-Colosseum,water
14,923,5, 1 ,F_Image_24.bmp-S_Lure_103.bmp,Keanu Reeves-Big Ben,alcohol
14,924,5, 1 ,F_Image_32.bmp-O_Lure_78.bmp,Mick Jagger-Razor,asphalt
14,925,5, 1 ,S_Image_120.bmp-O_Lure_55.bmp,Machu Picchu-Binoculars,breakfast
14,926,5, 1 ,O_Image_82.bmp-F_Lure_2.bmp,Scissors-Amy Winehouse,witch
14,927,5, 1 ,O_Image_89.bmp-S_Lure_135.bmp,Teddybear-Sahara Desert,poison
14,928,5, 1 ,S_Image_110.bmp-O_Lure_64.bmp,Forbidden City-Goggles,harem
14,929,5, 1 ,S_Image_127.bmp-O_Lure_52.bmp,Niagara Falls-Bed,fire
14,930,5, 1 ,O_Image_60.bmp-F_Lure_10.bmp,Flask-Dalai Lama,giant
14,931,5, 1 ,S_Image_139.bmp-O_Lure_59.bmp,Sydney Opera-Fan,bubble
14,932,5, 1 ,O_Image_56.bmp-S_Lure_138.bmp,Broom-Stonehenge,board
14,933,5, 1 ,O_Image_89.bmp-S_Lure_135.bmp,Teddybear-Sahara Desert,poison
14,934,5, 1 ,O_Image_57.bmp-S_Lure_130.bmp,Brush-Potala Palace,ghost
14,935,5, 1 ,O_Image_96.bmp-F_Lure_7.bmp,Wineglass-Britney Spears,signal
14,936,6,1,O_Image_64.bmp-O_Lure_64.bmp,Goggles,harem
14,937,6,1,O_Image_88.bmp-O_Lure_88.bmp,Suitcase,rust
14,938,6,1,O_Image_55.bmp-O_Lure_55.bmp,Binoculars,breakfast
14,939,6,1,F_Image_8.bmp-F_Lure_8.bmp,Cameron Diaz,kiss
14,940,6,1,S_Image_103.bmp-S_Lure_103.bmp,Big Ben,alcohol
14,941,6,1,S_Image_138.bmp-S_Lure_138.bmp,Stonehenge,board
14,942,6,1,O_Image_73.bmp-O_Lure_73.bmp,Microscope,money
14,943,6,1,S_Image_119.bmp-S_Lure_119.bmp,Louvre,alien
14,944,6,1,O_Image_53.bmp-O_Lure_53.bmp,Belt,lever
14,945,6,1,S_Image_121.bmp-S_Lure_121.bmp,Mecca,shadow
14,946,6,1,F_Image_38.bmp-F_Lure_38.bmp,Queen Elisabeth,seed
14,947,6,1,F_Image_28.bmp-F_Lure_28.bmp,Margaret Thatcher,triangle
14,948,6,1,O_Image_85.bmp-O_Lure_85.bmp,Sock,spray
14,949,6,1,O_Image_84.bmp-O_Lure_84.bmp,Skirt,orchestra
14,950,6,1,O_Image_71.bmp-O_Lure_71.bmp,Ladder,hurricane
14,951,6,1,F_Image_27.bmp-F_Lure_27.bmp,Mahadma Gandhi,cone
14,952,6,1,F_Image_1.bmp-F_Lure_1.bmp,Albert Einstein,corpse
14,953,6,1,O_Image_80.bmp-O_Lure_80.bmp,Rope,hostage
14,954,6,1,O_Image_52.bmp-O_Lure_52.bmp,Bed,fire
14,955,6,1,S_Image_132.bmp-S_Lure_132.bmp,Red Square,spike
14,956,6,1,O_Image_68.bmp-O_Lure_68.bmp,Hat,sweat
14,957,6,1,S_Image_140.bmp-S_Lure_140.bmp,Taj Mahal,fuel
14,958,6,1,S_Image_135.bmp-S_Lure_135.bmp,Sahara Desert,poison
14,959,6,1,F_Image_14.bmp-F_Lure_14.bmp,Elvis Presley,shell
14,960,6,1,F_Image_13.bmp-F_Lure_13.bmp,Elton John,attack
14,961,6,1,F_Image_45.bmp-F_Lure_45.bmp,Tony Blair,snow
14,962,6,1,F_Image_15.bmp-F_Lure_15.bmp,Fidel Castro,sand
14,963,6,1,O_Image_86.bmp-O_Lure_86.bmp,Soother,black
14,964,6,1,F_Image_31.bmp-F_Lure_31.bmp,Michael Jackson,honeymoon
14,965,6,1,O_Image_59.bmp-O_Lure_59.bmp,Fan,bubble
14,966,6,1,S_Image_141.bmp-S_Lure_141.bmp,Time Square,laundry
14,967,6,1,S_Image_115.bmp-S_Lure_115.bmp,Hagia Sophia,magnet
14,968,6,1,O_Image_61.bmp-O_Lure_61.bmp,Football,slope
14,969,6,1,S_Image_113.bmp-S_Lure_113.bmp,Grand Canyon,stripe
14,970,6,1,O_Image_72.bmp-O_Lure_72.bmp,Lightbulb,sunshine
14,971,6,1,F_Image_16.bmp-F_Lure_16.bmp,George Bush,angel
14,972,6,1,F_Image_42.bmp-F_Lure_42.bmp,Scarlett Johansson,measles
14,973,6,1,F_Image_47.bmp-F_Lure_47.bmp,Whoopi Goldberg,arch
14,974,6,1,S_Image_109.bmp-S_Lure_109.bmp,Eiffel Tower,flood
14,975,6,1,S_Image_99.bmp-S_Lure_99.bmp,Alhambra,cloud
14,976,6,1,S_Image_112.bmp-S_Lure_112.bmp,Golden Gate Bridge,wreck
14,977,6,1,F_Image_19.bmp-F_Lure_19.bmp,James Dean,tourist
14,978,6,1,F_Image_7.bmp-F_Lure_7.bmp,Britney Spears,signal
14,979,6,1,S_Image_128.bmp-S_Lure_128.bmp,Notre Dame,steam
14,980,6,1,S_Image_111.bmp-S_Lure_111.bmp,Gizeh Pyramids,quake
14,981,6,1,F_Image_10.bmp-F_Lure_10.bmp,Dalai Lama,giant
14,982,6,1,S_Image_118.bmp-S_Lure_118.bmp,Leaning Tower,wound
14,983,6,1,F_Image_40.bmp-F_Lure_40.bmp,Robert De Niro,rock
14,984,6,1,S_Image_142.bmp-S_Lure_142.bmp,Tower Bridge,tear
14,985,6,1,O_Image_65.bmp-O_Lure_65.bmp,GrandPiano,tube
14,986,6,1,F_Image_2.bmp-F_Lure_2.bmp,Amy Winehouse,witch
14,987,6,1,S_Image_144.bmp-S_Lure_144.bmp,White House,tail
14,988,6,1,S_Image_101.bmp-S_Lure_101.bmp,Atomium,marble
14,989,6,1,S_Image_107.bmp-S_Lure_107.bmp,Colosseum,water
14,990,6,1,F_Image_3.bmp-F_Lure_3.bmp,Angela Merkel,arrow
14,991,6,1,S_Image_130.bmp-S_Lure_130.bmp,Potala Palace,ghost
14,992,6,1,F_Image_41.bmp-F_Lure_41.bmp,Rod Steward,costume
14,993,6,1,S_Image_143.bmp-S_Lure_143.bmp,Versailles,corner
14,994,6,1,S_Image_136.bmp-S_Lure_136.bmp,Sistine Chapel,yellow
14,995,6,1,F_Image_34.bmp-F_Lure_34.bmp,Nelson Mandela,stem
14,996,6,1,F_Image_30.bmp-F_Lure_30.bmp,Meryl Streep,army
14,997,6,1,O_Image_62.bmp-O_Lure_62.bmp,FryingPan,animal
14,998,6,1,O_Image_93.bmp-O_Lure_93.bmp,Umbrella,drizzle
14,999,6,1,F_Image_25.bmp-F_Lure_25.bmp,Leonardo DiCaprio,wool
14,1000,6,1,O_Image_90.bmp-O_Lure_90.bmp,Telephone,crumb
14,1001,6,1,O_Image_74.bmp-O_Lure_74.bmp,Mirror,paper
14,1002,6,1,O_Image_50.bmp-O_Lure_50.bmp,Barbecue,galaxy
14,1003,6,1,S_Image_134.bmp-S_Lure_134.bmp,Sagrada Familia,scar
14,1004,6,1,F_Image_29.bmp-F_Lure_29.bmp,Marilyn Monroe,antique
14,1005,6,1,O_Image_78.bmp-O_Lure_78.bmp,Razor,asphalt
14,1006,6,1,O_Image_63.bmp-O_Lure_63.bmp,Globe,vegetable
14,1007,6,1,O_Image_91.bmp-O_Lure_91.bmp,Torch,menu
14,1008,6,1,O_Image_87.bmp-O_Lure_87.bmp,Stapler,shell
14,1009,6,1,F_Image_12.bmp-F_Lure_12.bmp,David Beckham,water
14,1010,6,1,O_Image_96.bmp-O_Lure_96.bmp,Wineglass,signal
14,1011,6,1,O_Image_67.bmp-O_Lure_67.bmp,Hammock,attack
14,1012,6,1,O_Image_89.bmp-O_Lure_89.bmp,Teddybear,poison
14,1013,6,1,S_Image_102.bmp-S_Lure_102.bmp,Ayers Rock,honeymoon
14,1014,6,1,S_Image_126.bmp-S_Lure_126.bmp,Neu schwanstein Castle,antique
14,1015,6,1,O_Image_95.bmp-O_Lure_95.bmp,Wheelchair,corpse
14,1016,6,1,O_Image_49.bmp-O_Lure_49.bmp,Anchor,kiss
14,1017,6,1,F_Image_44.bmp-F_Lure_44.bmp,Tom Hanks,wreck
14,1018,6,1,S_Image_105.bmp-S_Lure_105.bmp,Chichen Itza,measles
14,1019,6,1,F_Image_32.bmp-F_Lure_32.bmp,Mick Jagger,asphalt
14,1020,6,1,F_Image_21.bmp-F_Lure_21.bmp,John Lennon,cloud
14,1021,6,1,S_Image_137.bmp-S_Lure_137.bmp,Statue Of Liberty,triangle
14,1022,6,1,F_Image_26.bmp-F_Lure_26.bmp,Madonna,quake
14,1023,6,1,F_Image_5.bmp-F_Lure_5.bmp,Bill Clinton,drizzle
14,1024,6,1,S_Image_120.bmp-S_Lure_120.bmp,Machu Picchu,breakfast
14,1025,6,1,S_Image_100.bmp-S_Lure_100.bmp,Angkor Wat,slope
14,1026,6,1,S_Image_116.bmp-S_Lure_116.bmp,Hollywood Sign,hurricane
14,1027,6,1,O_Image_92.bmp-O_Lure_92.bmp,Trophy,fuel
14,1028,6,1,S_Image_129.bmp-S_Lure_129.bmp,Petra,lever
14,1029,6,1,S_Image_131.bmp-S_Lure_131.bmp,Rapa Nui,tube
14,1030,6,1,O_Image_75.bmp-O_Lure_75.bmp,Necklace,arrow
14,1031,6,1,F_Image_9.bmp-F_Lure_9.bmp,Charlie Chaplin,rust
14,1032,6,1,F_Image_17.bmp-F_Lure_17.bmp,George Clooney,crumb
14,1033,6,1,O_Image_83.bmp-O_Lure_83.bmp,Shoe,yellow
14,1034,6,1,O_Image_79.bmp-O_Lure_79.bmp,Remote Control,tear
14,1035,6,1,F_Image_46.bmp-F_Lure_46.bmp,Wayne Rooney,money
14,1036,6,1,O_Image_60.bmp-O_Lure_60.bmp,Flask,giant
14,1037,6,1,F_Image_18.bmp-F_Lure_18.bmp,Jack Nicholson,alien
14,1038,6,1,O_Image_94.bmp-O_Lure_94.bmp,Watch,laundry
14,1039,6,1,S_Image_133.bmp-S_Lure_133.bmp,Rialto Bridge,cone
14,1040,6,1,S_Image_117.bmp-S_Lure_117.bmp,Kings College,stem
14,1041,6,1,F_Image_11.bmp-F_Lure_11.bmp,Daniel Radcliffe,wound
14,1042,6,1,S_Image_110.bmp-S_Lure_110.bmp,Forbidden City,harem
14,1043,6,1,F_Image_43.bmp-F_Lure_43.bmp,Tom Cruise,orchestra
14,1044,6,1,O_Image_54.bmp-O_Lure_54.bmp,Bicycle,sand
14,1045,6,1,S_Image_114.bmp-S_Lure_114.bmp,Great Wall,army
14,1046,6,1,O_Image_69.bmp-O_Lure_69.bmp,Headphones,tail
14,1047,6,1,O_Image_82.bmp-O_Lure_82.bmp,Scissors,witch
14,1048,6,1,O_Image_81.bmp-O_Lure_81.bmp,Scale,wool
14,1049,6,1,S_Image_98.bmp-S_Lure_98.bmp,Alcatraz,snow
14,1050,6,1,S_Image_125.bmp-S_Lure_125.bmp,Mount Rushmore,costume
14,1051,6,1,S_Image_106.bmp-S_Lure_106.bmp,Christ The Redeemer,arch
14,1052,6,1,O_Image_76.bmp-O_Lure_76.bmp,Pillows,spike
14,1053,6,1,S_Image_123.bmp-S_Lure_123.bmp,Mount Everest,vegetable
14,1054,6,1,F_Image_48.bmp-F_Lure_48.bmp,Will Smith,black
14,1055,6,1,F_Image_20.bmp-F_Lure_20.bmp,Jennifer Lopez,magnet
14,1056,6,1,O_Image_77.bmp-O_Lure_77.bmp,Radio,steam
14,1057,6,1,S_Image_104.bmp-S_Lure_104.bmp,Brandenburg Gate,sweat
14,1058,6,1,F_Image_22.bmp-F_Lure_22.bmp,Judi Dench,hostage
14,1059,6,1,S_Image_97.bmp-S_Lure_97.bmp,Akropolis,seed
14,1060,6,1,F_Image_36.bmp-F_Lure_36.bmp,Penelope Cruz,spray
14,1061,6,1,O_Image_51.bmp-O_Lure_51.bmp,Basket,scar
14,1062,6,1,O_Image_56.bmp-O_Lure_56.bmp,Broom,board
14,1063,6,1,S_Image_108.bmp-S_Lure_108.bmp,Dover Cliffs,galaxy
14,1064,6,1,F_Image_23.bmp-F_Lure_23.bmp,Julia Roberts,marble
14,1065,6,1,S_Image_139.bmp-S_Lure_139.bmp,Sydney Opera,bubble
14,1066,6,1,S_Image_124.bmp-S_Lure_124.bmp,Mount Fuji,animal
14,1067,6,1,S_Image_122.bmp-S_Lure_122.bmp,Mont Saint Michel,rock
14,1068,6,1,O_Image_70.bmp-O_Lure_70.bmp,Key,tourist
14,1069,6,1,F_Image_37.bmp-F_Lure_37.bmp,Pierce Brosnan,stripe
14,1070,6,1,F_Image_39.bmp-F_Lure_39.bmp,Robbie Williams,paper
14,1071,6,1,F_Image_33.bmp-F_Lure_33.bmp,Mother Teresa,menu
14,1072,6,1,S_Image_127.bmp-S_Lure_127.bmp,Niagara Falls,fire
14,1073,6,1,O_Image_57.bmp-O_Lure_57.bmp,Brush,ghost
14,1074,6,1,O_Image_66.bmp-O_Lure_66.bmp,Guitar,corner
14,1075,6,1,F_Image_4.bmp-F_Lure_4.bmp,Barack Obama,sunshine
14,1076,6,1,F_Image_24.bmp-F_Lure_24.bmp,Keanu Reeves,alcohol
14,1077,6,1,F_Image_35.bmp-F_Lure_35.bmp,Nikola Sarkozy,shadow
14,1078,6,1,F_Image_6.bmp-F_Lure_6.bmp,Brad Pitt,flood
14,1079,6,1,O_Image_58.bmp-O_Lure_58.bmp,Canoe,angel
