6,Trial,Cond,Block,ImageFiles,Labels,Cues
6,1,1,1,F_Lure_34.bmp,Nelson Mandela,NaN
6,2,1,1,O_Lure_62.bmp,FryingPan,NaN
6,3,1,1,F_Lure_32.bmp,Mick Jagger,NaN
6,4,1,1,F_Lure_46.bmp,Wayne Rooney,NaN
6,5,1,1,O_Lure_63.bmp,Globe,NaN
6,6,1,1,S_Image_120.bmp,Machu Picchu,NaN
6,7,1,1,S_Image_117.bmp,Kings College,NaN
6,8,1,1,O_Lure_66.bmp,Guitar,NaN
6,9,1,1,F_Image_7.bmp,Britney Spears,NaN
6,10,1,1,F_Lure_42.bmp,Scarlett Johansson,NaN
6,11,1,1,O_Lure_54.bmp,Bicycle,NaN
6,12,1,1,O_Lure_75.bmp,Necklace,NaN
6,13,1,1,O_Lure_89.bmp,Teddybear,NaN
6,14,1,1,F_Image_2.bmp,Amy Winehouse,NaN
6,15,1,1,F_Image_23.bmp,Julia Roberts,NaN
6,16,1,1,O_Image_68.bmp,Hat,NaN
6,17,1,1,F_Image_36.bmp,Penelope Cruz,NaN
6,18,1,1,O_Image_54.bmp,Bicycle,NaN
6,19,1,1,S_Lure_127.bmp,Niagara Falls,NaN
6,20,1,1,S_Lure_117.bmp,Kings College,NaN
6,21,1,1,O_Lure_93.bmp,Umbrella,NaN
6,22,1,1,S_Lure_115.bmp,Hagia Sophia,NaN
6,23,1,1,O_Lure_86.bmp,Soother,NaN
6,24,1,1,F_Image_6.bmp,Brad Pitt,NaN
6,25,1,1,O_Image_89.bmp,Teddybear,NaN
6,26,1,1,O_Image_62.bmp,FryingPan,NaN
6,27,1,1,F_Lure_15.bmp,Fidel Castro,NaN
6,28,1,1,F_Image_21.bmp,John Lennon,NaN
6,29,1,1,F_Image_22.bmp,Judi Dench,NaN
6,30,1,1,O_Image_67.bmp,Hammock,NaN
6,31,1,1,F_Lure_39.bmp,Robbie Williams,NaN
6,32,1,1,F_Lure_44.bmp,Tom Hanks,NaN
6,33,1,1,S_Lure_110.bmp,Forbidden City,NaN
6,34,1,1,S_Image_111.bmp,Gizeh Pyramids,NaN
6,35,1,1,O_Lure_73.bmp,Microscope,NaN
6,36,1,1,O_Lure_51.bmp,Basket,NaN
6,37,1,1,S_Image_123.bmp,Mount Everest,NaN
6,38,1,1,O_Lure_94.bmp,Watch,NaN
6,39,1,1,O_Image_50.bmp,Barbecue,NaN
6,40,1,1,S_Lure_139.bmp,Sydney Opera,NaN
6,41,1,1,O_Lure_92.bmp,Trophy,NaN
6,42,1,1,F_Image_16.bmp,George Bush,NaN
6,43,1,1,F_Image_20.bmp,Jennifer Lopez,NaN
6,44,1,1,O_Image_75.bmp,Necklace,NaN
6,45,1,1,F_Lure_35.bmp,Nikola Sarkozy,NaN
6,46,1,1,S_Image_105.bmp,Chichen Itza,NaN
6,47,1,1,S_Lure_105.bmp,Chichen Itza,NaN
6,48,1,1,S_Image_109.bmp,Eiffel Tower,NaN
6,49,1,1,O_Lure_95.bmp,Wheelchair,NaN
6,50,1,1,S_Lure_104.bmp,Brandenburg Gate,NaN
6,51,1,1,O_Lure_84.bmp,Skirt,NaN
6,52,1,1,S_Image_102.bmp,Ayers Rock,NaN
6,53,1,1,O_Lure_72.bmp,Lightbulb,NaN
6,54,1,1,S_Lure_109.bmp,Eiffel Tower,NaN
6,55,1,1,S_Image_135.bmp,Sahara Desert,NaN
6,56,1,1,F_Lure_7.bmp,Britney Spears,NaN
6,57,1,1,O_Lure_58.bmp,Canoe,NaN
6,58,1,1,F_Lure_12.bmp,David Beckham,NaN
6,59,1,1,O_Lure_60.bmp,Flask,NaN
6,60,1,1,O_Image_87.bmp,Stapler,NaN
6,61,1,1,S_Lure_137.bmp,Statue Of Liberty,NaN
6,62,1,1,S_Lure_103.bmp,Big Ben,NaN
6,63,1,1,O_Lure_81.bmp,Scale,NaN
6,64,1,1,S_Lure_142.bmp,Tower Bridge,NaN
6,65,1,1,O_Image_64.bmp,Goggles,NaN
6,66,1,1,O_Image_65.bmp,GrandPiano,NaN
6,67,1,1,F_Image_33.bmp,Mother Teresa,NaN
6,68,1,1,S_Image_127.bmp,Niagara Falls,NaN
6,69,1,1,O_Image_95.bmp,Wheelchair,NaN
6,70,1,1,S_Lure_120.bmp,Machu Picchu,NaN
6,71,1,1,S_Lure_116.bmp,Hollywood Sign,NaN
6,72,1,1,F_Image_14.bmp,Elvis Presley,NaN
6,73,1,1,O_Lure_78.bmp,Razor,NaN
6,74,1,1,S_Lure_138.bmp,Stonehenge,NaN
6,75,1,1,S_Image_144.bmp,White House,NaN
6,76,1,1,O_Lure_59.bmp,Fan,NaN
6,77,1,1,S_Image_141.bmp,Time Square,NaN
6,78,1,1,O_Image_96.bmp,Wineglass,NaN
6,79,1,1,F_Lure_26.bmp,Madonna,NaN
6,80,1,1,O_Lure_83.bmp,Shoe,NaN
6,81,1,1,S_Image_98.bmp,Alcatraz,NaN
6,82,1,1,S_Lure_141.bmp,Time Square,NaN
6,83,1,1,S_Lure_112.bmp,Golden Gate Bridge,NaN
6,84,1,1,F_Lure_4.bmp,Barack Obama,NaN
6,85,1,1,F_Lure_10.bmp,Dalai Lama,NaN
6,86,1,1,F_Image_30.bmp,Meryl Streep,NaN
6,87,1,1,F_Image_44.bmp,Tom Hanks,NaN
6,88,1,1,S_Lure_106.bmp,Christ The Redeemer,NaN
6,89,1,1,O_Image_81.bmp,Scale,NaN
6,90,1,1,S_Lure_136.bmp,Sistine Chapel,NaN
6,91,1,1,F_Image_48.bmp,Will Smith,NaN
6,92,1,1,S_Lure_134.bmp,Sagrada Familia,NaN
6,93,1,1,O_Lure_69.bmp,Headphones,NaN
6,94,1,1,O_Image_58.bmp,Canoe,NaN
6,95,1,1,O_Image_55.bmp,Binoculars,NaN
6,96,1,1,F_Lure_20.bmp,Jennifer Lopez,NaN
6,97,1,1,O_Lure_61.bmp,Football,NaN
6,98,1,1,S_Image_107.bmp,Colosseum,NaN
6,99,1,1,O_Lure_80.bmp,Rope,NaN
6,100,1,1,F_Image_12.bmp,David Beckham,NaN
6,101,1,1,O_Image_83.bmp,Shoe,NaN
6,102,1,1,S_Lure_107.bmp,Colosseum,NaN
6,103,1,1,F_Lure_24.bmp,Keanu Reeves,NaN
6,104,1,1,O_Lure_57.bmp,Brush,NaN
6,105,1,1,F_Lure_48.bmp,Will Smith,NaN
6,106,1,1,S_Lure_122.bmp,Mont Saint Michel,NaN
6,107,1,1,S_Image_134.bmp,Sagrada Familia,NaN
6,108,1,1,S_Image_143.bmp,Versailles,NaN
6,109,1,1,F_Lure_29.bmp,Marilyn Monroe,NaN
6,110,1,1,F_Image_25.bmp,Leonardo DiCaprio,NaN
6,111,1,1,F_Lure_21.bmp,John Lennon,NaN
6,112,1,1,S_Lure_98.bmp,Alcatraz,NaN
6,113,1,1,F_Lure_41.bmp,Rod Steward,NaN
6,114,1,1,F_Lure_31.bmp,Michael Jackson,NaN
6,115,1,1,F_Image_5.bmp,Bill Clinton,NaN
6,116,1,1,S_Lure_132.bmp,Red Square,NaN
6,117,1,1,S_Lure_121.bmp,Mecca,NaN
6,118,1,1,O_Image_79.bmp,Remote Control,NaN
6,119,1,1,S_Image_124.bmp,Mount Fuji,NaN
6,120,1,1,O_Image_84.bmp,Skirt,NaN
6,121,1,1,O_Image_72.bmp,Lightbulb,NaN
6,122,1,1,S_Lure_124.bmp,Mount Fuji,NaN
6,123,1,1,O_Lure_74.bmp,Mirror,NaN
6,124,1,1,F_Lure_28.bmp,Margaret Thatcher,NaN
6,125,1,1,O_Lure_56.bmp,Broom,NaN
6,126,1,1,F_Image_1.bmp,Albert Einstein,NaN
6,127,1,1,O_Lure_50.bmp,Barbecue,NaN
6,128,1,1,O_Image_93.bmp,Umbrella,NaN
6,129,1,1,O_Image_52.bmp,Bed,NaN
6,130,1,1,S_Image_137.bmp,Statue Of Liberty,NaN
6,131,1,1,S_Lure_126.bmp,Neu schwanstein Castle,NaN
6,132,1,1,O_Image_56.bmp,Broom,NaN
6,133,1,1,F_Image_18.bmp,Jack Nicholson,NaN
6,134,1,1,S_Image_100.bmp,Angkor Wat,NaN
6,135,1,1,F_Image_26.bmp,Madonna,NaN
6,136,1,1,F_Lure_40.bmp,Robert De Niro,NaN
6,137,1,1,F_Lure_2.bmp,Amy Winehouse,NaN
6,138,1,1,O_Image_92.bmp,Trophy,NaN
6,139,1,1,F_Lure_43.bmp,Tom Cruise,NaN
6,140,1,1,S_Image_138.bmp,Stonehenge,NaN
6,141,1,1,S_Image_121.bmp,Mecca,NaN
6,142,1,1,S_Lure_140.bmp,Taj Mahal,NaN
6,143,1,1,S_Image_119.bmp,Louvre,NaN
6,144,1,1,F_Image_29.bmp,Marilyn Monroe,NaN
6,145,1,1,S_Image_113.bmp,Grand Canyon,NaN
6,146,1,1,S_Image_108.bmp,Dover Cliffs,NaN
6,147,1,1,S_Image_140.bmp,Taj Mahal,NaN
6,148,1,1,O_Lure_79.bmp,Remote Control,NaN
6,149,1,1,O_Image_78.bmp,Razor,NaN
6,150,1,1,S_Lure_133.bmp,Rialto Bridge,NaN
6,151,1,1,S_Image_139.bmp,Sydney Opera,NaN
6,152,1,1,O_Lure_70.bmp,Key,NaN
6,153,1,1,F_Lure_13.bmp,Elton John,NaN
6,154,1,1,S_Lure_100.bmp,Angkor Wat,NaN
6,155,1,1,F_Image_15.bmp,Fidel Castro,NaN
6,156,1,1,F_Lure_19.bmp,James Dean,NaN
6,157,1,1,S_Image_110.bmp,Forbidden City,NaN
6,158,1,1,O_Image_91.bmp,Torch,NaN
6,159,1,1,S_Image_131.bmp,Rapa Nui,NaN
6,160,1,1,S_Image_132.bmp,Red Square,NaN
6,161,1,1,O_Image_85.bmp,Sock,NaN
6,162,1,1,O_Image_88.bmp,Suitcase,NaN
6,163,1,1,S_Lure_131.bmp,Rapa Nui,NaN
6,164,1,1,F_Lure_8.bmp,Cameron Diaz,NaN
6,165,1,1,S_Image_106.bmp,Christ The Redeemer,NaN
6,166,1,1,S_Image_130.bmp,Potala Palace,NaN
6,167,1,1,F_Lure_6.bmp,Brad Pitt,NaN
6,168,1,1,O_Lure_67.bmp,Hammock,NaN
6,169,1,1,S_Lure_125.bmp,Mount Rushmore,NaN
6,170,1,1,O_Image_80.bmp,Rope,NaN
6,171,1,1,F_Image_32.bmp,Mick Jagger,NaN
6,172,1,1,F_Lure_37.bmp,Pierce Brosnan,NaN
6,173,1,1,S_Image_115.bmp,Hagia Sophia,NaN
6,174,1,1,O_Image_82.bmp,Scissors,NaN
6,175,1,1,F_Image_17.bmp,George Clooney,NaN
6,176,1,1,O_Lure_85.bmp,Sock,NaN
6,177,1,1,O_Image_70.bmp,Key,NaN
6,178,1,1,S_Image_133.bmp,Rialto Bridge,NaN
6,179,1,1,F_Image_3.bmp,Angela Merkel,NaN
6,180,1,1,O_Lure_64.bmp,Goggles,NaN
6,181,1,1,F_Lure_23.bmp,Julia Roberts,NaN
6,182,1,1,S_Image_101.bmp,Atomium,NaN
6,183,1,1,F_Lure_45.bmp,Tony Blair,NaN
6,184,1,1,S_Lure_102.bmp,Ayers Rock,NaN
6,185,1,1,F_Image_28.bmp,Margaret Thatcher,NaN
6,186,1,1,F_Image_10.bmp,Dalai Lama,NaN
6,187,1,1,O_Image_49.bmp,Anchor,NaN
6,188,1,1,S_Lure_135.bmp,Sahara Desert,NaN
6,189,1,1,S_Lure_144.bmp,White House,NaN
6,190,1,1,S_Lure_99.bmp,Alhambra,NaN
6,191,1,1,F_Image_27.bmp,Mahadma Gandhi,NaN
6,192,1,1,F_Lure_47.bmp,Whoopi Goldberg,NaN
6,193,1,1,O_Lure_88.bmp,Suitcase,NaN
6,194,1,1,F_Image_34.bmp,Nelson Mandela,NaN
6,195,1,1,S_Lure_130.bmp,Potala Palace,NaN
6,196,1,1,F_Image_38.bmp,Queen Elisabeth,NaN
6,197,1,1,O_Image_77.bmp,Radio,NaN
6,198,1,1,S_Image_122.bmp,Mont Saint Michel,NaN
6,199,1,1,S_Lure_101.bmp,Atomium,NaN
6,200,1,1,F_Image_46.bmp,Wayne Rooney,NaN
6,201,1,1,O_Lure_68.bmp,Hat,NaN
6,202,1,1,O_Lure_65.bmp,GrandPiano,NaN
6,203,1,1,F_Image_43.bmp,Tom Cruise,NaN
6,204,1,1,O_Image_71.bmp,Ladder,NaN
6,205,1,1,F_Lure_22.bmp,Judi Dench,NaN
6,206,1,1,S_Image_97.bmp,Akropolis,NaN
6,207,1,1,O_Image_94.bmp,Watch,NaN
6,208,1,1,F_Lure_14.bmp,Elvis Presley,NaN
6,209,1,1,F_Image_45.bmp,Tony Blair,NaN
6,210,1,1,S_Lure_119.bmp,Louvre,NaN
6,211,1,1,O_Lure_53.bmp,Belt,NaN
6,212,1,1,F_Image_19.bmp,James Dean,NaN
6,213,1,1,F_Lure_17.bmp,George Clooney,NaN
6,214,1,1,F_Lure_27.bmp,Mahadma Gandhi,NaN
6,215,1,1,S_Image_112.bmp,Golden Gate Bridge,NaN
6,216,1,1,F_Lure_3.bmp,Angela Merkel,NaN
6,217,1,1,F_Lure_33.bmp,Mother Teresa,NaN
6,218,1,1,F_Image_4.bmp,Barack Obama,NaN
6,219,1,1,S_Lure_111.bmp,Gizeh Pyramids,NaN
6,220,1,1,S_Lure_113.bmp,Grand Canyon,NaN
6,221,1,1,S_Lure_118.bmp,Leaning Tower,NaN
6,222,1,1,F_Image_39.bmp,Robbie Williams,NaN
6,223,1,1,O_Lure_71.bmp,Ladder,NaN
6,224,1,1,O_Image_90.bmp,Telephone,NaN
6,225,1,1,O_Image_63.bmp,Globe,NaN
6,226,1,1,F_Lure_16.bmp,George Bush,NaN
6,227,1,1,O_Lure_90.bmp,Telephone,NaN
6,228,1,1,S_Image_142.bmp,Tower Bridge,NaN
6,229,1,1,S_Image_136.bmp,Sistine Chapel,NaN
6,230,1,1,O_Image_74.bmp,Mirror,NaN
6,231,1,1,S_Lure_123.bmp,Mount Everest,NaN
6,232,1,1,F_Image_41.bmp,Rod Steward,NaN
6,233,1,1,S_Image_118.bmp,Leaning Tower,NaN
6,234,1,1,F_Image_24.bmp,Keanu Reeves,NaN
6,235,1,1,S_Image_103.bmp,Big Ben,NaN
6,236,1,1,S_Lure_97.bmp,Akropolis,NaN
6,237,1,1,S_Lure_129.bmp,Petra,NaN
6,238,1,1,F_Lure_30.bmp,Meryl Streep,NaN
6,239,1,1,F_Image_47.bmp,Whoopi Goldberg,NaN
6,240,1,1,O_Lure_49.bmp,Anchor,NaN
6,241,1,1,S_Lure_143.bmp,Versailles,NaN
6,242,1,1,O_Lure_96.bmp,Wineglass,NaN
6,243,1,1,O_Image_73.bmp,Microscope,NaN
6,244,1,1,F_Lure_25.bmp,Leonardo DiCaprio,NaN
6,245,1,1,F_Image_42.bmp,Scarlett Johansson,NaN
6,246,1,1,S_Lure_128.bmp,Notre Dame,NaN
6,247,1,1,O_Image_53.bmp,Belt,NaN
6,248,1,1,S_Image_99.bmp,Alhambra,NaN
6,249,1,1,F_Image_37.bmp,Pierce Brosnan,NaN
6,250,1,1,S_Lure_114.bmp,Great Wall,NaN
6,251,1,1,F_Image_13.bmp,Elton John,NaN
6,252,1,1,F_Lure_11.bmp,Daniel Radcliffe,NaN
6,253,1,1,O_Image_60.bmp,Flask,NaN
6,254,1,1,F_Lure_5.bmp,Bill Clinton,NaN
6,255,1,1,S_Image_129.bmp,Petra,NaN
6,256,1,1,O_Image_59.bmp,Fan,NaN
6,257,1,1,F_Image_35.bmp,Nikola Sarkozy,NaN
6,258,1,1,S_Image_126.bmp,Neu schwanstein Castle,NaN
6,259,1,1,S_Image_104.bmp,Brandenburg Gate,NaN
6,260,1,1,F_Lure_36.bmp,Penelope Cruz,NaN
6,261,1,1,F_Image_8.bmp,Cameron Diaz,NaN
6,262,1,1,F_Lure_9.bmp,Charlie Chaplin,NaN
6,263,1,1,S_Image_116.bmp,Hollywood Sign,NaN
6,264,1,1,F_Image_11.bmp,Daniel Radcliffe,NaN
6,265,1,1,F_Lure_38.bmp,Queen Elisabeth,NaN
6,266,1,1,O_Image_69.bmp,Headphones,NaN
6,267,1,1,S_Lure_108.bmp,Dover Cliffs,NaN
6,268,1,1,O_Lure_52.bmp,Bed,NaN
6,269,1,1,F_Image_9.bmp,Charlie Chaplin,NaN
6,270,1,1,O_Lure_91.bmp,Torch,NaN
6,271,1,1,S_Image_114.bmp,Great Wall,NaN
6,272,1,1,F_Image_40.bmp,Robert De Niro,NaN
6,273,1,1,O_Image_76.bmp,Pillows,NaN
6,274,1,1,O_Lure_55.bmp,Binoculars,NaN
6,275,1,1,O_Image_61.bmp,Football,NaN
6,276,1,1,O_Lure_87.bmp,Stapler,NaN
6,277,1,1,O_Lure_82.bmp,Scissors,NaN
6,278,1,1,S_Image_128.bmp,Notre Dame,NaN
6,279,1,1,O_Lure_77.bmp,Radio,NaN
6,280,1,1,O_Image_57.bmp,Brush,NaN
6,281,1,1,O_Image_86.bmp,Soother,NaN
6,282,1,1,F_Lure_18.bmp,Jack Nicholson,NaN
6,283,1,1,F_Lure_1.bmp,Albert Einstein,NaN
6,284,1,1,F_Image_31.bmp,Michael Jackson,NaN
6,285,1,1,O_Lure_76.bmp,Pillows,NaN
6,286,1,1,O_Image_51.bmp,Basket,NaN
6,287,1,1,S_Image_125.bmp,Mount Rushmore,NaN
6,288,1,1,O_Image_66.bmp,Guitar,NaN
6,289,1,1,F_Lure_46.bmp,Wayne Rooney,NaN
6,290,1,1,S_Image_120.bmp,Machu Picchu,NaN
6,291,1,1,S_Image_117.bmp,Kings College,NaN
6,292,1,1,S_Lure_115.bmp,Hagia Sophia,NaN
6,293,1,1,F_Lure_39.bmp,Robbie Williams,NaN
6,294,1,1,S_Lure_110.bmp,Forbidden City,NaN
6,295,1,1,F_Lure_35.bmp,Nikola Sarkozy,NaN
6,296,1,1,S_Image_102.bmp,Ayers Rock,NaN
6,297,1,1,F_Lure_12.bmp,David Beckham,NaN
6,298,1,1,S_Lure_136.bmp,Sistine Chapel,NaN
6,299,1,1,S_Lure_134.bmp,Sagrada Familia,NaN
6,300,1,1,S_Lure_121.bmp,Mecca,NaN
6,301,1,1,S_Image_124.bmp,Mount Fuji,NaN
6,302,1,1,S_Lure_126.bmp,Neu schwanstein Castle,NaN
6,303,1,1,S_Image_100.bmp,Angkor Wat,NaN
6,304,1,1,S_Lure_133.bmp,Rialto Bridge,NaN
6,305,1,1,F_Lure_19.bmp,James Dean,NaN
6,306,1,1,S_Image_131.bmp,Rapa Nui,NaN
6,307,1,1,S_Image_130.bmp,Potala Palace,NaN
6,308,1,1,S_Lure_102.bmp,Ayers Rock,NaN
6,309,1,1,S_Lure_99.bmp,Alhambra,NaN
6,310,1,1,F_Image_46.bmp,Wayne Rooney,NaN
6,311,1,1,S_Image_97.bmp,Akropolis,NaN
6,312,1,1,F_Image_19.bmp,James Dean,NaN
6,313,1,1,F_Image_39.bmp,Robbie Williams,NaN
6,314,1,1,S_Lure_129.bmp,Petra,NaN
6,315,1,1,S_Lure_128.bmp,Notre Dame,NaN
6,316,1,1,S_Image_99.bmp,Alhambra,NaN
6,317,1,1,F_Image_35.bmp,Nikola Sarkozy,NaN
6,318,1.5,1,F_Image_48.bmp,Will Smith,yellow
6,319,1.5,1,S_Image_106.bmp,Christ The Redeemer,hurricane
6,320,1.5,1,S_Image_108.bmp,Dover Cliffs,spray
6,321,1.5,1,S_Image_143.bmp,Versailles,scar
6,322,1.5,1,F_Image_17.bmp,George Clooney,corner
6,323,1.5,1,S_Image_124.bmp,Mount Fuji,drizzle
6,324,1.5,1,F_Image_6.bmp,Brad Pitt,asphalt
6,325,1.5,1,F_Image_13.bmp,Elton John,breakfast
6,326,1.5,1,F_Image_31.bmp,Michael Jackson,quake
6,327,1.5,1,F_Image_19.bmp,James Dean,triangle
6,328,1.5,1,F_Image_1.bmp,Albert Einstein,army
6,329,1.5,1,O_Image_71.bmp,Ladder,alien
6,330,1.5,1,S_Image_111.bmp,Gizeh Pyramids,signal
6,331,1.5,1,S_Image_129.bmp,Petra,wound
6,332,1.5,1,S_Image_139.bmp,Sydney Opera,stripe
6,333,1.5,1,S_Image_102.bmp,Ayers Rock,ghost
6,334,1.5,1,F_Image_45.bmp,Tony Blair,crumb
6,335,1.5,1,F_Image_18.bmp,Jack Nicholson,sweat
6,336,1.5,1,S_Image_127.bmp,Niagara Falls,antique
6,337,1.5,1,O_Image_92.bmp,Trophy,alcohol
6,338,1.5,1,S_Image_123.bmp,Mount Everest,sunshine
6,339,1.5,1,F_Image_15.bmp,Fidel Castro,stem
6,340,1.5,1,O_Image_70.bmp,Key,shadow
6,341,1.5,1,S_Image_97.bmp,Akropolis,harem
6,342,2,1,F_Image_18.bmp-F_Lure_18.bmp,Jack Nicholson,sweat
6,343,2,1,F_Image_48.bmp-F_Lure_48.bmp,Will Smith,yellow
6,344,2,1,F_Image_13.bmp-F_Lure_13.bmp,Elton John,breakfast
6,345,2,1,S_Image_139.bmp-S_Lure_139.bmp,Sydney Opera,stripe
6,346,2,1,F_Image_6.bmp-F_Lure_6.bmp,Brad Pitt,asphalt
6,347,2,1,S_Image_97.bmp-S_Lure_97.bmp,Akropolis,harem
6,348,2,1,S_Image_143.bmp-S_Lure_143.bmp,Versailles,scar
6,349,2,1,S_Image_124.bmp-S_Lure_124.bmp,Mount Fuji,drizzle
6,350,2,1,S_Image_127.bmp-S_Lure_127.bmp,Niagara Falls,antique
6,351,2,1,S_Image_129.bmp-S_Lure_129.bmp,Petra,wound
6,352,2,1,O_Image_70.bmp-O_Lure_70.bmp,Key,shadow
6,353,2,1,S_Image_108.bmp-S_Lure_108.bmp,Dover Cliffs,spray
6,354,2,1,O_Image_71.bmp-O_Lure_71.bmp,Ladder,alien
6,355,2,1,S_Image_102.bmp-S_Lure_102.bmp,Ayers Rock,ghost
6,356,2,1,F_Image_19.bmp-F_Lure_19.bmp,James Dean,triangle
6,357,2,1,S_Image_123.bmp-S_Lure_123.bmp,Mount Everest,sunshine
6,358,2,1,F_Image_17.bmp-F_Lure_17.bmp,George Clooney,corner
6,359,2,1,F_Image_15.bmp-F_Lure_15.bmp,Fidel Castro,stem
6,360,2,1,F_Image_45.bmp-F_Lure_45.bmp,Tony Blair,crumb
6,361,2,1,S_Image_106.bmp-S_Lure_106.bmp,Christ The Redeemer,hurricane
6,362,2,1,O_Image_92.bmp-O_Lure_92.bmp,Trophy,alcohol
6,363,2,1,F_Image_31.bmp-F_Lure_31.bmp,Michael Jackson,quake
6,364,2,1,F_Image_1.bmp-F_Lure_1.bmp,Albert Einstein,army
6,365,2,1,S_Image_111.bmp-S_Lure_111.bmp,Gizeh Pyramids,signal
6,366,3,1,S_Image_124.bmp-S_Lure_124.bmp,Mount Fuji,drizzle
6,367,3,1,S_Image_108.bmp-S_Lure_108.bmp,Dover Cliffs,spray
6,368,3,1,F_Image_15.bmp-F_Lure_15.bmp,Fidel Castro,stem
6,369,3,1,F_Image_31.bmp-F_Lure_31.bmp,Michael Jackson,quake
6,370,3,1,S_Image_102.bmp-S_Lure_102.bmp,Ayers Rock,ghost
6,371,3,1,F_Image_1.bmp-F_Lure_1.bmp,Albert Einstein,army
6,372,3,1,O_Image_71.bmp-O_Lure_71.bmp,Ladder,alien
6,373,3,1,F_Image_45.bmp-F_Lure_45.bmp,Tony Blair,crumb
6,374,3,1,S_Image_129.bmp-S_Lure_129.bmp,Petra,wound
6,375,3,1,F_Image_17.bmp-F_Lure_17.bmp,George Clooney,corner
6,376,3,1,S_Image_111.bmp-S_Lure_111.bmp,Gizeh Pyramids,signal
6,377,3,1,F_Image_48.bmp-F_Lure_48.bmp,Will Smith,yellow
6,378,3,1,F_Image_19.bmp-F_Lure_19.bmp,James Dean,triangle
6,379,3,1,S_Image_127.bmp-S_Lure_127.bmp,Niagara Falls,antique
6,380,3,1,S_Image_106.bmp-S_Lure_106.bmp,Christ The Redeemer,hurricane
6,381,3,1,O_Image_92.bmp-O_Lure_92.bmp,Trophy,alcohol
6,382,3,1,O_Image_70.bmp-O_Lure_70.bmp,Key,shadow
6,383,3,1,F_Image_6.bmp-F_Lure_6.bmp,Brad Pitt,asphalt
6,384,3,1,S_Image_97.bmp-S_Lure_97.bmp,Akropolis,harem
6,385,3,1,S_Image_123.bmp-S_Lure_123.bmp,Mount Everest,sunshine
6,386,3,1,F_Image_18.bmp-F_Lure_18.bmp,Jack Nicholson,sweat
6,387,3,1,S_Image_139.bmp-S_Lure_139.bmp,Sydney Opera,stripe
6,388,3,1,F_Image_13.bmp-F_Lure_13.bmp,Elton John,breakfast
6,389,3,1,S_Image_143.bmp-S_Lure_143.bmp,Versailles,scar
6,390,1.5,2,S_Image_112.bmp,Golden Gate Bridge,paper
6,391,1.5,2,F_Image_47.bmp,Whoopi Goldberg,marble
6,392,1.5,2,O_Image_57.bmp,Brush,snow
6,393,1.5,2,O_Image_69.bmp,Headphones,costume
6,394,1.5,2,S_Image_128.bmp,Notre Dame,black
6,395,1.5,2,O_Image_63.bmp,Globe,board
6,396,1.5,2,O_Image_79.bmp,Remote Control,sand
6,397,1.5,2,O_Image_58.bmp,Canoe,arrow
6,398,1.5,2,F_Image_30.bmp,Meryl Streep,wool
6,399,1.5,2,O_Image_53.bmp,Belt,laundry
6,400,1.5,2,F_Image_3.bmp,Angela Merkel,seed
6,401,1.5,2,F_Image_5.bmp,Bill Clinton,cloud
6,402,1.5,2,O_Image_51.bmp,Basket,wreck
6,403,1.5,2,S_Image_107.bmp,Colosseum,tear
6,404,1.5,2,O_Image_65.bmp,GrandPiano,spike
6,405,1.5,2,O_Image_50.bmp,Barbecue,money
6,406,1.5,2,O_Image_62.bmp,FryingPan,measles
6,407,1.5,2,S_Image_117.bmp,Kings College,giant
6,408,1.5,2,S_Image_134.bmp,Sagrada Familia,animal
6,409,1.5,2,O_Image_68.bmp,Hat,honeymoon
6,410,1.5,2,F_Image_37.bmp,Pierce Brosnan,tail
6,411,1.5,2,F_Image_39.bmp,Robbie Williams,fuel
6,412,1.5,2,S_Image_135.bmp,Sahara Desert,witch
6,413,1.5,2,S_Image_132.bmp,Red Square,fire
6,414,2,2,O_Image_50.bmp-O_Lure_50.bmp,Barbecue,money
6,415,2,2,O_Image_63.bmp-O_Lure_63.bmp,Globe,board
6,416,2,2,F_Image_37.bmp-F_Lure_37.bmp,Pierce Brosnan,tail
6,417,2,2,F_Image_30.bmp-F_Lure_30.bmp,Meryl Streep,wool
6,418,2,2,O_Image_65.bmp-O_Lure_65.bmp,GrandPiano,spike
6,419,2,2,F_Image_5.bmp-F_Lure_5.bmp,Bill Clinton,cloud
6,420,2,2,S_Image_128.bmp-S_Lure_128.bmp,Notre Dame,black
6,421,2,2,F_Image_47.bmp-F_Lure_47.bmp,Whoopi Goldberg,marble
6,422,2,2,F_Image_3.bmp-F_Lure_3.bmp,Angela Merkel,seed
6,423,2,2,S_Image_134.bmp-S_Lure_134.bmp,Sagrada Familia,animal
6,424,2,2,O_Image_51.bmp-O_Lure_51.bmp,Basket,wreck
6,425,2,2,O_Image_57.bmp-O_Lure_57.bmp,Brush,snow
6,426,2,2,S_Image_112.bmp-S_Lure_112.bmp,Golden Gate Bridge,paper
6,427,2,2,S_Image_107.bmp-S_Lure_107.bmp,Colosseum,tear
6,428,2,2,O_Image_53.bmp-O_Lure_53.bmp,Belt,laundry
6,429,2,2,O_Image_79.bmp-O_Lure_79.bmp,Remote Control,sand
6,430,2,2,O_Image_69.bmp-O_Lure_69.bmp,Headphones,costume
6,431,2,2,O_Image_68.bmp-O_Lure_68.bmp,Hat,honeymoon
6,432,2,2,S_Image_132.bmp-S_Lure_132.bmp,Red Square,fire
6,433,2,2,O_Image_58.bmp-O_Lure_58.bmp,Canoe,arrow
6,434,2,2,F_Image_39.bmp-F_Lure_39.bmp,Robbie Williams,fuel
6,435,2,2,O_Image_62.bmp-O_Lure_62.bmp,FryingPan,measles
6,436,2,2,S_Image_135.bmp-S_Lure_135.bmp,Sahara Desert,witch
6,437,2,2,S_Image_117.bmp-S_Lure_117.bmp,Kings College,giant
6,438,3,2,F_Image_30.bmp-F_Lure_30.bmp,Meryl Streep,wool
6,439,3,2,F_Image_3.bmp-F_Lure_3.bmp,Angela Merkel,seed
6,440,3,2,F_Image_37.bmp-F_Lure_37.bmp,Pierce Brosnan,tail
6,441,3,2,O_Image_53.bmp-O_Lure_53.bmp,Belt,laundry
6,442,3,2,F_Image_39.bmp-F_Lure_39.bmp,Robbie Williams,fuel
6,443,3,2,S_Image_117.bmp-S_Lure_117.bmp,Kings College,giant
6,444,3,2,S_Image_134.bmp-S_Lure_134.bmp,Sagrada Familia,animal
6,445,3,2,O_Image_62.bmp-O_Lure_62.bmp,FryingPan,measles
6,446,3,2,S_Image_107.bmp-S_Lure_107.bmp,Colosseum,tear
6,447,3,2,S_Image_132.bmp-S_Lure_132.bmp,Red Square,fire
6,448,3,2,O_Image_65.bmp-O_Lure_65.bmp,GrandPiano,spike
6,449,3,2,O_Image_68.bmp-O_Lure_68.bmp,Hat,honeymoon
6,450,3,2,F_Image_47.bmp-F_Lure_47.bmp,Whoopi Goldberg,marble
6,451,3,2,O_Image_69.bmp-O_Lure_69.bmp,Headphones,costume
6,452,3,2,O_Image_63.bmp-O_Lure_63.bmp,Globe,board
6,453,3,2,S_Image_128.bmp-S_Lure_128.bmp,Notre Dame,black
6,454,3,2,S_Image_112.bmp-S_Lure_112.bmp,Golden Gate Bridge,paper
6,455,3,2,F_Image_5.bmp-F_Lure_5.bmp,Bill Clinton,cloud
6,456,3,2,O_Image_79.bmp-O_Lure_79.bmp,Remote Control,sand
6,457,3,2,O_Image_50.bmp-O_Lure_50.bmp,Barbecue,money
6,458,3,2,O_Image_58.bmp-O_Lure_58.bmp,Canoe,arrow
6,459,3,2,O_Image_57.bmp-O_Lure_57.bmp,Brush,snow
6,460,3,2,O_Image_51.bmp-O_Lure_51.bmp,Basket,wreck
6,461,3,2,S_Image_135.bmp-S_Lure_135.bmp,Sahara Desert,witch
6,462,1.5,3,O_Image_96.bmp,Wineglass,water
6,463,1.5,3,F_Image_4.bmp,Barack Obama,hostage
6,464,1.5,3,F_Image_22.bmp,Judi Dench,attack
6,465,1.5,3,S_Image_113.bmp,Grand Canyon,steam
6,466,1.5,3,O_Image_56.bmp,Broom,arch
6,467,1.5,3,O_Image_75.bmp,Necklace,magnet
6,468,1.5,3,O_Image_81.bmp,Scale,lever
6,469,1.5,3,S_Image_144.bmp,White House,kiss
6,470,1.5,3,F_Image_7.bmp,Britney Spears,menu
6,471,1.5,3,O_Image_86.bmp,Soother,tourist
6,472,1.5,3,F_Image_10.bmp,Dalai Lama,rock
6,473,1.5,3,F_Image_42.bmp,Scarlett Johansson,poison
6,474,1.5,3,O_Image_73.bmp,Microscope,tube
6,475,1.5,3,S_Image_110.bmp,Forbidden City,flood
6,476,1.5,3,S_Image_105.bmp,Chichen Itza,orchestra
6,477,1.5,3,O_Image_94.bmp,Watch,vegetable
6,478,1.5,3,O_Image_61.bmp,Football,angel
6,479,1.5,3,S_Image_104.bmp,Brandenburg Gate,cone
6,480,1.5,3,O_Image_95.bmp,Wheelchair,shell
6,481,1.5,3,S_Image_114.bmp,Great Wall,corpse
6,482,1.5,3,F_Image_43.bmp,Tom Cruise,galaxy
6,483,1.5,3,F_Image_23.bmp,Julia Roberts,bubble
6,484,1.5,3,O_Image_82.bmp,Scissors,slope
6,485,1.5,3,F_Image_32.bmp,Mick Jagger,rust
6,486,2,3,F_Image_10.bmp-F_Lure_10.bmp,Dalai Lama,rock
6,487,2,3,O_Image_82.bmp-O_Lure_82.bmp,Scissors,slope
6,488,2,3,F_Image_32.bmp-F_Lure_32.bmp,Mick Jagger,rust
6,489,2,3,S_Image_104.bmp-S_Lure_104.bmp,Brandenburg Gate,cone
6,490,2,3,O_Image_86.bmp-O_Lure_86.bmp,Soother,tourist
6,491,2,3,O_Image_61.bmp-O_Lure_61.bmp,Football,angel
6,492,2,3,O_Image_81.bmp-O_Lure_81.bmp,Scale,lever
6,493,2,3,O_Image_56.bmp-O_Lure_56.bmp,Broom,arch
6,494,2,3,S_Image_144.bmp-S_Lure_144.bmp,White House,kiss
6,495,2,3,O_Image_94.bmp-O_Lure_94.bmp,Watch,vegetable
6,496,2,3,F_Image_7.bmp-F_Lure_7.bmp,Britney Spears,menu
6,497,2,3,F_Image_43.bmp-F_Lure_43.bmp,Tom Cruise,galaxy
6,498,2,3,O_Image_75.bmp-O_Lure_75.bmp,Necklace,magnet
6,499,2,3,S_Image_114.bmp-S_Lure_114.bmp,Great Wall,corpse
6,500,2,3,F_Image_4.bmp-F_Lure_4.bmp,Barack Obama,hostage
6,501,2,3,S_Image_113.bmp-S_Lure_113.bmp,Grand Canyon,steam
6,502,2,3,O_Image_95.bmp-O_Lure_95.bmp,Wheelchair,shell
6,503,2,3,F_Image_42.bmp-F_Lure_42.bmp,Scarlett Johansson,poison
6,504,2,3,S_Image_110.bmp-S_Lure_110.bmp,Forbidden City,flood
6,505,2,3,F_Image_23.bmp-F_Lure_23.bmp,Julia Roberts,bubble
6,506,2,3,O_Image_73.bmp-O_Lure_73.bmp,Microscope,tube
6,507,2,3,O_Image_96.bmp-O_Lure_96.bmp,Wineglass,water
6,508,2,3,F_Image_22.bmp-F_Lure_22.bmp,Judi Dench,attack
6,509,2,3,S_Image_105.bmp-S_Lure_105.bmp,Chichen Itza,orchestra
6,510,3,3,F_Image_10.bmp-F_Lure_10.bmp,Dalai Lama,rock
6,511,3,3,S_Image_113.bmp-S_Lure_113.bmp,Grand Canyon,steam
6,512,3,3,F_Image_22.bmp-F_Lure_22.bmp,Judi Dench,attack
6,513,3,3,O_Image_81.bmp-O_Lure_81.bmp,Scale,lever
6,514,3,3,F_Image_23.bmp-F_Lure_23.bmp,Julia Roberts,bubble
6,515,3,3,O_Image_96.bmp-O_Lure_96.bmp,Wineglass,water
6,516,3,3,O_Image_95.bmp-O_Lure_95.bmp,Wheelchair,shell
6,517,3,3,S_Image_144.bmp-S_Lure_144.bmp,White House,kiss
6,518,3,3,O_Image_73.bmp-O_Lure_73.bmp,Microscope,tube
6,519,3,3,S_Image_114.bmp-S_Lure_114.bmp,Great Wall,corpse
6,520,3,3,O_Image_75.bmp-O_Lure_75.bmp,Necklace,magnet
6,521,3,3,O_Image_94.bmp-O_Lure_94.bmp,Watch,vegetable
6,522,3,3,S_Image_110.bmp-S_Lure_110.bmp,Forbidden City,flood
6,523,3,3,O_Image_61.bmp-O_Lure_61.bmp,Football,angel
6,524,3,3,S_Image_104.bmp-S_Lure_104.bmp,Brandenburg Gate,cone
6,525,3,3,F_Image_4.bmp-F_Lure_4.bmp,Barack Obama,hostage
6,526,3,3,F_Image_43.bmp-F_Lure_43.bmp,Tom Cruise,galaxy
6,527,3,3,F_Image_7.bmp-F_Lure_7.bmp,Britney Spears,menu
6,528,3,3,F_Image_42.bmp-F_Lure_42.bmp,Scarlett Johansson,poison
6,529,3,3,O_Image_82.bmp-O_Lure_82.bmp,Scissors,slope
6,530,3,3,O_Image_56.bmp-O_Lure_56.bmp,Broom,arch
6,531,3,3,S_Image_105.bmp-S_Lure_105.bmp,Chichen Itza,orchestra
6,532,3,3,O_Image_86.bmp-O_Lure_86.bmp,Soother,tourist
6,533,3,3,F_Image_32.bmp-F_Lure_32.bmp,Mick Jagger,rust
6,534,3.5,1,F_Image_27.bmp,Mahadma Gandhi,kiss
6,535,3.5,1,F_Image_9.bmp,Charlie Chaplin,board
6,536,3.5,1,O_Image_87.bmp,Stapler,breakfast
6,537,3.5,1,S_Image_137.bmp,Statue Of Liberty,snow
6,538,3.5,1,F_Image_11.bmp,Daniel Radcliffe,arch
6,539,3.5,1,O_Image_77.bmp,Radio,menu
6,540,3.5,1,F_Image_28.bmp,Margaret Thatcher,hurricane
6,541,3.5,1,O_Image_80.bmp,Rope,triangle
6,542,3.5,1,F_Image_40.bmp,Robert De Niro,witch
6,543,3.5,1,O_Image_90.bmp,Telephone,poison
6,544,3.5,1,O_Image_66.bmp,Guitar,ghost
6,545,3.5,1,F_Image_35.bmp,Nikola Sarkozy,scar
6,546,3.5,1,F_Image_21.bmp,John Lennon,vegetable
6,547,3.5,1,O_Image_54.bmp,Bicycle,wound
6,548,3.5,1,F_Image_46.bmp,Wayne Rooney,sunshine
6,549,3.5,1,S_Image_133.bmp,Rialto Bridge,money
6,550,3.5,1,S_Image_99.bmp,Alhambra,tail
6,551,3.5,1,S_Image_109.bmp,Eiffel Tower,rock
6,552,3.5,1,O_Image_89.bmp,Teddybear,hostage
6,553,3.5,1,F_Image_14.bmp,Elvis Presley,arrow
6,554,3.5,1,S_Image_126.bmp,Neu schwanstein Castle,magnet
6,555,3.5,1,S_Image_103.bmp,Big Ben,seed
6,556,3.5,1,S_Image_98.bmp,Alcatraz,asphalt
6,557,3.5,1,S_Image_142.bmp,Tower Bridge,shell
6,558,4,1,O_Image_54.bmp-O_Lure_54.bmp,Bicycle,wound
6,559,4,1,S_Image_99.bmp-S_Lure_99.bmp,Alhambra,tail
6,560,4,1,F_Image_14.bmp-F_Lure_14.bmp,Elvis Presley,arrow
6,561,4,1,S_Image_98.bmp-S_Lure_98.bmp,Alcatraz,asphalt
6,562,4,1,F_Image_11.bmp-F_Lure_11.bmp,Daniel Radcliffe,arch
6,563,4,1,S_Image_109.bmp-S_Lure_109.bmp,Eiffel Tower,rock
6,564,4,1,F_Image_46.bmp-F_Lure_46.bmp,Wayne Rooney,sunshine
6,565,4,1,F_Image_40.bmp-F_Lure_40.bmp,Robert De Niro,witch
6,566,4,1,F_Image_27.bmp-F_Lure_27.bmp,Mahadma Gandhi,kiss
6,567,4,1,S_Image_103.bmp-S_Lure_103.bmp,Big Ben,seed
6,568,4,1,S_Image_126.bmp-S_Lure_126.bmp,Neu schwanstein Castle,magnet
6,569,4,1,S_Image_133.bmp-S_Lure_133.bmp,Rialto Bridge,money
6,570,4,1,O_Image_66.bmp-O_Lure_66.bmp,Guitar,ghost
6,571,4,1,F_Image_28.bmp-F_Lure_28.bmp,Margaret Thatcher,hurricane
6,572,4,1,F_Image_21.bmp-F_Lure_21.bmp,John Lennon,vegetable
6,573,4,1,F_Image_9.bmp-F_Lure_9.bmp,Charlie Chaplin,board
6,574,4,1,S_Image_142.bmp-S_Lure_142.bmp,Tower Bridge,shell
6,575,4,1,F_Image_35.bmp-F_Lure_35.bmp,Nikola Sarkozy,scar
6,576,4,1,O_Image_90.bmp-O_Lure_90.bmp,Telephone,poison
6,577,4,1,S_Image_137.bmp-S_Lure_137.bmp,Statue Of Liberty,snow
6,578,4,1,O_Image_80.bmp-O_Lure_80.bmp,Rope,triangle
6,579,4,1,O_Image_77.bmp-O_Lure_77.bmp,Radio,menu
6,580,4,1,O_Image_87.bmp-O_Lure_87.bmp,Stapler,breakfast
6,581,4,1,O_Image_89.bmp-O_Lure_89.bmp,Teddybear,hostage
6,582,3.5,2,O_Image_67.bmp,Hammock,corpse
6,583,3.5,2,F_Image_12.bmp,David Beckham,wreck
6,584,3.5,2,O_Image_83.bmp,Shoe,yellow
6,585,3.5,2,O_Image_64.bmp,Goggles,animal
6,586,3.5,2,O_Image_76.bmp,Pillows,harem
6,587,3.5,2,O_Image_59.bmp,Fan,paper
6,588,3.5,2,F_Image_8.bmp,Cameron Diaz,angel
6,589,3.5,2,F_Image_25.bmp,Leonardo DiCaprio,alien
6,590,3.5,2,O_Image_74.bmp,Mirror,black
6,591,3.5,2,O_Image_49.bmp,Anchor,antique
6,592,3.5,2,O_Image_91.bmp,Torch,stem
6,593,3.5,2,F_Image_26.bmp,Madonna,measles
6,594,3.5,2,F_Image_33.bmp,Mother Teresa,spray
6,595,3.5,2,S_Image_115.bmp,Hagia Sophia,attack
6,596,3.5,2,S_Image_101.bmp,Atomium,fuel
6,597,3.5,2,F_Image_38.bmp,Queen Elisabeth,signal
6,598,3.5,2,S_Image_131.bmp,Rapa Nui,shadow
6,599,3.5,2,S_Image_141.bmp,Time Square,costume
6,600,3.5,2,F_Image_2.bmp,Amy Winehouse,spike
6,601,3.5,2,O_Image_84.bmp,Skirt,marble
6,602,3.5,2,O_Image_88.bmp,Suitcase,army
6,603,3.5,2,O_Image_85.bmp,Sock,quake
6,604,3.5,2,F_Image_44.bmp,Tom Hanks,stripe
6,605,3.5,2,F_Image_24.bmp,Keanu Reeves,alcohol
6,606,4,2,F_Image_33.bmp-F_Lure_33.bmp,Mother Teresa,spray
6,607,4,2,O_Image_85.bmp-O_Lure_85.bmp,Sock,quake
6,608,4,2,O_Image_83.bmp-O_Lure_83.bmp,Shoe,yellow
6,609,4,2,O_Image_88.bmp-O_Lure_88.bmp,Suitcase,army
6,610,4,2,O_Image_64.bmp-O_Lure_64.bmp,Goggles,animal
6,611,4,2,O_Image_84.bmp-O_Lure_84.bmp,Skirt,marble
6,612,4,2,F_Image_12.bmp-F_Lure_12.bmp,David Beckham,wreck
6,613,4,2,F_Image_24.bmp-F_Lure_24.bmp,Keanu Reeves,alcohol
6,614,4,2,S_Image_101.bmp-S_Lure_101.bmp,Atomium,fuel
6,615,4,2,S_Image_115.bmp-S_Lure_115.bmp,Hagia Sophia,attack
6,616,4,2,O_Image_59.bmp-O_Lure_59.bmp,Fan,paper
6,617,4,2,O_Image_76.bmp-O_Lure_76.bmp,Pillows,harem
6,618,4,2,O_Image_74.bmp-O_Lure_74.bmp,Mirror,black
6,619,4,2,O_Image_91.bmp-O_Lure_91.bmp,Torch,stem
6,620,4,2,F_Image_38.bmp-F_Lure_38.bmp,Queen Elisabeth,signal
6,621,4,2,S_Image_131.bmp-S_Lure_131.bmp,Rapa Nui,shadow
6,622,4,2,O_Image_49.bmp-O_Lure_49.bmp,Anchor,antique
6,623,4,2,O_Image_67.bmp-O_Lure_67.bmp,Hammock,corpse
6,624,4,2,F_Image_2.bmp-F_Lure_2.bmp,Amy Winehouse,spike
6,625,4,2,F_Image_26.bmp-F_Lure_26.bmp,Madonna,measles
6,626,4,2,S_Image_141.bmp-S_Lure_141.bmp,Time Square,costume
6,627,4,2,F_Image_44.bmp-F_Lure_44.bmp,Tom Hanks,stripe
6,628,4,2,F_Image_25.bmp-F_Lure_25.bmp,Leonardo DiCaprio,alien
6,629,4,2,F_Image_8.bmp-F_Lure_8.bmp,Cameron Diaz,angel
6,630,3.5,3,S_Image_121.bmp,Mecca,cloud
6,631,3.5,3,S_Image_130.bmp,Potala Palace,lever
6,632,3.5,3,S_Image_136.bmp,Sistine Chapel,laundry
6,633,3.5,3,S_Image_120.bmp,Machu Picchu,galaxy
6,634,3.5,3,F_Image_34.bmp,Nelson Mandela,giant
6,635,3.5,3,S_Image_125.bmp,Mount Rushmore,tourist
6,636,3.5,3,O_Image_60.bmp,Flask,steam
6,637,3.5,3,F_Image_16.bmp,George Bush,honeymoon
6,638,3.5,3,F_Image_20.bmp,Jennifer Lopez,water
6,639,3.5,3,F_Image_29.bmp,Marilyn Monroe,fire
6,640,3.5,3,S_Image_119.bmp,Louvre,rust
6,641,3.5,3,O_Image_52.bmp,Bed,cone
6,642,3.5,3,O_Image_78.bmp,Razor,bubble
6,643,3.5,3,S_Image_122.bmp,Mont Saint Michel,slope
6,644,3.5,3,O_Image_93.bmp,Umbrella,wool
6,645,3.5,3,S_Image_138.bmp,Stonehenge,tube
6,646,3.5,3,S_Image_100.bmp,Angkor Wat,corner
6,647,3.5,3,F_Image_41.bmp,Rod Steward,tear
6,648,3.5,3,O_Image_72.bmp,Lightbulb,drizzle
6,649,3.5,3,F_Image_36.bmp,Penelope Cruz,flood
6,650,3.5,3,S_Image_118.bmp,Leaning Tower,crumb
6,651,3.5,3,O_Image_55.bmp,Binoculars,orchestra
6,652,3.5,3,S_Image_116.bmp,Hollywood Sign,sweat
6,653,3.5,3,S_Image_140.bmp,Taj Mahal,sand
6,654,4,3,S_Image_118.bmp-S_Lure_118.bmp,Leaning Tower,crumb
6,655,4,3,S_Image_119.bmp-S_Lure_119.bmp,Louvre,rust
6,656,4,3,S_Image_100.bmp-S_Lure_100.bmp,Angkor Wat,corner
6,657,4,3,S_Image_140.bmp-S_Lure_140.bmp,Taj Mahal,sand
6,658,4,3,S_Image_130.bmp-S_Lure_130.bmp,Potala Palace,lever
6,659,4,3,O_Image_72.bmp-O_Lure_72.bmp,Lightbulb,drizzle
6,660,4,3,S_Image_121.bmp-S_Lure_121.bmp,Mecca,cloud
6,661,4,3,O_Image_52.bmp-O_Lure_52.bmp,Bed,cone
6,662,4,3,F_Image_36.bmp-F_Lure_36.bmp,Penelope Cruz,flood
6,663,4,3,F_Image_16.bmp-F_Lure_16.bmp,George Bush,honeymoon
6,664,4,3,S_Image_120.bmp-S_Lure_120.bmp,Machu Picchu,galaxy
6,665,4,3,O_Image_60.bmp-O_Lure_60.bmp,Flask,steam
6,666,4,3,S_Image_116.bmp-S_Lure_116.bmp,Hollywood Sign,sweat
6,667,4,3,O_Image_55.bmp-O_Lure_55.bmp,Binoculars,orchestra
6,668,4,3,F_Image_41.bmp-F_Lure_41.bmp,Rod Steward,tear
6,669,4,3,S_Image_138.bmp-S_Lure_138.bmp,Stonehenge,tube
6,670,4,3,S_Image_125.bmp-S_Lure_125.bmp,Mount Rushmore,tourist
6,671,4,3,S_Image_136.bmp-S_Lure_136.bmp,Sistine Chapel,laundry
6,672,4,3,S_Image_122.bmp-S_Lure_122.bmp,Mont Saint Michel,slope
6,673,4,3,F_Image_20.bmp-F_Lure_20.bmp,Jennifer Lopez,water
6,674,4,3,O_Image_78.bmp-O_Lure_78.bmp,Razor,bubble
6,675,4,3,O_Image_93.bmp-O_Lure_93.bmp,Umbrella,wool
6,676,4,3,F_Image_29.bmp-F_Lure_29.bmp,Marilyn Monroe,fire
6,677,4,3,F_Image_34.bmp-F_Lure_34.bmp,Nelson Mandela,giant
6,678,5, 1 ,O_Image_51.bmp-F_Lure_12.bmp,Basket-David Beckham,wreck
6,679,5, 1 ,S_Image_111.bmp-F_Lure_38.bmp,Gizeh Pyramids-Queen Elisabeth,signal
6,680,5, 1 ,S_Image_97.bmp-O_Lure_76.bmp,Akropolis-Pillows,harem
6,681,5, 1 ,O_Image_86.bmp-S_Lure_125.bmp,Soother-Mount Rushmore,tourist
6,682,5, 1 ,F_Image_31.bmp-O_Lure_85.bmp,Michael Jackson-Sock,quake
6,683,5, 1 ,S_Image_106.bmp-F_Lure_28.bmp,Christ The Redeemer-Margaret Thatcher,hurricane
6,684,5, 1 ,O_Image_95.bmp-S_Lure_142.bmp,Wheelchair-Tower Bridge,shell
6,685,5, 1 ,O_Image_71.bmp-F_Lure_25.bmp,Ladder-Leonardo DiCaprio,alien
6,686,5, 1 ,O_Image_69.bmp-S_Lure_141.bmp,Headphones-Time Square,costume
6,687,5, 1 ,F_Image_13.bmp-O_Lure_87.bmp,Elton John-Stapler,breakfast
6,688,5, 1 ,O_Image_82.bmp-S_Lure_122.bmp,Scissors-Mont Saint Michel,slope
6,689,5, 1 ,O_Image_81.bmp-S_Lure_130.bmp,Scale-Potala Palace,lever
6,690,5, 1 ,F_Image_32.bmp-S_Lure_119.bmp,Mick Jagger-Louvre,rust
6,691,5, 1 ,F_Image_32.bmp-S_Lure_119.bmp,Mick Jagger-Louvre,rust
6,692,5, 1 ,S_Image_113.bmp-O_Lure_60.bmp,Grand Canyon-Flask,steam
6,693,5, 1 ,F_Image_13.bmp-O_Lure_87.bmp,Elton John-Stapler,breakfast
6,694,5, 1 ,O_Image_75.bmp-S_Lure_126.bmp,Necklace-Neu schwanstein Castle,magnet
6,695,5, 1 ,F_Image_5.bmp-S_Lure_121.bmp,Bill Clinton-Mecca,cloud
6,696,5, 1 ,F_Image_7.bmp-O_Lure_77.bmp,Britney Spears-Radio,menu
6,697,5, 1 ,S_Image_108.bmp-F_Lure_33.bmp,Dover Cliffs-Mother Teresa,spray
6,698,5, 1 ,O_Image_68.bmp-F_Lure_16.bmp,Hat-George Bush,honeymoon
6,699,5, 1 ,F_Image_13.bmp-O_Lure_87.bmp,Elton John-Stapler,breakfast
6,700,5, 1 ,O_Image_71.bmp-F_Lure_25.bmp,Ladder-Leonardo DiCaprio,alien
6,701,5, 1 ,O_Image_51.bmp-F_Lure_12.bmp,Basket-David Beckham,wreck
6,702,5, 1 ,S_Image_117.bmp-F_Lure_34.bmp,Kings College-Nelson Mandela,giant
6,703,5, 1 ,O_Image_79.bmp-S_Lure_140.bmp,Remote Control-Taj Mahal,sand
6,704,5, 1 ,S_Image_127.bmp-O_Lure_49.bmp,Niagara Falls-Anchor,antique
6,705,5, 1 ,F_Image_7.bmp-O_Lure_77.bmp,Britney Spears-Radio,menu
6,706,5, 1 ,S_Image_114.bmp-O_Lure_67.bmp,Great Wall-Hammock,corpse
6,707,5, 1 ,S_Image_104.bmp-O_Lure_52.bmp,Brandenburg Gate-Bed,cone
6,708,5, 1 ,F_Image_4.bmp-O_Lure_89.bmp,Barack Obama-Teddybear,hostage
6,709,5, 1 ,S_Image_110.bmp-F_Lure_36.bmp,Forbidden City-Penelope Cruz,flood
6,710,5, 1 ,O_Image_92.bmp-F_Lure_24.bmp,Trophy-Keanu Reeves,alcohol
6,711,5, 1 ,S_Image_111.bmp-F_Lure_38.bmp,Gizeh Pyramids-Queen Elisabeth,signal
6,712,5, 1 ,S_Image_134.bmp-O_Lure_64.bmp,Sagrada Familia-Goggles,animal
6,713,5, 1 ,O_Image_79.bmp-S_Lure_140.bmp,Remote Control-Taj Mahal,sand
6,714,5, 1 ,F_Image_43.bmp-S_Lure_120.bmp,Tom Cruise-Machu Picchu,galaxy
6,715,5, 1 ,O_Image_57.bmp-S_Lure_137.bmp,Brush-Statue Of Liberty,snow
6,716,5, 1 ,O_Image_71.bmp-F_Lure_25.bmp,Ladder-Leonardo DiCaprio,alien
6,717,5, 1 ,S_Image_139.bmp-F_Lure_44.bmp,Sydney Opera-Tom Hanks,stripe
6,718,5, 1 ,F_Image_23.bmp-O_Lure_78.bmp,Julia Roberts-Razor,bubble
6,719,5, 1 ,F_Image_1.bmp-O_Lure_88.bmp,Albert Einstein-Suitcase,army
6,720,5, 1 ,S_Image_114.bmp-O_Lure_67.bmp,Great Wall-Hammock,corpse
6,721,5, 1 ,O_Image_69.bmp-S_Lure_141.bmp,Headphones-Time Square,costume
6,722,5, 1 ,O_Image_75.bmp-S_Lure_126.bmp,Necklace-Neu schwanstein Castle,magnet
6,723,5, 1 ,O_Image_50.bmp-S_Lure_133.bmp,Barbecue-Rialto Bridge,money
6,724,5, 1 ,S_Image_110.bmp-F_Lure_36.bmp,Forbidden City-Penelope Cruz,flood
6,725,5, 1 ,S_Image_129.bmp-O_Lure_54.bmp,Petra-Bicycle,wound
6,726,5, 1 ,S_Image_102.bmp-O_Lure_66.bmp,Ayers Rock-Guitar,ghost
6,727,5, 1 ,O_Image_57.bmp-S_Lure_137.bmp,Brush-Statue Of Liberty,snow
6,728,5, 1 ,S_Image_134.bmp-O_Lure_64.bmp,Sagrada Familia-Goggles,animal
6,729,5, 1 ,O_Image_92.bmp-F_Lure_24.bmp,Trophy-Keanu Reeves,alcohol
6,730,5, 1 ,S_Image_113.bmp-O_Lure_60.bmp,Grand Canyon-Flask,steam
6,731,5, 1 ,S_Image_127.bmp-O_Lure_49.bmp,Niagara Falls-Anchor,antique
6,732,5, 1 ,F_Image_32.bmp-S_Lure_119.bmp,Mick Jagger-Louvre,rust
6,733,5, 1 ,F_Image_1.bmp-O_Lure_88.bmp,Albert Einstein-Suitcase,army
6,734,5, 1 ,F_Image_19.bmp-O_Lure_80.bmp,James Dean-Rope,triangle
6,735,5, 1 ,F_Image_45.bmp-S_Lure_118.bmp,Tony Blair-Leaning Tower,crumb
6,736,5, 1 ,O_Image_86.bmp-S_Lure_125.bmp,Soother-Mount Rushmore,tourist
6,737,5, 1 ,O_Image_95.bmp-S_Lure_142.bmp,Wheelchair-Tower Bridge,shell
6,738,5, 1 ,S_Image_113.bmp-O_Lure_60.bmp,Grand Canyon-Flask,steam
6,739,5, 1 ,S_Image_123.bmp-F_Lure_46.bmp,Mount Everest-Wayne Rooney,sunshine
6,740,5, 1 ,O_Image_92.bmp-F_Lure_24.bmp,Trophy-Keanu Reeves,alcohol
6,741,5, 1 ,F_Image_31.bmp-O_Lure_85.bmp,Michael Jackson-Sock,quake
6,742,5, 1 ,O_Image_94.bmp-F_Lure_21.bmp,Watch-John Lennon,vegetable
6,743,5, 1 ,F_Image_7.bmp-O_Lure_77.bmp,Britney Spears-Radio,menu
6,744,5, 1 ,S_Image_97.bmp-O_Lure_76.bmp,Akropolis-Pillows,harem
6,745,5, 1 ,S_Image_143.bmp-F_Lure_35.bmp,Versailles-Nikola Sarkozy,scar
6,746,5, 1 ,F_Image_43.bmp-S_Lure_120.bmp,Tom Cruise-Machu Picchu,galaxy
6,747,5, 1 ,O_Image_57.bmp-S_Lure_137.bmp,Brush-Statue Of Liberty,snow
6,748,5, 1 ,S_Image_123.bmp-F_Lure_46.bmp,Mount Everest-Wayne Rooney,sunshine
6,749,5, 1 ,S_Image_102.bmp-O_Lure_66.bmp,Ayers Rock-Guitar,ghost
6,750,5, 1 ,S_Image_127.bmp-O_Lure_49.bmp,Niagara Falls-Anchor,antique
6,751,5, 1 ,F_Image_13.bmp-O_Lure_87.bmp,Elton John-Stapler,breakfast
6,752,5, 1 ,O_Image_53.bmp-S_Lure_136.bmp,Belt-Sistine Chapel,laundry
6,753,5, 1 ,F_Image_19.bmp-O_Lure_80.bmp,James Dean-Rope,triangle
6,754,5, 1 ,S_Image_143.bmp-F_Lure_35.bmp,Versailles-Nikola Sarkozy,scar
6,755,5, 1 ,O_Image_75.bmp-S_Lure_126.bmp,Necklace-Neu schwanstein Castle,magnet
6,756,5, 1 ,S_Image_132.bmp-F_Lure_29.bmp,Red Square-Marilyn Monroe,fire
6,757,5, 1 ,S_Image_102.bmp-O_Lure_66.bmp,Ayers Rock-Guitar,ghost
6,758,5, 1 ,O_Image_94.bmp-F_Lure_21.bmp,Watch-John Lennon,vegetable
6,759,5, 1 ,S_Image_135.bmp-F_Lure_40.bmp,Sahara Desert-Robert De Niro,witch
6,760,5, 1 ,F_Image_5.bmp-S_Lure_121.bmp,Bill Clinton-Mecca,cloud
6,761,5, 1 ,S_Image_117.bmp-F_Lure_34.bmp,Kings College-Nelson Mandela,giant
6,762,5, 1 ,S_Image_97.bmp-O_Lure_76.bmp,Akropolis-Pillows,harem
6,763,5, 1 ,S_Image_124.bmp-O_Lure_72.bmp,Mount Fuji-Lightbulb,drizzle
6,764,5, 1 ,S_Image_134.bmp-O_Lure_64.bmp,Sagrada Familia-Goggles,animal
6,765,5, 1 ,F_Image_22.bmp-S_Lure_115.bmp,Judi Dench-Hagia Sophia,attack
6,766,5, 1 ,F_Image_47.bmp-O_Lure_84.bmp,Whoopi Goldberg-Skirt,marble
6,767,5, 1 ,S_Image_129.bmp-O_Lure_54.bmp,Petra-Bicycle,wound
6,768,5, 1 ,S_Image_108.bmp-F_Lure_33.bmp,Dover Cliffs-Mother Teresa,spray
6,769,5, 1 ,O_Image_70.bmp-S_Lure_131.bmp,Key-Rapa Nui,shadow
6,770,5, 1 ,O_Image_81.bmp-S_Lure_130.bmp,Scale-Potala Palace,lever
6,771,5, 1 ,O_Image_68.bmp-F_Lure_16.bmp,Hat-George Bush,honeymoon
6,772,5, 1 ,S_Image_132.bmp-F_Lure_29.bmp,Red Square-Marilyn Monroe,fire
6,773,5, 1 ,F_Image_15.bmp-O_Lure_91.bmp,Fidel Castro-Torch,stem
6,774,5, 1 ,O_Image_53.bmp-S_Lure_136.bmp,Belt-Sistine Chapel,laundry
6,775,5, 1 ,S_Image_114.bmp-O_Lure_67.bmp,Great Wall-Hammock,corpse
6,776,5, 1 ,F_Image_23.bmp-O_Lure_78.bmp,Julia Roberts-Razor,bubble
6,777,5, 1 ,S_Image_139.bmp-F_Lure_44.bmp,Sydney Opera-Tom Hanks,stripe
6,778,5, 1 ,F_Image_39.bmp-S_Lure_101.bmp,Robbie Williams-Atomium,fuel
6,779,5, 1 ,O_Image_92.bmp-F_Lure_24.bmp,Trophy-Keanu Reeves,alcohol
6,780,5, 1 ,F_Image_39.bmp-S_Lure_101.bmp,Robbie Williams-Atomium,fuel
6,781,5, 1 ,F_Image_45.bmp-S_Lure_118.bmp,Tony Blair-Leaning Tower,crumb
6,782,5, 1 ,F_Image_5.bmp-S_Lure_121.bmp,Bill Clinton-Mecca,cloud
6,783,5, 1 ,S_Image_123.bmp-F_Lure_46.bmp,Mount Everest-Wayne Rooney,sunshine
6,784,5, 1 ,F_Image_4.bmp-O_Lure_89.bmp,Barack Obama-Teddybear,hostage
6,785,5, 1 ,F_Image_32.bmp-S_Lure_119.bmp,Mick Jagger-Louvre,rust
6,786,5, 1 ,S_Image_124.bmp-O_Lure_72.bmp,Mount Fuji-Lightbulb,drizzle
6,787,5, 1 ,F_Image_47.bmp-O_Lure_84.bmp,Whoopi Goldberg-Skirt,marble
6,788,5, 1 ,F_Image_31.bmp-O_Lure_85.bmp,Michael Jackson-Sock,quake
6,789,5, 1 ,O_Image_70.bmp-S_Lure_131.bmp,Key-Rapa Nui,shadow
6,790,5, 1 ,F_Image_23.bmp-O_Lure_78.bmp,Julia Roberts-Razor,bubble
6,791,5, 1 ,S_Image_112.bmp-O_Lure_59.bmp,Golden Gate Bridge-Fan,paper
6,792,5, 1 ,F_Image_23.bmp-O_Lure_78.bmp,Julia Roberts-Razor,bubble
6,793,5, 1 ,S_Image_106.bmp-F_Lure_28.bmp,Christ The Redeemer-Margaret Thatcher,hurricane
6,794,5, 1 ,S_Image_114.bmp-O_Lure_67.bmp,Great Wall-Hammock,corpse
6,795,5, 1 ,S_Image_102.bmp-O_Lure_66.bmp,Ayers Rock-Guitar,ghost
6,796,5, 1 ,S_Image_132.bmp-F_Lure_29.bmp,Red Square-Marilyn Monroe,fire
6,797,5, 1 ,F_Image_22.bmp-S_Lure_115.bmp,Judi Dench-Hagia Sophia,attack
6,798,5, 1 ,O_Image_86.bmp-S_Lure_125.bmp,Soother-Mount Rushmore,tourist
6,799,5, 1 ,S_Image_139.bmp-F_Lure_44.bmp,Sydney Opera-Tom Hanks,stripe
6,800,5, 1 ,O_Image_51.bmp-F_Lure_12.bmp,Basket-David Beckham,wreck
6,801,5, 1 ,O_Image_95.bmp-S_Lure_142.bmp,Wheelchair-Tower Bridge,shell
6,802,5, 1 ,S_Image_128.bmp-O_Lure_74.bmp,Notre Dame-Mirror,black
6,803,5, 1 ,F_Image_45.bmp-S_Lure_118.bmp,Tony Blair-Leaning Tower,crumb
6,804,5, 1 ,O_Image_50.bmp-S_Lure_133.bmp,Barbecue-Rialto Bridge,money
6,805,5, 1 ,F_Image_17.bmp-S_Lure_100.bmp,George Clooney-Angkor Wat,corner
6,806,5, 1 ,F_Image_45.bmp-S_Lure_118.bmp,Tony Blair-Leaning Tower,crumb
6,807,5, 1 ,F_Image_22.bmp-S_Lure_115.bmp,Judi Dench-Hagia Sophia,attack
6,808,5, 1 ,S_Image_106.bmp-F_Lure_28.bmp,Christ The Redeemer-Margaret Thatcher,hurricane
6,809,5, 1 ,S_Image_135.bmp-F_Lure_40.bmp,Sahara Desert-Robert De Niro,witch
6,810,5, 1 ,S_Image_110.bmp-F_Lure_36.bmp,Forbidden City-Penelope Cruz,flood
6,811,5, 1 ,S_Image_117.bmp-F_Lure_34.bmp,Kings College-Nelson Mandela,giant
6,812,5, 1 ,F_Image_4.bmp-O_Lure_89.bmp,Barack Obama-Teddybear,hostage
6,813,5, 1 ,O_Image_95.bmp-S_Lure_142.bmp,Wheelchair-Tower Bridge,shell
6,814,5, 1 ,S_Image_124.bmp-O_Lure_72.bmp,Mount Fuji-Lightbulb,drizzle
6,815,5, 1 ,S_Image_104.bmp-O_Lure_52.bmp,Brandenburg Gate-Bed,cone
6,816,5, 1 ,O_Image_79.bmp-S_Lure_140.bmp,Remote Control-Taj Mahal,sand
6,817,5, 1 ,F_Image_15.bmp-O_Lure_91.bmp,Fidel Castro-Torch,stem
6,818,5, 1 ,F_Image_4.bmp-O_Lure_89.bmp,Barack Obama-Teddybear,hostage
6,819,5, 1 ,S_Image_104.bmp-O_Lure_52.bmp,Brandenburg Gate-Bed,cone
6,820,5, 1 ,O_Image_71.bmp-F_Lure_25.bmp,Ladder-Leonardo DiCaprio,alien
6,821,5, 1 ,F_Image_17.bmp-S_Lure_100.bmp,George Clooney-Angkor Wat,corner
6,822,5, 1 ,F_Image_17.bmp-S_Lure_100.bmp,George Clooney-Angkor Wat,corner
6,823,5, 1 ,S_Image_143.bmp-F_Lure_35.bmp,Versailles-Nikola Sarkozy,scar
6,824,5, 1 ,F_Image_15.bmp-O_Lure_91.bmp,Fidel Castro-Torch,stem
6,825,5, 1 ,S_Image_104.bmp-O_Lure_52.bmp,Brandenburg Gate-Bed,cone
6,826,5, 1 ,F_Image_42.bmp-O_Lure_90.bmp,Scarlett Johansson-Telephone,poison
6,827,5, 1 ,O_Image_79.bmp-S_Lure_140.bmp,Remote Control-Taj Mahal,sand
6,828,5, 1 ,O_Image_69.bmp-S_Lure_141.bmp,Headphones-Time Square,costume
6,829,5, 1 ,S_Image_106.bmp-F_Lure_28.bmp,Christ The Redeemer-Margaret Thatcher,hurricane
6,830,5, 1 ,O_Image_86.bmp-S_Lure_125.bmp,Soother-Mount Rushmore,tourist
6,831,5, 1 ,S_Image_113.bmp-O_Lure_60.bmp,Grand Canyon-Flask,steam
6,832,5, 1 ,O_Image_50.bmp-S_Lure_133.bmp,Barbecue-Rialto Bridge,money
6,833,5, 1 ,S_Image_108.bmp-F_Lure_33.bmp,Dover Cliffs-Mother Teresa,spray
6,834,5, 1 ,F_Image_31.bmp-O_Lure_85.bmp,Michael Jackson-Sock,quake
6,835,5, 1 ,F_Image_42.bmp-O_Lure_90.bmp,Scarlett Johansson-Telephone,poison
6,836,5, 1 ,O_Image_81.bmp-S_Lure_130.bmp,Scale-Potala Palace,lever
6,837,5, 1 ,F_Image_47.bmp-O_Lure_84.bmp,Whoopi Goldberg-Skirt,marble
6,838,5, 1 ,S_Image_127.bmp-O_Lure_49.bmp,Niagara Falls-Anchor,antique
6,839,5, 1 ,O_Image_82.bmp-S_Lure_122.bmp,Scissors-Mont Saint Michel,slope
6,840,5, 1 ,S_Image_132.bmp-F_Lure_29.bmp,Red Square-Marilyn Monroe,fire
6,841,5, 1 ,S_Image_128.bmp-O_Lure_74.bmp,Notre Dame-Mirror,black
6,842,5, 1 ,F_Image_47.bmp-O_Lure_84.bmp,Whoopi Goldberg-Skirt,marble
6,843,5, 1 ,S_Image_97.bmp-O_Lure_76.bmp,Akropolis-Pillows,harem
6,844,5, 1 ,S_Image_135.bmp-F_Lure_40.bmp,Sahara Desert-Robert De Niro,witch
6,845,5, 1 ,F_Image_1.bmp-O_Lure_88.bmp,Albert Einstein-Suitcase,army
6,846,5, 1 ,S_Image_129.bmp-O_Lure_54.bmp,Petra-Bicycle,wound
6,847,5, 1 ,F_Image_22.bmp-S_Lure_115.bmp,Judi Dench-Hagia Sophia,attack
6,848,5, 1 ,S_Image_128.bmp-O_Lure_74.bmp,Notre Dame-Mirror,black
6,849,5, 1 ,F_Image_19.bmp-O_Lure_80.bmp,James Dean-Rope,triangle
6,850,5, 1 ,O_Image_68.bmp-F_Lure_16.bmp,Hat-George Bush,honeymoon
6,851,5, 1 ,S_Image_143.bmp-F_Lure_35.bmp,Versailles-Nikola Sarkozy,scar
6,852,5, 1 ,S_Image_134.bmp-O_Lure_64.bmp,Sagrada Familia-Goggles,animal
6,853,5, 1 ,O_Image_82.bmp-S_Lure_122.bmp,Scissors-Mont Saint Michel,slope
6,854,5, 1 ,F_Image_15.bmp-O_Lure_91.bmp,Fidel Castro-Torch,stem
6,855,5, 1 ,O_Image_69.bmp-S_Lure_141.bmp,Headphones-Time Square,costume
6,856,5, 1 ,O_Image_57.bmp-S_Lure_137.bmp,Brush-Statue Of Liberty,snow
6,857,5, 1 ,F_Image_43.bmp-S_Lure_120.bmp,Tom Cruise-Machu Picchu,galaxy
6,858,5, 1 ,O_Image_75.bmp-S_Lure_126.bmp,Necklace-Neu schwanstein Castle,magnet
6,859,5, 1 ,O_Image_81.bmp-S_Lure_130.bmp,Scale-Potala Palace,lever
6,860,5, 1 ,F_Image_5.bmp-S_Lure_121.bmp,Bill Clinton-Mecca,cloud
6,861,5, 1 ,O_Image_94.bmp-F_Lure_21.bmp,Watch-John Lennon,vegetable
6,862,5, 1 ,O_Image_53.bmp-S_Lure_136.bmp,Belt-Sistine Chapel,laundry
6,863,5, 1 ,F_Image_39.bmp-S_Lure_101.bmp,Robbie Williams-Atomium,fuel
6,864,5, 1 ,F_Image_42.bmp-O_Lure_90.bmp,Scarlett Johansson-Telephone,poison
6,865,5, 1 ,O_Image_94.bmp-F_Lure_21.bmp,Watch-John Lennon,vegetable
6,866,5, 1 ,S_Image_112.bmp-O_Lure_59.bmp,Golden Gate Bridge-Fan,paper
6,867,5, 1 ,F_Image_7.bmp-O_Lure_77.bmp,Britney Spears-Radio,menu
6,868,5, 1 ,S_Image_110.bmp-F_Lure_36.bmp,Forbidden City-Penelope Cruz,flood
6,869,5, 1 ,F_Image_42.bmp-O_Lure_90.bmp,Scarlett Johansson-Telephone,poison
6,870,5, 1 ,S_Image_123.bmp-F_Lure_46.bmp,Mount Everest-Wayne Rooney,sunshine
6,871,5, 1 ,O_Image_70.bmp-S_Lure_131.bmp,Key-Rapa Nui,shadow
6,872,5, 1 ,S_Image_135.bmp-F_Lure_40.bmp,Sahara Desert-Robert De Niro,witch
6,873,5, 1 ,S_Image_112.bmp-O_Lure_59.bmp,Golden Gate Bridge-Fan,paper
6,874,5, 1 ,S_Image_128.bmp-O_Lure_74.bmp,Notre Dame-Mirror,black
6,875,5, 1 ,S_Image_111.bmp-F_Lure_38.bmp,Gizeh Pyramids-Queen Elisabeth,signal
6,876,5, 1 ,O_Image_70.bmp-S_Lure_131.bmp,Key-Rapa Nui,shadow
6,877,5, 1 ,O_Image_68.bmp-F_Lure_16.bmp,Hat-George Bush,honeymoon
6,878,5, 1 ,S_Image_112.bmp-O_Lure_59.bmp,Golden Gate Bridge-Fan,paper
6,879,5, 1 ,F_Image_1.bmp-O_Lure_88.bmp,Albert Einstein-Suitcase,army
6,880,5, 1 ,F_Image_17.bmp-S_Lure_100.bmp,George Clooney-Angkor Wat,corner
6,881,5, 1 ,S_Image_108.bmp-F_Lure_33.bmp,Dover Cliffs-Mother Teresa,spray
6,882,5, 1 ,O_Image_51.bmp-F_Lure_12.bmp,Basket-David Beckham,wreck
6,883,5, 1 ,S_Image_117.bmp-F_Lure_34.bmp,Kings College-Nelson Mandela,giant
6,884,5, 1 ,S_Image_111.bmp-F_Lure_38.bmp,Gizeh Pyramids-Queen Elisabeth,signal
6,885,5, 1 ,F_Image_43.bmp-S_Lure_120.bmp,Tom Cruise-Machu Picchu,galaxy
6,886,5, 1 ,F_Image_39.bmp-S_Lure_101.bmp,Robbie Williams-Atomium,fuel
6,887,5, 1 ,F_Image_19.bmp-O_Lure_80.bmp,James Dean-Rope,triangle
6,888,5, 1 ,S_Image_124.bmp-O_Lure_72.bmp,Mount Fuji-Lightbulb,drizzle
6,889,5, 1 ,O_Image_50.bmp-S_Lure_133.bmp,Barbecue-Rialto Bridge,money
6,890,5, 1 ,S_Image_139.bmp-F_Lure_44.bmp,Sydney Opera-Tom Hanks,stripe
6,891,5, 1 ,O_Image_53.bmp-S_Lure_136.bmp,Belt-Sistine Chapel,laundry
6,892,5, 1 ,O_Image_82.bmp-S_Lure_122.bmp,Scissors-Mont Saint Michel,slope
6,893,5, 1 ,S_Image_129.bmp-O_Lure_54.bmp,Petra-Bicycle,wound
6,894,6,1,O_Image_84.bmp-O_Lure_84.bmp,Skirt,marble
6,895,6,1,F_Image_33.bmp-F_Lure_33.bmp,Mother Teresa,spray
6,896,6,1,S_Image_118.bmp-S_Lure_118.bmp,Leaning Tower,crumb
6,897,6,1,F_Image_28.bmp-F_Lure_28.bmp,Margaret Thatcher,hurricane
6,898,6,1,F_Image_34.bmp-F_Lure_34.bmp,Nelson Mandela,giant
6,899,6,1,F_Image_27.bmp-F_Lure_27.bmp,Mahadma Gandhi,kiss
6,900,6,1,O_Image_49.bmp-O_Lure_49.bmp,Anchor,antique
6,901,6,1,F_Image_16.bmp-F_Lure_16.bmp,George Bush,honeymoon
6,902,6,1,O_Image_89.bmp-O_Lure_89.bmp,Teddybear,hostage
6,903,6,1,S_Image_136.bmp-S_Lure_136.bmp,Sistine Chapel,laundry
6,904,6,1,O_Image_59.bmp-O_Lure_59.bmp,Fan,paper
6,905,6,1,S_Image_137.bmp-S_Lure_137.bmp,Statue Of Liberty,snow
6,906,6,1,S_Image_98.bmp-S_Lure_98.bmp,Alcatraz,asphalt
6,907,6,1,S_Image_138.bmp-S_Lure_138.bmp,Stonehenge,tube
6,908,6,1,O_Image_85.bmp-O_Lure_85.bmp,Sock,quake
6,909,6,1,S_Image_100.bmp-S_Lure_100.bmp,Angkor Wat,corner
6,910,6,1,S_Image_109.bmp-S_Lure_109.bmp,Eiffel Tower,rock
6,911,6,1,S_Image_115.bmp-S_Lure_115.bmp,Hagia Sophia,attack
6,912,6,1,O_Image_52.bmp-O_Lure_52.bmp,Bed,cone
6,913,6,1,S_Image_99.bmp-S_Lure_99.bmp,Alhambra,tail
6,914,6,1,O_Image_54.bmp-O_Lure_54.bmp,Bicycle,wound
6,915,6,1,F_Image_8.bmp-F_Lure_8.bmp,Cameron Diaz,angel
6,916,6,1,O_Image_78.bmp-O_Lure_78.bmp,Razor,bubble
6,917,6,1,S_Image_116.bmp-S_Lure_116.bmp,Hollywood Sign,sweat
6,918,6,1,O_Image_91.bmp-O_Lure_91.bmp,Torch,stem
6,919,6,1,F_Image_25.bmp-F_Lure_25.bmp,Leonardo DiCaprio,alien
6,920,6,1,S_Image_131.bmp-S_Lure_131.bmp,Rapa Nui,shadow
6,921,6,1,S_Image_140.bmp-S_Lure_140.bmp,Taj Mahal,sand
6,922,6,1,F_Image_35.bmp-F_Lure_35.bmp,Nikola Sarkozy,scar
6,923,6,1,S_Image_142.bmp-S_Lure_142.bmp,Tower Bridge,shell
6,924,6,1,S_Image_120.bmp-S_Lure_120.bmp,Machu Picchu,galaxy
6,925,6,1,F_Image_46.bmp-F_Lure_46.bmp,Wayne Rooney,sunshine
6,926,6,1,O_Image_74.bmp-O_Lure_74.bmp,Mirror,black
6,927,6,1,F_Image_24.bmp-F_Lure_24.bmp,Keanu Reeves,alcohol
6,928,6,1,F_Image_44.bmp-F_Lure_44.bmp,Tom Hanks,stripe
6,929,6,1,S_Image_103.bmp-S_Lure_103.bmp,Big Ben,seed
6,930,6,1,F_Image_26.bmp-F_Lure_26.bmp,Madonna,measles
6,931,6,1,S_Image_126.bmp-S_Lure_126.bmp,Neu schwanstein Castle,magnet
6,932,6,1,F_Image_11.bmp-F_Lure_11.bmp,Daniel Radcliffe,arch
6,933,6,1,O_Image_93.bmp-O_Lure_93.bmp,Umbrella,wool
6,934,6,1,O_Image_77.bmp-O_Lure_77.bmp,Radio,menu
6,935,6,1,F_Image_14.bmp-F_Lure_14.bmp,Elvis Presley,arrow
6,936,6,1,O_Image_55.bmp-O_Lure_55.bmp,Binoculars,orchestra
6,937,6,1,F_Image_36.bmp-F_Lure_36.bmp,Penelope Cruz,flood
6,938,6,1,O_Image_90.bmp-O_Lure_90.bmp,Telephone,poison
6,939,6,1,O_Image_83.bmp-O_Lure_83.bmp,Shoe,yellow
6,940,6,1,O_Image_87.bmp-O_Lure_87.bmp,Stapler,breakfast
6,941,6,1,F_Image_29.bmp-F_Lure_29.bmp,Marilyn Monroe,fire
6,942,6,1,F_Image_2.bmp-F_Lure_2.bmp,Amy Winehouse,spike
6,943,6,1,S_Image_133.bmp-S_Lure_133.bmp,Rialto Bridge,money
6,944,6,1,S_Image_122.bmp-S_Lure_122.bmp,Mont Saint Michel,slope
6,945,6,1,S_Image_130.bmp-S_Lure_130.bmp,Potala Palace,lever
6,946,6,1,S_Image_141.bmp-S_Lure_141.bmp,Time Square,costume
6,947,6,1,O_Image_60.bmp-O_Lure_60.bmp,Flask,steam
6,948,6,1,S_Image_119.bmp-S_Lure_119.bmp,Louvre,rust
6,949,6,1,F_Image_9.bmp-F_Lure_9.bmp,Charlie Chaplin,board
6,950,6,1,O_Image_64.bmp-O_Lure_64.bmp,Goggles,animal
6,951,6,1,O_Image_66.bmp-O_Lure_66.bmp,Guitar,ghost
6,952,6,1,S_Image_125.bmp-S_Lure_125.bmp,Mount Rushmore,tourist
6,953,6,1,O_Image_76.bmp-O_Lure_76.bmp,Pillows,harem
6,954,6,1,F_Image_20.bmp-F_Lure_20.bmp,Jennifer Lopez,water
6,955,6,1,O_Image_72.bmp-O_Lure_72.bmp,Lightbulb,drizzle
6,956,6,1,S_Image_101.bmp-S_Lure_101.bmp,Atomium,fuel
6,957,6,1,O_Image_67.bmp-O_Lure_67.bmp,Hammock,corpse
6,958,6,1,F_Image_41.bmp-F_Lure_41.bmp,Rod Steward,tear
6,959,6,1,O_Image_88.bmp-O_Lure_88.bmp,Suitcase,army
6,960,6,1,O_Image_80.bmp-O_Lure_80.bmp,Rope,triangle
6,961,6,1,F_Image_21.bmp-F_Lure_21.bmp,John Lennon,vegetable
6,962,6,1,F_Image_38.bmp-F_Lure_38.bmp,Queen Elisabeth,signal
6,963,6,1,F_Image_40.bmp-F_Lure_40.bmp,Robert De Niro,witch
6,964,6,1,S_Image_121.bmp-S_Lure_121.bmp,Mecca,cloud
6,965,6,1,F_Image_12.bmp-F_Lure_12.bmp,David Beckham,wreck
6,966,6,1,O_Image_61.bmp-O_Lure_61.bmp,Football,angel
6,967,6,1,O_Image_58.bmp-O_Lure_58.bmp,Canoe,arrow
6,968,6,1,F_Image_18.bmp-F_Lure_18.bmp,Jack Nicholson,sweat
6,969,6,1,F_Image_10.bmp-F_Lure_10.bmp,Dalai Lama,rock
6,970,6,1,F_Image_42.bmp-F_Lure_42.bmp,Scarlett Johansson,poison
6,971,6,1,S_Image_111.bmp-S_Lure_111.bmp,Gizeh Pyramids,signal
6,972,6,1,O_Image_53.bmp-O_Lure_53.bmp,Belt,laundry
6,973,6,1,F_Image_43.bmp-F_Lure_43.bmp,Tom Cruise,galaxy
6,974,6,1,S_Image_124.bmp-S_Lure_124.bmp,Mount Fuji,drizzle
6,975,6,1,F_Image_15.bmp-F_Lure_15.bmp,Fidel Castro,stem
6,976,6,1,S_Image_127.bmp-S_Lure_127.bmp,Niagara Falls,antique
6,977,6,1,O_Image_81.bmp-O_Lure_81.bmp,Scale,lever
6,978,6,1,O_Image_96.bmp-O_Lure_96.bmp,Wineglass,water
6,979,6,1,F_Image_19.bmp-F_Lure_19.bmp,James Dean,triangle
6,980,6,1,F_Image_4.bmp-F_Lure_4.bmp,Barack Obama,hostage
6,981,6,1,F_Image_3.bmp-F_Lure_3.bmp,Angela Merkel,seed
6,982,6,1,O_Image_65.bmp-O_Lure_65.bmp,GrandPiano,spike
6,983,6,1,S_Image_117.bmp-S_Lure_117.bmp,Kings College,giant
6,984,6,1,F_Image_6.bmp-F_Lure_6.bmp,Brad Pitt,asphalt
6,985,6,1,S_Image_132.bmp-S_Lure_132.bmp,Red Square,fire
6,986,6,1,F_Image_47.bmp-F_Lure_47.bmp,Whoopi Goldberg,marble
6,987,6,1,F_Image_39.bmp-F_Lure_39.bmp,Robbie Williams,fuel
6,988,6,1,O_Image_73.bmp-O_Lure_73.bmp,Microscope,tube
6,989,6,1,O_Image_94.bmp-O_Lure_94.bmp,Watch,vegetable
6,990,6,1,O_Image_70.bmp-O_Lure_70.bmp,Key,shadow
6,991,6,1,S_Image_106.bmp-S_Lure_106.bmp,Christ The Redeemer,hurricane
6,992,6,1,S_Image_102.bmp-S_Lure_102.bmp,Ayers Rock,ghost
6,993,6,1,O_Image_79.bmp-O_Lure_79.bmp,Remote Control,sand
6,994,6,1,S_Image_105.bmp-S_Lure_105.bmp,Chichen Itza,orchestra
6,995,6,1,S_Image_114.bmp-S_Lure_114.bmp,Great Wall,corpse
6,996,6,1,F_Image_13.bmp-F_Lure_13.bmp,Elton John,breakfast
6,997,6,1,O_Image_92.bmp-O_Lure_92.bmp,Trophy,alcohol
6,998,6,1,F_Image_1.bmp-F_Lure_1.bmp,Albert Einstein,army
6,999,6,1,O_Image_63.bmp-O_Lure_63.bmp,Globe,board
6,1000,6,1,S_Image_107.bmp-S_Lure_107.bmp,Colosseum,tear
6,1001,6,1,S_Image_108.bmp-S_Lure_108.bmp,Dover Cliffs,spray
6,1002,6,1,O_Image_95.bmp-O_Lure_95.bmp,Wheelchair,shell
6,1003,6,1,S_Image_135.bmp-S_Lure_135.bmp,Sahara Desert,witch
6,1004,6,1,O_Image_86.bmp-O_Lure_86.bmp,Soother,tourist
6,1005,6,1,S_Image_139.bmp-S_Lure_139.bmp,Sydney Opera,stripe
6,1006,6,1,F_Image_22.bmp-F_Lure_22.bmp,Judi Dench,attack
6,1007,6,1,S_Image_134.bmp-S_Lure_134.bmp,Sagrada Familia,animal
6,1008,6,1,S_Image_110.bmp-S_Lure_110.bmp,Forbidden City,flood
6,1009,6,1,F_Image_45.bmp-F_Lure_45.bmp,Tony Blair,crumb
6,1010,6,1,F_Image_17.bmp-F_Lure_17.bmp,George Clooney,corner
6,1011,6,1,O_Image_51.bmp-O_Lure_51.bmp,Basket,wreck
6,1012,6,1,F_Image_32.bmp-F_Lure_32.bmp,Mick Jagger,rust
6,1013,6,1,S_Image_112.bmp-S_Lure_112.bmp,Golden Gate Bridge,paper
6,1014,6,1,O_Image_68.bmp-O_Lure_68.bmp,Hat,honeymoon
6,1015,6,1,F_Image_37.bmp-F_Lure_37.bmp,Pierce Brosnan,tail
6,1016,6,1,O_Image_71.bmp-O_Lure_71.bmp,Ladder,alien
6,1017,6,1,S_Image_129.bmp-S_Lure_129.bmp,Petra,wound
6,1018,6,1,F_Image_30.bmp-F_Lure_30.bmp,Meryl Streep,wool
6,1019,6,1,F_Image_48.bmp-F_Lure_48.bmp,Will Smith,yellow
6,1020,6,1,S_Image_143.bmp-S_Lure_143.bmp,Versailles,scar
6,1021,6,1,O_Image_56.bmp-O_Lure_56.bmp,Broom,arch
6,1022,6,1,S_Image_123.bmp-S_Lure_123.bmp,Mount Everest,sunshine
6,1023,6,1,O_Image_62.bmp-O_Lure_62.bmp,FryingPan,measles
6,1024,6,1,F_Image_31.bmp-F_Lure_31.bmp,Michael Jackson,quake
6,1025,6,1,F_Image_7.bmp-F_Lure_7.bmp,Britney Spears,menu
6,1026,6,1,S_Image_128.bmp-S_Lure_128.bmp,Notre Dame,black
6,1027,6,1,F_Image_5.bmp-F_Lure_5.bmp,Bill Clinton,cloud
6,1028,6,1,O_Image_69.bmp-O_Lure_69.bmp,Headphones,costume
6,1029,6,1,S_Image_97.bmp-S_Lure_97.bmp,Akropolis,harem
6,1030,6,1,S_Image_104.bmp-S_Lure_104.bmp,Brandenburg Gate,cone
6,1031,6,1,O_Image_57.bmp-O_Lure_57.bmp,Brush,snow
6,1032,6,1,O_Image_82.bmp-O_Lure_82.bmp,Scissors,slope
6,1033,6,1,O_Image_75.bmp-O_Lure_75.bmp,Necklace,magnet
6,1034,6,1,S_Image_144.bmp-S_Lure_144.bmp,White House,kiss
6,1035,6,1,S_Image_113.bmp-S_Lure_113.bmp,Grand Canyon,steam
6,1036,6,1,O_Image_50.bmp-O_Lure_50.bmp,Barbecue,money
6,1037,6,1,F_Image_23.bmp-F_Lure_23.bmp,Julia Roberts,bubble
