16,Trial,Cond,Block,ImageFiles,Labels,Cues
16,1,1,1,S_Image_116.bmp,Hollywood Sign,NaN
16,2,1,1,F_Image_11.bmp,Daniel Radcliffe,NaN
16,3,1,1,O_Image_91.bmp,Torch,NaN
16,4,1,1,S_Image_110.bmp,Forbidden City,NaN
16,5,1,1,F_Lure_33.bmp,Mother Teresa,NaN
16,6,1,1,O_Lure_60.bmp,Flask,NaN
16,7,1,1,S_Lure_125.bmp,Mount Rushmore,NaN
16,8,1,1,S_Image_118.bmp,Leaning Tower,NaN
16,9,1,1,S_Image_129.bmp,Petra,NaN
16,10,1,1,F_Image_48.bmp,Will Smith,NaN
16,11,1,1,S_Image_120.bmp,Machu Picchu,NaN
16,12,1,1,S_Lure_101.bmp,Atomium,NaN
16,13,1,1,O_Lure_75.bmp,Necklace,NaN
16,14,1,1,S_Lure_128.bmp,Notre Dame,NaN
16,15,1,1,O_Image_74.bmp,Mirror,NaN
16,16,1,1,F_Image_12.bmp,David Beckham,NaN
16,17,1,1,F_Lure_46.bmp,Wayne Rooney,NaN
16,18,1,1,S_Image_128.bmp,Notre Dame,NaN
16,19,1,1,O_Image_88.bmp,Suitcase,NaN
16,20,1,1,F_Lure_27.bmp,Mahadma Gandhi,NaN
16,21,1,1,F_Image_3.bmp,Angela Merkel,NaN
16,22,1,1,O_Lure_79.bmp,Remote Control,NaN
16,23,1,1,O_Lure_53.bmp,Belt,NaN
16,24,1,1,S_Image_97.bmp,Akropolis,NaN
16,25,1,1,F_Lure_41.bmp,Rod Steward,NaN
16,26,1,1,F_Image_4.bmp,Barack Obama,NaN
16,27,1,1,F_Lure_3.bmp,Angela Merkel,NaN
16,28,1,1,O_Lure_54.bmp,Bicycle,NaN
16,29,1,1,O_Lure_64.bmp,Goggles,NaN
16,30,1,1,S_Lure_120.bmp,Machu Picchu,NaN
16,31,1,1,O_Image_66.bmp,Guitar,NaN
16,32,1,1,F_Lure_11.bmp,Daniel Radcliffe,NaN
16,33,1,1,S_Image_138.bmp,Stonehenge,NaN
16,34,1,1,S_Image_111.bmp,Gizeh Pyramids,NaN
16,35,1,1,O_Image_56.bmp,Broom,NaN
16,36,1,1,S_Lure_137.bmp,Statue Of Liberty,NaN
16,37,1,1,O_Image_60.bmp,Flask,NaN
16,38,1,1,O_Image_55.bmp,Binoculars,NaN
16,39,1,1,F_Image_36.bmp,Penelope Cruz,NaN
16,40,1,1,F_Image_18.bmp,Jack Nicholson,NaN
16,41,1,1,S_Lure_135.bmp,Sahara Desert,NaN
16,42,1,1,F_Lure_21.bmp,John Lennon,NaN
16,43,1,1,O_Image_85.bmp,Sock,NaN
16,44,1,1,S_Image_127.bmp,Niagara Falls,NaN
16,45,1,1,F_Lure_48.bmp,Will Smith,NaN
16,46,1,1,O_Image_89.bmp,Teddybear,NaN
16,47,1,1,S_Lure_97.bmp,Akropolis,NaN
16,48,1,1,O_Lure_56.bmp,Broom,NaN
16,49,1,1,O_Image_71.bmp,Ladder,NaN
16,50,1,1,S_Image_115.bmp,Hagia Sophia,NaN
16,51,1,1,O_Lure_52.bmp,Bed,NaN
16,52,1,1,S_Lure_104.bmp,Brandenburg Gate,NaN
16,53,1,1,F_Lure_43.bmp,Tom Cruise,NaN
16,54,1,1,F_Lure_14.bmp,Elvis Presley,NaN
16,55,1,1,S_Image_113.bmp,Grand Canyon,NaN
16,56,1,1,F_Image_47.bmp,Whoopi Goldberg,NaN
16,57,1,1,F_Image_23.bmp,Julia Roberts,NaN
16,58,1,1,F_Lure_38.bmp,Queen Elisabeth,NaN
16,59,1,1,S_Lure_139.bmp,Sydney Opera,NaN
16,60,1,1,S_Lure_123.bmp,Mount Everest,NaN
16,61,1,1,S_Lure_136.bmp,Sistine Chapel,NaN
16,62,1,1,F_Lure_29.bmp,Marilyn Monroe,NaN
16,63,1,1,O_Image_50.bmp,Barbecue,NaN
16,64,1,1,O_Lure_91.bmp,Torch,NaN
16,65,1,1,O_Lure_93.bmp,Umbrella,NaN
16,66,1,1,S_Image_140.bmp,Taj Mahal,NaN
16,67,1,1,S_Lure_133.bmp,Rialto Bridge,NaN
16,68,1,1,F_Lure_25.bmp,Leonardo DiCaprio,NaN
16,69,1,1,S_Lure_108.bmp,Dover Cliffs,NaN
16,70,1,1,O_Image_93.bmp,Umbrella,NaN
16,71,1,1,O_Image_76.bmp,Pillows,NaN
16,72,1,1,O_Lure_76.bmp,Pillows,NaN
16,73,1,1,S_Lure_140.bmp,Taj Mahal,NaN
16,74,1,1,F_Image_22.bmp,Judi Dench,NaN
16,75,1,1,O_Image_87.bmp,Stapler,NaN
16,76,1,1,O_Lure_83.bmp,Shoe,NaN
16,77,1,1,F_Image_13.bmp,Elton John,NaN
16,78,1,1,F_Image_29.bmp,Marilyn Monroe,NaN
16,79,1,1,F_Image_7.bmp,Britney Spears,NaN
16,80,1,1,O_Image_53.bmp,Belt,NaN
16,81,1,1,O_Image_79.bmp,Remote Control,NaN
16,82,1,1,S_Image_135.bmp,Sahara Desert,NaN
16,83,1,1,F_Image_25.bmp,Leonardo DiCaprio,NaN
16,84,1,1,S_Lure_143.bmp,Versailles,NaN
16,85,1,1,O_Lure_73.bmp,Microscope,NaN
16,86,1,1,O_Image_52.bmp,Bed,NaN
16,87,1,1,S_Image_108.bmp,Dover Cliffs,NaN
16,88,1,1,S_Lure_102.bmp,Ayers Rock,NaN
16,89,1,1,F_Image_27.bmp,Mahadma Gandhi,NaN
16,90,1,1,F_Image_21.bmp,John Lennon,NaN
16,91,1,1,O_Image_78.bmp,Razor,NaN
16,92,1,1,O_Image_86.bmp,Soother,NaN
16,93,1,1,S_Image_142.bmp,Tower Bridge,NaN
16,94,1,1,F_Lure_24.bmp,Keanu Reeves,NaN
16,95,1,1,F_Image_17.bmp,George Clooney,NaN
16,96,1,1,S_Image_99.bmp,Alhambra,NaN
16,97,1,1,S_Image_137.bmp,Statue Of Liberty,NaN
16,98,1,1,F_Lure_39.bmp,Robbie Williams,NaN
16,99,1,1,F_Lure_36.bmp,Penelope Cruz,NaN
16,100,1,1,F_Image_28.bmp,Margaret Thatcher,NaN
16,101,1,1,O_Image_77.bmp,Radio,NaN
16,102,1,1,S_Image_124.bmp,Mount Fuji,NaN
16,103,1,1,S_Image_130.bmp,Potala Palace,NaN
16,104,1,1,F_Lure_44.bmp,Tom Hanks,NaN
16,105,1,1,O_Image_62.bmp,FryingPan,NaN
16,106,1,1,F_Lure_1.bmp,Albert Einstein,NaN
16,107,1,1,O_Image_96.bmp,Wineglass,NaN
16,108,1,1,O_Lure_87.bmp,Stapler,NaN
16,109,1,1,O_Image_64.bmp,Goggles,NaN
16,110,1,1,O_Lure_66.bmp,Guitar,NaN
16,111,1,1,F_Image_37.bmp,Pierce Brosnan,NaN
16,112,1,1,S_Image_117.bmp,Kings College,NaN
16,113,1,1,S_Image_119.bmp,Louvre,NaN
16,114,1,1,S_Lure_113.bmp,Grand Canyon,NaN
16,115,1,1,S_Lure_129.bmp,Petra,NaN
16,116,1,1,F_Image_19.bmp,James Dean,NaN
16,117,1,1,S_Lure_112.bmp,Golden Gate Bridge,NaN
16,118,1,1,F_Lure_17.bmp,George Clooney,NaN
16,119,1,1,F_Lure_34.bmp,Nelson Mandela,NaN
16,120,1,1,O_Lure_96.bmp,Wineglass,NaN
16,121,1,1,O_Lure_59.bmp,Fan,NaN
16,122,1,1,S_Lure_106.bmp,Christ The Redeemer,NaN
16,123,1,1,S_Lure_132.bmp,Red Square,NaN
16,124,1,1,O_Lure_62.bmp,FryingPan,NaN
16,125,1,1,O_Image_68.bmp,Hat,NaN
16,126,1,1,O_Image_61.bmp,Football,NaN
16,127,1,1,O_Lure_69.bmp,Headphones,NaN
16,128,1,1,S_Lure_109.bmp,Eiffel Tower,NaN
16,129,1,1,F_Image_33.bmp,Mother Teresa,NaN
16,130,1,1,F_Image_31.bmp,Michael Jackson,NaN
16,131,1,1,F_Image_43.bmp,Tom Cruise,NaN
16,132,1,1,S_Lure_131.bmp,Rapa Nui,NaN
16,133,1,1,F_Lure_4.bmp,Barack Obama,NaN
16,134,1,1,O_Image_59.bmp,Fan,NaN
16,135,1,1,S_Image_112.bmp,Golden Gate Bridge,NaN
16,136,1,1,S_Lure_114.bmp,Great Wall,NaN
16,137,1,1,F_Lure_9.bmp,Charlie Chaplin,NaN
16,138,1,1,O_Image_94.bmp,Watch,NaN
16,139,1,1,F_Lure_31.bmp,Michael Jackson,NaN
16,140,1,1,F_Image_45.bmp,Tony Blair,NaN
16,141,1,1,S_Lure_100.bmp,Angkor Wat,NaN
16,142,1,1,F_Image_1.bmp,Albert Einstein,NaN
16,143,1,1,F_Image_40.bmp,Robert De Niro,NaN
16,144,1,1,O_Lure_85.bmp,Sock,NaN
16,145,1,1,S_Image_107.bmp,Colosseum,NaN
16,146,1,1,O_Lure_67.bmp,Hammock,NaN
16,147,1,1,S_Image_104.bmp,Brandenburg Gate,NaN
16,148,1,1,F_Image_8.bmp,Cameron Diaz,NaN
16,149,1,1,S_Image_133.bmp,Rialto Bridge,NaN
16,150,1,1,S_Lure_117.bmp,Kings College,NaN
16,151,1,1,S_Lure_116.bmp,Hollywood Sign,NaN
16,152,1,1,O_Lure_89.bmp,Teddybear,NaN
16,153,1,1,O_Lure_95.bmp,Wheelchair,NaN
16,154,1,1,S_Image_105.bmp,Chichen Itza,NaN
16,155,1,1,S_Lure_115.bmp,Hagia Sophia,NaN
16,156,1,1,S_Image_102.bmp,Ayers Rock,NaN
16,157,1,1,O_Lure_72.bmp,Lightbulb,NaN
16,158,1,1,O_Image_49.bmp,Anchor,NaN
16,159,1,1,O_Lure_65.bmp,GrandPiano,NaN
16,160,1,1,F_Lure_47.bmp,Whoopi Goldberg,NaN
16,161,1,1,O_Image_63.bmp,Globe,NaN
16,162,1,1,S_Image_139.bmp,Sydney Opera,NaN
16,163,1,1,F_Image_42.bmp,Scarlett Johansson,NaN
16,164,1,1,F_Lure_19.bmp,James Dean,NaN
16,165,1,1,F_Lure_18.bmp,Jack Nicholson,NaN
16,166,1,1,S_Lure_107.bmp,Colosseum,NaN
16,167,1,1,S_Lure_98.bmp,Alcatraz,NaN
16,168,1,1,F_Lure_30.bmp,Meryl Streep,NaN
16,169,1,1,O_Image_54.bmp,Bicycle,NaN
16,170,1,1,O_Image_72.bmp,Lightbulb,NaN
16,171,1,1,O_Lure_61.bmp,Football,NaN
16,172,1,1,F_Lure_2.bmp,Amy Winehouse,NaN
16,173,1,1,F_Lure_37.bmp,Pierce Brosnan,NaN
16,174,1,1,F_Lure_12.bmp,David Beckham,NaN
16,175,1,1,S_Image_122.bmp,Mont Saint Michel,NaN
16,176,1,1,O_Lure_81.bmp,Scale,NaN
16,177,1,1,S_Lure_134.bmp,Sagrada Familia,NaN
16,178,1,1,F_Lure_15.bmp,Fidel Castro,NaN
16,179,1,1,O_Image_83.bmp,Shoe,NaN
16,180,1,1,O_Lure_51.bmp,Basket,NaN
16,181,1,1,O_Lure_70.bmp,Key,NaN
16,182,1,1,S_Image_98.bmp,Alcatraz,NaN
16,183,1,1,F_Image_41.bmp,Rod Steward,NaN
16,184,1,1,F_Image_44.bmp,Tom Hanks,NaN
16,185,1,1,S_Lure_119.bmp,Louvre,NaN
16,186,1,1,O_Image_90.bmp,Telephone,NaN
16,187,1,1,F_Lure_42.bmp,Scarlett Johansson,NaN
16,188,1,1,O_Lure_92.bmp,Trophy,NaN
16,189,1,1,O_Image_75.bmp,Necklace,NaN
16,190,1,1,F_Image_20.bmp,Jennifer Lopez,NaN
16,191,1,1,O_Lure_71.bmp,Ladder,NaN
16,192,1,1,O_Lure_82.bmp,Scissors,NaN
16,193,1,1,S_Image_136.bmp,Sistine Chapel,NaN
16,194,1,1,O_Image_58.bmp,Canoe,NaN
16,195,1,1,F_Image_2.bmp,Amy Winehouse,NaN
16,196,1,1,F_Image_15.bmp,Fidel Castro,NaN
16,197,1,1,F_Image_9.bmp,Charlie Chaplin,NaN
16,198,1,1,F_Image_34.bmp,Nelson Mandela,NaN
16,199,1,1,F_Lure_28.bmp,Margaret Thatcher,NaN
16,200,1,1,F_Image_39.bmp,Robbie Williams,NaN
16,201,1,1,O_Image_67.bmp,Hammock,NaN
16,202,1,1,S_Lure_142.bmp,Tower Bridge,NaN
16,203,1,1,O_Lure_77.bmp,Radio,NaN
16,204,1,1,F_Image_14.bmp,Elvis Presley,NaN
16,205,1,1,O_Lure_49.bmp,Anchor,NaN
16,206,1,1,O_Image_51.bmp,Basket,NaN
16,207,1,1,F_Lure_13.bmp,Elton John,NaN
16,208,1,1,O_Image_73.bmp,Microscope,NaN
16,209,1,1,F_Image_46.bmp,Wayne Rooney,NaN
16,210,1,1,O_Lure_94.bmp,Watch,NaN
16,211,1,1,O_Image_80.bmp,Rope,NaN
16,212,1,1,O_Lure_55.bmp,Binoculars,NaN
16,213,1,1,S_Image_134.bmp,Sagrada Familia,NaN
16,214,1,1,F_Lure_7.bmp,Britney Spears,NaN
16,215,1,1,F_Lure_35.bmp,Nikola Sarkozy,NaN
16,216,1,1,S_Lure_122.bmp,Mont Saint Michel,NaN
16,217,1,1,F_Image_5.bmp,Bill Clinton,NaN
16,218,1,1,S_Lure_127.bmp,Niagara Falls,NaN
16,219,1,1,O_Lure_68.bmp,Hat,NaN
16,220,1,1,S_Image_141.bmp,Time Square,NaN
16,221,1,1,O_Image_57.bmp,Brush,NaN
16,222,1,1,F_Lure_40.bmp,Robert De Niro,NaN
16,223,1,1,O_Lure_50.bmp,Barbecue,NaN
16,224,1,1,F_Lure_5.bmp,Bill Clinton,NaN
16,225,1,1,S_Image_131.bmp,Rapa Nui,NaN
16,226,1,1,S_Image_125.bmp,Mount Rushmore,NaN
16,227,1,1,S_Lure_111.bmp,Gizeh Pyramids,NaN
16,228,1,1,S_Lure_110.bmp,Forbidden City,NaN
16,229,1,1,S_Lure_121.bmp,Mecca,NaN
16,230,1,1,F_Image_38.bmp,Queen Elisabeth,NaN
16,231,1,1,S_Image_100.bmp,Angkor Wat,NaN
16,232,1,1,O_Lure_80.bmp,Rope,NaN
16,233,1,1,S_Lure_124.bmp,Mount Fuji,NaN
16,234,1,1,S_Image_109.bmp,Eiffel Tower,NaN
16,235,1,1,S_Image_126.bmp,Neu schwanstein Castle,NaN
16,236,1,1,S_Lure_144.bmp,White House,NaN
16,237,1,1,S_Image_144.bmp,White House,NaN
16,238,1,1,S_Lure_103.bmp,Big Ben,NaN
16,239,1,1,O_Lure_58.bmp,Canoe,NaN
16,240,1,1,F_Image_35.bmp,Nikola Sarkozy,NaN
16,241,1,1,O_Image_82.bmp,Scissors,NaN
16,242,1,1,F_Lure_22.bmp,Judi Dench,NaN
16,243,1,1,S_Image_103.bmp,Big Ben,NaN
16,244,1,1,F_Lure_6.bmp,Brad Pitt,NaN
16,245,1,1,F_Lure_10.bmp,Dalai Lama,NaN
16,246,1,1,S_Image_101.bmp,Atomium,NaN
16,247,1,1,S_Lure_141.bmp,Time Square,NaN
16,248,1,1,S_Image_121.bmp,Mecca,NaN
16,249,1,1,O_Image_69.bmp,Headphones,NaN
16,250,1,1,F_Lure_23.bmp,Julia Roberts,NaN
16,251,1,1,O_Lure_74.bmp,Mirror,NaN
16,252,1,1,F_Lure_20.bmp,Jennifer Lopez,NaN
16,253,1,1,S_Image_132.bmp,Red Square,NaN
16,254,1,1,F_Image_10.bmp,Dalai Lama,NaN
16,255,1,1,S_Lure_118.bmp,Leaning Tower,NaN
16,256,1,1,O_Image_84.bmp,Skirt,NaN
16,257,1,1,S_Lure_99.bmp,Alhambra,NaN
16,258,1,1,F_Lure_8.bmp,Cameron Diaz,NaN
16,259,1,1,S_Lure_105.bmp,Chichen Itza,NaN
16,260,1,1,F_Image_26.bmp,Madonna,NaN
16,261,1,1,O_Image_81.bmp,Scale,NaN
16,262,1,1,O_Lure_63.bmp,Globe,NaN
16,263,1,1,F_Image_32.bmp,Mick Jagger,NaN
16,264,1,1,F_Image_24.bmp,Keanu Reeves,NaN
16,265,1,1,O_Lure_86.bmp,Soother,NaN
16,266,1,1,O_Lure_57.bmp,Brush,NaN
16,267,1,1,F_Lure_32.bmp,Mick Jagger,NaN
16,268,1,1,F_Image_30.bmp,Meryl Streep,NaN
16,269,1,1,S_Image_114.bmp,Great Wall,NaN
16,270,1,1,S_Lure_130.bmp,Potala Palace,NaN
16,271,1,1,S_Image_143.bmp,Versailles,NaN
16,272,1,1,S_Lure_126.bmp,Neu schwanstein Castle,NaN
16,273,1,1,F_Lure_45.bmp,Tony Blair,NaN
16,274,1,1,O_Image_70.bmp,Key,NaN
16,275,1,1,S_Lure_138.bmp,Stonehenge,NaN
16,276,1,1,O_Lure_90.bmp,Telephone,NaN
16,277,1,1,O_Lure_78.bmp,Razor,NaN
16,278,1,1,O_Image_92.bmp,Trophy,NaN
16,279,1,1,S_Image_106.bmp,Christ The Redeemer,NaN
16,280,1,1,F_Lure_26.bmp,Madonna,NaN
16,281,1,1,O_Image_65.bmp,GrandPiano,NaN
16,282,1,1,F_Image_16.bmp,George Bush,NaN
16,283,1,1,O_Lure_84.bmp,Skirt,NaN
16,284,1,1,S_Image_123.bmp,Mount Everest,NaN
16,285,1,1,O_Lure_88.bmp,Suitcase,NaN
16,286,1,1,F_Lure_16.bmp,George Bush,NaN
16,287,1,1,O_Image_95.bmp,Wheelchair,NaN
16,288,1,1,F_Image_6.bmp,Brad Pitt,NaN
16,289,1,1,S_Image_110.bmp,Forbidden City,NaN
16,290,1,1,F_Lure_33.bmp,Mother Teresa,NaN
16,291,1,1,S_Image_129.bmp,Petra,NaN
16,292,1,1,S_Lure_101.bmp,Atomium,NaN
16,293,1,1,S_Lure_128.bmp,Notre Dame,NaN
16,294,1,1,F_Image_12.bmp,David Beckham,NaN
16,295,1,1,F_Lure_46.bmp,Wayne Rooney,NaN
16,296,1,1,F_Image_3.bmp,Angela Merkel,NaN
16,297,1,1,S_Image_97.bmp,Akropolis,NaN
16,298,1,1,F_Image_36.bmp,Penelope Cruz,NaN
16,299,1,1,S_Lure_135.bmp,Sahara Desert,NaN
16,300,1,1,S_Image_115.bmp,Hagia Sophia,NaN
16,301,1,1,S_Lure_104.bmp,Brandenburg Gate,NaN
16,302,1,1,S_Image_113.bmp,Grand Canyon,NaN
16,303,1,1,S_Lure_136.bmp,Sistine Chapel,NaN
16,304,1,1,S_Lure_133.bmp,Rialto Bridge,NaN
16,305,1,1,S_Lure_108.bmp,Dover Cliffs,NaN
16,306,1,1,F_Image_22.bmp,Judi Dench,NaN
16,307,1,1,S_Lure_143.bmp,Versailles,NaN
16,308,1,1,S_Image_108.bmp,Dover Cliffs,NaN
16,309,1,1,S_Lure_102.bmp,Ayers Rock,NaN
16,310,1,1,S_Image_142.bmp,Tower Bridge,NaN
16,311,1,1,S_Image_99.bmp,Alhambra,NaN
16,312,1,1,F_Lure_39.bmp,Robbie Williams,NaN
16,313,1,1,F_Image_28.bmp,Margaret Thatcher,NaN
16,314,1,1,S_Image_124.bmp,Mount Fuji,NaN
16,315,1,1,S_Image_130.bmp,Potala Palace,NaN
16,316,1,1,S_Image_117.bmp,Kings College,NaN
16,317,1,1,S_Image_119.bmp,Louvre,NaN
16,318,1,1,S_Lure_129.bmp,Petra,NaN
16,319,1,1,S_Lure_106.bmp,Christ The Redeemer,NaN
16,320,1,1,S_Lure_132.bmp,Red Square,NaN
16,321,1,1,F_Image_45.bmp,Tony Blair,NaN
16,322,1,1,S_Lure_100.bmp,Angkor Wat,NaN
16,323,1,1,S_Image_104.bmp,Brandenburg Gate,NaN
16,324,1,1,S_Image_133.bmp,Rialto Bridge,NaN
16,325,1,1,S_Lure_117.bmp,Kings College,NaN
16,326,1,1,S_Image_105.bmp,Chichen Itza,NaN
16,327,1,1,S_Lure_115.bmp,Hagia Sophia,NaN
16,328,1,1,S_Lure_98.bmp,Alcatraz,NaN
16,329,1,1,F_Lure_12.bmp,David Beckham,NaN
16,330,1,1,S_Image_122.bmp,Mont Saint Michel,NaN
16,331,1,1,S_Lure_134.bmp,Sagrada Familia,NaN
16,332,1,1,F_Lure_15.bmp,Fidel Castro,NaN
16,333,1,1,F_Image_39.bmp,Robbie Williams,NaN
16,334,1,1,F_Image_46.bmp,Wayne Rooney,NaN
16,335,1,1,S_Image_134.bmp,Sagrada Familia,NaN
16,336,1,1,F_Lure_35.bmp,Nikola Sarkozy,NaN
16,337,1,1,S_Lure_122.bmp,Mont Saint Michel,NaN
16,338,1,1,S_Lure_110.bmp,Forbidden City,NaN
16,339,1,1,S_Lure_121.bmp,Mecca,NaN
16,340,1,1,S_Image_100.bmp,Angkor Wat,NaN
16,341,1,1,S_Image_126.bmp,Neu schwanstein Castle,NaN
16,342,1,1,F_Image_35.bmp,Nikola Sarkozy,NaN
16,343,1,1,F_Lure_22.bmp,Judi Dench,NaN
16,344,1,1,S_Image_132.bmp,Red Square,NaN
16,345,1,1,S_Lure_99.bmp,Alhambra,NaN
16,346,1,1,S_Lure_130.bmp,Potala Palace,NaN
16,347,1,1,S_Image_143.bmp,Versailles,NaN
16,348,1,1,S_Lure_126.bmp,Neu schwanstein Castle,NaN
16,349,1.5,1,S_Image_140.bmp,Taj Mahal,triangle
16,350,1.5,1,F_Image_46.bmp,Wayne Rooney,poison
16,351,1.5,1,O_Image_72.bmp,Lightbulb,honeymoon
16,352,1.5,1,S_Image_138.bmp,Stonehenge,yellow
16,353,1.5,1,F_Image_42.bmp,Scarlett Johansson,menu
16,354,1.5,1,O_Image_67.bmp,Hammock,arch
16,355,1.5,1,O_Image_73.bmp,Microscope,ghost
16,356,1.5,1,O_Image_82.bmp,Scissors,hostage
16,357,1.5,1,F_Image_18.bmp,Jack Nicholson,tourist
16,358,1.5,1,F_Image_45.bmp,Tony Blair,shell
16,359,1.5,1,F_Image_1.bmp,Albert Einstein,drizzle
16,360,1.5,1,O_Image_60.bmp,Flask,water
16,361,1.5,1,S_Image_132.bmp,Red Square,magnet
16,362,1.5,1,O_Image_49.bmp,Anchor,alcohol
16,363,1.5,1,S_Image_100.bmp,Angkor Wat,arrow
16,364,1.5,1,F_Image_16.bmp,George Bush,flood
16,365,1.5,1,F_Image_29.bmp,Marilyn Monroe,alien
16,366,1.5,1,S_Image_112.bmp,Golden Gate Bridge,snow
16,367,1.5,1,F_Image_11.bmp,Daniel Radcliffe,slope
16,368,1.5,1,F_Image_8.bmp,Cameron Diaz,corpse
16,369,1.5,1,S_Image_104.bmp,Brandenburg Gate,paper
16,370,1.5,1,F_Image_12.bmp,David Beckham,antique
16,371,1.5,1,S_Image_108.bmp,Dover Cliffs,steam
16,372,1.5,1,O_Image_74.bmp,Mirror,seed
16,373,2,1,S_Image_108.bmp-S_Lure_108.bmp,Dover Cliffs,steam
16,374,2,1,F_Image_45.bmp-F_Lure_45.bmp,Tony Blair,shell
16,375,2,1,F_Image_1.bmp-F_Lure_1.bmp,Albert Einstein,drizzle
16,376,2,1,F_Image_8.bmp-F_Lure_8.bmp,Cameron Diaz,corpse
16,377,2,1,S_Image_140.bmp-S_Lure_140.bmp,Taj Mahal,triangle
16,378,2,1,F_Image_42.bmp-F_Lure_42.bmp,Scarlett Johansson,menu
16,379,2,1,O_Image_49.bmp-O_Lure_49.bmp,Anchor,alcohol
16,380,2,1,F_Image_18.bmp-F_Lure_18.bmp,Jack Nicholson,tourist
16,381,2,1,S_Image_132.bmp-S_Lure_132.bmp,Red Square,magnet
16,382,2,1,F_Image_12.bmp-F_Lure_12.bmp,David Beckham,antique
16,383,2,1,O_Image_67.bmp-O_Lure_67.bmp,Hammock,arch
16,384,2,1,O_Image_72.bmp-O_Lure_72.bmp,Lightbulb,honeymoon
16,385,2,1,F_Image_46.bmp-F_Lure_46.bmp,Wayne Rooney,poison
16,386,2,1,F_Image_29.bmp-F_Lure_29.bmp,Marilyn Monroe,alien
16,387,2,1,O_Image_74.bmp-O_Lure_74.bmp,Mirror,seed
16,388,2,1,O_Image_73.bmp-O_Lure_73.bmp,Microscope,ghost
16,389,2,1,O_Image_60.bmp-O_Lure_60.bmp,Flask,water
16,390,2,1,S_Image_138.bmp-S_Lure_138.bmp,Stonehenge,yellow
16,391,2,1,S_Image_112.bmp-S_Lure_112.bmp,Golden Gate Bridge,snow
16,392,2,1,S_Image_100.bmp-S_Lure_100.bmp,Angkor Wat,arrow
16,393,2,1,F_Image_16.bmp-F_Lure_16.bmp,George Bush,flood
16,394,2,1,O_Image_82.bmp-O_Lure_82.bmp,Scissors,hostage
16,395,2,1,S_Image_104.bmp-S_Lure_104.bmp,Brandenburg Gate,paper
16,396,2,1,F_Image_11.bmp-F_Lure_11.bmp,Daniel Radcliffe,slope
16,397,3,1,F_Image_29.bmp-F_Lure_29.bmp,Marilyn Monroe,alien
16,398,3,1,F_Image_46.bmp-F_Lure_46.bmp,Wayne Rooney,poison
16,399,3,1,S_Image_138.bmp-S_Lure_138.bmp,Stonehenge,yellow
16,400,3,1,O_Image_67.bmp-O_Lure_67.bmp,Hammock,arch
16,401,3,1,O_Image_82.bmp-O_Lure_82.bmp,Scissors,hostage
16,402,3,1,O_Image_73.bmp-O_Lure_73.bmp,Microscope,ghost
16,403,3,1,S_Image_100.bmp-S_Lure_100.bmp,Angkor Wat,arrow
16,404,3,1,F_Image_45.bmp-F_Lure_45.bmp,Tony Blair,shell
16,405,3,1,S_Image_140.bmp-S_Lure_140.bmp,Taj Mahal,triangle
16,406,3,1,F_Image_18.bmp-F_Lure_18.bmp,Jack Nicholson,tourist
16,407,3,1,S_Image_112.bmp-S_Lure_112.bmp,Golden Gate Bridge,snow
16,408,3,1,O_Image_60.bmp-O_Lure_60.bmp,Flask,water
16,409,3,1,O_Image_49.bmp-O_Lure_49.bmp,Anchor,alcohol
16,410,3,1,F_Image_1.bmp-F_Lure_1.bmp,Albert Einstein,drizzle
16,411,3,1,S_Image_108.bmp-S_Lure_108.bmp,Dover Cliffs,steam
16,412,3,1,F_Image_12.bmp-F_Lure_12.bmp,David Beckham,antique
16,413,3,1,F_Image_16.bmp-F_Lure_16.bmp,George Bush,flood
16,414,3,1,S_Image_104.bmp-S_Lure_104.bmp,Brandenburg Gate,paper
16,415,3,1,F_Image_8.bmp-F_Lure_8.bmp,Cameron Diaz,corpse
16,416,3,1,O_Image_72.bmp-O_Lure_72.bmp,Lightbulb,honeymoon
16,417,3,1,O_Image_74.bmp-O_Lure_74.bmp,Mirror,seed
16,418,3,1,F_Image_42.bmp-F_Lure_42.bmp,Scarlett Johansson,menu
16,419,3,1,F_Image_11.bmp-F_Lure_11.bmp,Daniel Radcliffe,slope
16,420,3,1,S_Image_132.bmp-S_Lure_132.bmp,Red Square,magnet
16,421,1.5,2,O_Image_93.bmp,Umbrella,corner
16,422,1.5,2,O_Image_95.bmp,Wheelchair,wool
16,423,1.5,2,F_Image_34.bmp,Nelson Mandela,stripe
16,424,1.5,2,F_Image_3.bmp,Angela Merkel,sand
16,425,1.5,2,S_Image_133.bmp,Rialto Bridge,measles
16,426,1.5,2,O_Image_55.bmp,Binoculars,tube
16,427,1.5,2,S_Image_121.bmp,Mecca,spike
16,428,1.5,2,O_Image_62.bmp,FryingPan,black
16,429,1.5,2,S_Image_124.bmp,Mount Fuji,tail
16,430,1.5,2,F_Image_14.bmp,Elvis Presley,crumb
16,431,1.5,2,S_Image_106.bmp,Christ The Redeemer,hurricane
16,432,1.5,2,S_Image_122.bmp,Mont Saint Michel,attack
16,433,1.5,2,S_Image_118.bmp,Leaning Tower,cone
16,434,1.5,2,F_Image_47.bmp,Whoopi Goldberg,wreck
16,435,1.5,2,F_Image_13.bmp,Elton John,stem
16,436,1.5,2,F_Image_5.bmp,Bill Clinton,angel
16,437,1.5,2,O_Image_53.bmp,Belt,bubble
16,438,1.5,2,S_Image_107.bmp,Colosseum,harem
16,439,1.5,2,F_Image_2.bmp,Amy Winehouse,fuel
16,440,1.5,2,F_Image_10.bmp,Dalai Lama,signal
16,441,1.5,2,S_Image_126.bmp,Neu schwanstein Castle,fire
16,442,1.5,2,O_Image_94.bmp,Watch,breakfast
16,443,1.5,2,S_Image_116.bmp,Hollywood Sign,kiss
16,444,1.5,2,F_Image_22.bmp,Judi Dench,marble
16,445,2,2,F_Image_14.bmp-F_Lure_14.bmp,Elvis Presley,crumb
16,446,2,2,O_Image_94.bmp-O_Lure_94.bmp,Watch,breakfast
16,447,2,2,F_Image_13.bmp-F_Lure_13.bmp,Elton John,stem
16,448,2,2,S_Image_124.bmp-S_Lure_124.bmp,Mount Fuji,tail
16,449,2,2,O_Image_62.bmp-O_Lure_62.bmp,FryingPan,black
16,450,2,2,S_Image_133.bmp-S_Lure_133.bmp,Rialto Bridge,measles
16,451,2,2,S_Image_106.bmp-S_Lure_106.bmp,Christ The Redeemer,hurricane
16,452,2,2,F_Image_5.bmp-F_Lure_5.bmp,Bill Clinton,angel
16,453,2,2,S_Image_118.bmp-S_Lure_118.bmp,Leaning Tower,cone
16,454,2,2,F_Image_47.bmp-F_Lure_47.bmp,Whoopi Goldberg,wreck
16,455,2,2,F_Image_3.bmp-F_Lure_3.bmp,Angela Merkel,sand
16,456,2,2,S_Image_107.bmp-S_Lure_107.bmp,Colosseum,harem
16,457,2,2,S_Image_126.bmp-S_Lure_126.bmp,Neu schwanstein Castle,fire
16,458,2,2,F_Image_34.bmp-F_Lure_34.bmp,Nelson Mandela,stripe
16,459,2,2,O_Image_55.bmp-O_Lure_55.bmp,Binoculars,tube
16,460,2,2,F_Image_2.bmp-F_Lure_2.bmp,Amy Winehouse,fuel
16,461,2,2,O_Image_95.bmp-O_Lure_95.bmp,Wheelchair,wool
16,462,2,2,F_Image_22.bmp-F_Lure_22.bmp,Judi Dench,marble
16,463,2,2,O_Image_53.bmp-O_Lure_53.bmp,Belt,bubble
16,464,2,2,S_Image_122.bmp-S_Lure_122.bmp,Mont Saint Michel,attack
16,465,2,2,O_Image_93.bmp-O_Lure_93.bmp,Umbrella,corner
16,466,2,2,F_Image_10.bmp-F_Lure_10.bmp,Dalai Lama,signal
16,467,2,2,S_Image_121.bmp-S_Lure_121.bmp,Mecca,spike
16,468,2,2,S_Image_116.bmp-S_Lure_116.bmp,Hollywood Sign,kiss
16,469,3,2,F_Image_22.bmp-F_Lure_22.bmp,Judi Dench,marble
16,470,3,2,S_Image_124.bmp-S_Lure_124.bmp,Mount Fuji,tail
16,471,3,2,S_Image_118.bmp-S_Lure_118.bmp,Leaning Tower,cone
16,472,3,2,F_Image_10.bmp-F_Lure_10.bmp,Dalai Lama,signal
16,473,3,2,S_Image_107.bmp-S_Lure_107.bmp,Colosseum,harem
16,474,3,2,F_Image_14.bmp-F_Lure_14.bmp,Elvis Presley,crumb
16,475,3,2,O_Image_94.bmp-O_Lure_94.bmp,Watch,breakfast
16,476,3,2,F_Image_47.bmp-F_Lure_47.bmp,Whoopi Goldberg,wreck
16,477,3,2,S_Image_121.bmp-S_Lure_121.bmp,Mecca,spike
16,478,3,2,F_Image_3.bmp-F_Lure_3.bmp,Angela Merkel,sand
16,479,3,2,F_Image_5.bmp-F_Lure_5.bmp,Bill Clinton,angel
16,480,3,2,F_Image_34.bmp-F_Lure_34.bmp,Nelson Mandela,stripe
16,481,3,2,S_Image_122.bmp-S_Lure_122.bmp,Mont Saint Michel,attack
16,482,3,2,O_Image_93.bmp-O_Lure_93.bmp,Umbrella,corner
16,483,3,2,O_Image_55.bmp-O_Lure_55.bmp,Binoculars,tube
16,484,3,2,S_Image_116.bmp-S_Lure_116.bmp,Hollywood Sign,kiss
16,485,3,2,F_Image_13.bmp-F_Lure_13.bmp,Elton John,stem
16,486,3,2,O_Image_53.bmp-O_Lure_53.bmp,Belt,bubble
16,487,3,2,O_Image_95.bmp-O_Lure_95.bmp,Wheelchair,wool
16,488,3,2,F_Image_2.bmp-F_Lure_2.bmp,Amy Winehouse,fuel
16,489,3,2,S_Image_133.bmp-S_Lure_133.bmp,Rialto Bridge,measles
16,490,3,2,S_Image_126.bmp-S_Lure_126.bmp,Neu schwanstein Castle,fire
16,491,3,2,S_Image_106.bmp-S_Lure_106.bmp,Christ The Redeemer,hurricane
16,492,3,2,O_Image_62.bmp-O_Lure_62.bmp,FryingPan,black
16,493,1.5,3,O_Image_70.bmp,Key,tear
16,494,1.5,3,S_Image_103.bmp,Big Ben,costume
16,495,1.5,3,O_Image_81.bmp,Scale,vegetable
16,496,1.5,3,F_Image_48.bmp,Will Smith,board
16,497,1.5,3,O_Image_64.bmp,Goggles,lever
16,498,1.5,3,F_Image_21.bmp,John Lennon,animal
16,499,1.5,3,O_Image_57.bmp,Brush,asphalt
16,500,1.5,3,S_Image_135.bmp,Sahara Desert,rock
16,501,1.5,3,O_Image_52.bmp,Bed,laundry
16,502,1.5,3,F_Image_9.bmp,Charlie Chaplin,army
16,503,1.5,3,O_Image_88.bmp,Suitcase,cloud
16,504,1.5,3,O_Image_92.bmp,Trophy,giant
16,505,1.5,3,S_Image_119.bmp,Louvre,galaxy
16,506,1.5,3,F_Image_40.bmp,Robert De Niro,scar
16,507,1.5,3,S_Image_123.bmp,Mount Everest,witch
16,508,1.5,3,S_Image_144.bmp,White House,sweat
16,509,1.5,3,S_Image_101.bmp,Atomium,sunshine
16,510,1.5,3,O_Image_77.bmp,Radio,shadow
16,511,1.5,3,S_Image_117.bmp,Kings College,money
16,512,1.5,3,O_Image_96.bmp,Wineglass,spray
16,513,1.5,3,O_Image_76.bmp,Pillows,wound
16,514,1.5,3,F_Image_25.bmp,Leonardo DiCaprio,quake
16,515,1.5,3,S_Image_137.bmp,Statue Of Liberty,orchestra
16,516,1.5,3,O_Image_61.bmp,Football,rust
16,517,2,3,O_Image_70.bmp-O_Lure_70.bmp,Key,tear
16,518,2,3,S_Image_119.bmp-S_Lure_119.bmp,Louvre,galaxy
16,519,2,3,O_Image_76.bmp-O_Lure_76.bmp,Pillows,wound
16,520,2,3,O_Image_64.bmp-O_Lure_64.bmp,Goggles,lever
16,521,2,3,O_Image_52.bmp-O_Lure_52.bmp,Bed,laundry
16,522,2,3,O_Image_96.bmp-O_Lure_96.bmp,Wineglass,spray
16,523,2,3,S_Image_101.bmp-S_Lure_101.bmp,Atomium,sunshine
16,524,2,3,F_Image_21.bmp-F_Lure_21.bmp,John Lennon,animal
16,525,2,3,S_Image_117.bmp-S_Lure_117.bmp,Kings College,money
16,526,2,3,S_Image_135.bmp-S_Lure_135.bmp,Sahara Desert,rock
16,527,2,3,F_Image_9.bmp-F_Lure_9.bmp,Charlie Chaplin,army
16,528,2,3,F_Image_25.bmp-F_Lure_25.bmp,Leonardo DiCaprio,quake
16,529,2,3,O_Image_88.bmp-O_Lure_88.bmp,Suitcase,cloud
16,530,2,3,S_Image_137.bmp-S_Lure_137.bmp,Statue Of Liberty,orchestra
16,531,2,3,O_Image_61.bmp-O_Lure_61.bmp,Football,rust
16,532,2,3,O_Image_81.bmp-O_Lure_81.bmp,Scale,vegetable
16,533,2,3,F_Image_48.bmp-F_Lure_48.bmp,Will Smith,board
16,534,2,3,O_Image_57.bmp-O_Lure_57.bmp,Brush,asphalt
16,535,2,3,S_Image_123.bmp-S_Lure_123.bmp,Mount Everest,witch
16,536,2,3,F_Image_40.bmp-F_Lure_40.bmp,Robert De Niro,scar
16,537,2,3,S_Image_103.bmp-S_Lure_103.bmp,Big Ben,costume
16,538,2,3,O_Image_92.bmp-O_Lure_92.bmp,Trophy,giant
16,539,2,3,O_Image_77.bmp-O_Lure_77.bmp,Radio,shadow
16,540,2,3,S_Image_144.bmp-S_Lure_144.bmp,White House,sweat
16,541,3,3,S_Image_135.bmp-S_Lure_135.bmp,Sahara Desert,rock
16,542,3,3,F_Image_9.bmp-F_Lure_9.bmp,Charlie Chaplin,army
16,543,3,3,O_Image_76.bmp-O_Lure_76.bmp,Pillows,wound
16,544,3,3,S_Image_119.bmp-S_Lure_119.bmp,Louvre,galaxy
16,545,3,3,S_Image_103.bmp-S_Lure_103.bmp,Big Ben,costume
16,546,3,3,O_Image_88.bmp-O_Lure_88.bmp,Suitcase,cloud
16,547,3,3,F_Image_48.bmp-F_Lure_48.bmp,Will Smith,board
16,548,3,3,O_Image_61.bmp-O_Lure_61.bmp,Football,rust
16,549,3,3,S_Image_144.bmp-S_Lure_144.bmp,White House,sweat
16,550,3,3,S_Image_123.bmp-S_Lure_123.bmp,Mount Everest,witch
16,551,3,3,S_Image_137.bmp-S_Lure_137.bmp,Statue Of Liberty,orchestra
16,552,3,3,O_Image_96.bmp-O_Lure_96.bmp,Wineglass,spray
16,553,3,3,F_Image_40.bmp-F_Lure_40.bmp,Robert De Niro,scar
16,554,3,3,O_Image_57.bmp-O_Lure_57.bmp,Brush,asphalt
16,555,3,3,S_Image_117.bmp-S_Lure_117.bmp,Kings College,money
16,556,3,3,O_Image_64.bmp-O_Lure_64.bmp,Goggles,lever
16,557,3,3,F_Image_21.bmp-F_Lure_21.bmp,John Lennon,animal
16,558,3,3,O_Image_52.bmp-O_Lure_52.bmp,Bed,laundry
16,559,3,3,O_Image_92.bmp-O_Lure_92.bmp,Trophy,giant
16,560,3,3,S_Image_101.bmp-S_Lure_101.bmp,Atomium,sunshine
16,561,3,3,F_Image_25.bmp-F_Lure_25.bmp,Leonardo DiCaprio,quake
16,562,3,3,O_Image_70.bmp-O_Lure_70.bmp,Key,tear
16,563,3,3,O_Image_81.bmp-O_Lure_81.bmp,Scale,vegetable
16,564,3,3,O_Image_77.bmp-O_Lure_77.bmp,Radio,shadow
16,565,3.5,1,O_Image_75.bmp,Necklace,menu
16,566,3.5,1,F_Image_20.bmp,Jennifer Lopez,kiss
16,567,3.5,1,F_Image_32.bmp,Mick Jagger,laundry
16,568,3.5,1,O_Image_79.bmp,Remote Control,drizzle
16,569,3.5,1,O_Image_80.bmp,Rope,tourist
16,570,3.5,1,F_Image_41.bmp,Rod Steward,alcohol
16,571,3.5,1,O_Image_58.bmp,Canoe,hurricane
16,572,3.5,1,F_Image_43.bmp,Tom Cruise,bubble
16,573,3.5,1,S_Image_142.bmp,Tower Bridge,marble
16,574,3.5,1,O_Image_78.bmp,Razor,stripe
16,575,3.5,1,F_Image_39.bmp,Robbie Williams,tube
16,576,3.5,1,F_Image_4.bmp,Barack Obama,orchestra
16,577,3.5,1,F_Image_30.bmp,Meryl Streep,shadow
16,578,3.5,1,O_Image_68.bmp,Hat,money
16,579,3.5,1,O_Image_83.bmp,Shoe,quake
16,580,3.5,1,O_Image_85.bmp,Sock,antique
16,581,3.5,1,F_Image_7.bmp,Britney Spears,arrow
16,582,3.5,1,S_Image_113.bmp,Grand Canyon,lever
16,583,3.5,1,S_Image_99.bmp,Alhambra,giant
16,584,3.5,1,S_Image_143.bmp,Versailles,board
16,585,3.5,1,O_Image_69.bmp,Headphones,harem
16,586,3.5,1,F_Image_28.bmp,Margaret Thatcher,yellow
16,587,3.5,1,F_Image_6.bmp,Brad Pitt,galaxy
16,588,3.5,1,F_Image_31.bmp,Michael Jackson,cloud
16,589,4,1,F_Image_32.bmp-F_Lure_32.bmp,Mick Jagger,laundry
16,590,4,1,F_Image_4.bmp-F_Lure_4.bmp,Barack Obama,orchestra
16,591,4,1,S_Image_143.bmp-S_Lure_143.bmp,Versailles,board
16,592,4,1,F_Image_20.bmp-F_Lure_20.bmp,Jennifer Lopez,kiss
16,593,4,1,F_Image_30.bmp-F_Lure_30.bmp,Meryl Streep,shadow
16,594,4,1,F_Image_6.bmp-F_Lure_6.bmp,Brad Pitt,galaxy
16,595,4,1,O_Image_58.bmp-O_Lure_58.bmp,Canoe,hurricane
16,596,4,1,O_Image_80.bmp-O_Lure_80.bmp,Rope,tourist
16,597,4,1,S_Image_142.bmp-S_Lure_142.bmp,Tower Bridge,marble
16,598,4,1,F_Image_43.bmp-F_Lure_43.bmp,Tom Cruise,bubble
16,599,4,1,S_Image_99.bmp-S_Lure_99.bmp,Alhambra,giant
16,600,4,1,O_Image_85.bmp-O_Lure_85.bmp,Sock,antique
16,601,4,1,O_Image_79.bmp-O_Lure_79.bmp,Remote Control,drizzle
16,602,4,1,F_Image_7.bmp-F_Lure_7.bmp,Britney Spears,arrow
16,603,4,1,F_Image_41.bmp-F_Lure_41.bmp,Rod Steward,alcohol
16,604,4,1,O_Image_83.bmp-O_Lure_83.bmp,Shoe,quake
16,605,4,1,S_Image_113.bmp-S_Lure_113.bmp,Grand Canyon,lever
16,606,4,1,O_Image_75.bmp-O_Lure_75.bmp,Necklace,menu
16,607,4,1,O_Image_68.bmp-O_Lure_68.bmp,Hat,money
16,608,4,1,F_Image_39.bmp-F_Lure_39.bmp,Robbie Williams,tube
16,609,4,1,O_Image_69.bmp-O_Lure_69.bmp,Headphones,harem
16,610,4,1,F_Image_28.bmp-F_Lure_28.bmp,Margaret Thatcher,yellow
16,611,4,1,F_Image_31.bmp-F_Lure_31.bmp,Michael Jackson,cloud
16,612,4,1,O_Image_78.bmp-O_Lure_78.bmp,Razor,stripe
16,613,3.5,2,O_Image_91.bmp,Torch,scar
16,614,3.5,2,O_Image_84.bmp,Skirt,poison
16,615,3.5,2,O_Image_89.bmp,Teddybear,slope
16,616,3.5,2,O_Image_66.bmp,Guitar,cone
16,617,3.5,2,F_Image_17.bmp,George Clooney,sweat
16,618,3.5,2,O_Image_50.bmp,Barbecue,measles
16,619,3.5,2,S_Image_141.bmp,Time Square,signal
16,620,3.5,2,F_Image_37.bmp,Pierce Brosnan,ghost
16,621,3.5,2,S_Image_130.bmp,Potala Palace,wreck
16,622,3.5,2,O_Image_90.bmp,Telephone,flood
16,623,3.5,2,O_Image_56.bmp,Broom,attack
16,624,3.5,2,S_Image_131.bmp,Rapa Nui,shell
16,625,3.5,2,F_Image_36.bmp,Penelope Cruz,rust
16,626,3.5,2,S_Image_128.bmp,Notre Dame,angel
16,627,3.5,2,S_Image_110.bmp,Forbidden City,seed
16,628,3.5,2,O_Image_51.bmp,Basket,costume
16,629,3.5,2,O_Image_86.bmp,Soother,army
16,630,3.5,2,S_Image_102.bmp,Ayers Rock,spray
16,631,3.5,2,S_Image_109.bmp,Eiffel Tower,wool
16,632,3.5,2,S_Image_114.bmp,Great Wall,water
16,633,3.5,2,O_Image_59.bmp,Fan,tail
16,634,3.5,2,S_Image_136.bmp,Sistine Chapel,fuel
16,635,3.5,2,S_Image_125.bmp,Mount Rushmore,corpse
16,636,3.5,2,S_Image_115.bmp,Hagia Sophia,black
16,637,4,2,O_Image_91.bmp-O_Lure_91.bmp,Torch,scar
16,638,4,2,S_Image_115.bmp-S_Lure_115.bmp,Hagia Sophia,black
16,639,4,2,O_Image_59.bmp-O_Lure_59.bmp,Fan,tail
16,640,4,2,S_Image_110.bmp-S_Lure_110.bmp,Forbidden City,seed
16,641,4,2,S_Image_141.bmp-S_Lure_141.bmp,Time Square,signal
16,642,4,2,O_Image_89.bmp-O_Lure_89.bmp,Teddybear,slope
16,643,4,2,S_Image_130.bmp-S_Lure_130.bmp,Potala Palace,wreck
16,644,4,2,O_Image_56.bmp-O_Lure_56.bmp,Broom,attack
16,645,4,2,O_Image_51.bmp-O_Lure_51.bmp,Basket,costume
16,646,4,2,O_Image_84.bmp-O_Lure_84.bmp,Skirt,poison
16,647,4,2,S_Image_131.bmp-S_Lure_131.bmp,Rapa Nui,shell
16,648,4,2,O_Image_66.bmp-O_Lure_66.bmp,Guitar,cone
16,649,4,2,S_Image_102.bmp-S_Lure_102.bmp,Ayers Rock,spray
16,650,4,2,F_Image_36.bmp-F_Lure_36.bmp,Penelope Cruz,rust
16,651,4,2,F_Image_37.bmp-F_Lure_37.bmp,Pierce Brosnan,ghost
16,652,4,2,S_Image_109.bmp-S_Lure_109.bmp,Eiffel Tower,wool
16,653,4,2,O_Image_50.bmp-O_Lure_50.bmp,Barbecue,measles
16,654,4,2,F_Image_17.bmp-F_Lure_17.bmp,George Clooney,sweat
16,655,4,2,S_Image_128.bmp-S_Lure_128.bmp,Notre Dame,angel
16,656,4,2,O_Image_90.bmp-O_Lure_90.bmp,Telephone,flood
16,657,4,2,S_Image_114.bmp-S_Lure_114.bmp,Great Wall,water
16,658,4,2,S_Image_136.bmp-S_Lure_136.bmp,Sistine Chapel,fuel
16,659,4,2,S_Image_125.bmp-S_Lure_125.bmp,Mount Rushmore,corpse
16,660,4,2,O_Image_86.bmp-O_Lure_86.bmp,Soother,army
16,661,3.5,3,S_Image_97.bmp,Akropolis,corner
16,662,3.5,3,F_Image_35.bmp,Nikola Sarkozy,arch
16,663,3.5,3,O_Image_71.bmp,Ladder,steam
16,664,3.5,3,F_Image_15.bmp,Fidel Castro,triangle
16,665,3.5,3,S_Image_134.bmp,Sagrada Familia,alien
16,666,3.5,3,F_Image_26.bmp,Madonna,witch
16,667,3.5,3,O_Image_65.bmp,GrandPiano,spike
16,668,3.5,3,O_Image_87.bmp,Stapler,stem
16,669,3.5,3,F_Image_27.bmp,Mahadma Gandhi,fire
16,670,3.5,3,S_Image_120.bmp,Machu Picchu,asphalt
16,671,3.5,3,O_Image_63.bmp,Globe,rock
16,672,3.5,3,S_Image_105.bmp,Chichen Itza,breakfast
16,673,3.5,3,F_Image_33.bmp,Mother Teresa,hostage
16,674,3.5,3,F_Image_38.bmp,Queen Elisabeth,tear
16,675,3.5,3,F_Image_24.bmp,Keanu Reeves,snow
16,676,3.5,3,S_Image_98.bmp,Alcatraz,honeymoon
16,677,3.5,3,O_Image_54.bmp,Bicycle,magnet
16,678,3.5,3,S_Image_111.bmp,Gizeh Pyramids,wound
16,679,3.5,3,S_Image_127.bmp,Niagara Falls,crumb
16,680,3.5,3,F_Image_44.bmp,Tom Hanks,vegetable
16,681,3.5,3,F_Image_19.bmp,James Dean,sunshine
16,682,3.5,3,S_Image_129.bmp,Petra,animal
16,683,3.5,3,S_Image_139.bmp,Sydney Opera,sand
16,684,3.5,3,F_Image_23.bmp,Julia Roberts,paper
16,685,4,3,S_Image_129.bmp-S_Lure_129.bmp,Petra,animal
16,686,4,3,S_Image_127.bmp-S_Lure_127.bmp,Niagara Falls,crumb
16,687,4,3,F_Image_35.bmp-F_Lure_35.bmp,Nikola Sarkozy,arch
16,688,4,3,O_Image_71.bmp-O_Lure_71.bmp,Ladder,steam
16,689,4,3,O_Image_63.bmp-O_Lure_63.bmp,Globe,rock
16,690,4,3,F_Image_44.bmp-F_Lure_44.bmp,Tom Hanks,vegetable
16,691,4,3,F_Image_26.bmp-F_Lure_26.bmp,Madonna,witch
16,692,4,3,S_Image_105.bmp-S_Lure_105.bmp,Chichen Itza,breakfast
16,693,4,3,S_Image_111.bmp-S_Lure_111.bmp,Gizeh Pyramids,wound
16,694,4,3,S_Image_97.bmp-S_Lure_97.bmp,Akropolis,corner
16,695,4,3,F_Image_24.bmp-F_Lure_24.bmp,Keanu Reeves,snow
16,696,4,3,S_Image_98.bmp-S_Lure_98.bmp,Alcatraz,honeymoon
16,697,4,3,F_Image_27.bmp-F_Lure_27.bmp,Mahadma Gandhi,fire
16,698,4,3,S_Image_139.bmp-S_Lure_139.bmp,Sydney Opera,sand
16,699,4,3,F_Image_33.bmp-F_Lure_33.bmp,Mother Teresa,hostage
16,700,4,3,O_Image_54.bmp-O_Lure_54.bmp,Bicycle,magnet
16,701,4,3,S_Image_120.bmp-S_Lure_120.bmp,Machu Picchu,asphalt
16,702,4,3,O_Image_87.bmp-O_Lure_87.bmp,Stapler,stem
16,703,4,3,F_Image_23.bmp-F_Lure_23.bmp,Julia Roberts,paper
16,704,4,3,F_Image_38.bmp-F_Lure_38.bmp,Queen Elisabeth,tear
16,705,4,3,F_Image_19.bmp-F_Lure_19.bmp,James Dean,sunshine
16,706,4,3,S_Image_134.bmp-S_Lure_134.bmp,Sagrada Familia,alien
16,707,4,3,O_Image_65.bmp-O_Lure_65.bmp,GrandPiano,spike
16,708,4,3,F_Image_15.bmp-F_Lure_15.bmp,Fidel Castro,triangle
16,709,5, 1 ,O_Image_49.bmp-F_Lure_41.bmp,Anchor-Rod Steward,alcohol
16,710,5, 1 ,S_Image_112.bmp-F_Lure_24.bmp,Golden Gate Bridge-Keanu Reeves,snow
16,711,5, 1 ,S_Image_118.bmp-O_Lure_66.bmp,Leaning Tower-Guitar,cone
16,712,5, 1 ,O_Image_57.bmp-S_Lure_120.bmp,Brush-Machu Picchu,asphalt
16,713,5, 1 ,F_Image_12.bmp-O_Lure_85.bmp,David Beckham-Sock,antique
16,714,5, 1 ,S_Image_117.bmp-O_Lure_68.bmp,Kings College-Hat,money
16,715,5, 1 ,S_Image_103.bmp-O_Lure_51.bmp,Big Ben-Basket,costume
16,716,5, 1 ,O_Image_57.bmp-S_Lure_120.bmp,Brush-Machu Picchu,asphalt
16,717,5, 1 ,F_Image_40.bmp-O_Lure_91.bmp,Robert De Niro-Torch,scar
16,718,5, 1 ,S_Image_104.bmp-F_Lure_23.bmp,Brandenburg Gate-Julia Roberts,paper
16,719,5, 1 ,O_Image_67.bmp-F_Lure_35.bmp,Hammock-Nikola Sarkozy,arch
16,720,5, 1 ,O_Image_67.bmp-F_Lure_35.bmp,Hammock-Nikola Sarkozy,arch
16,721,5, 1 ,O_Image_62.bmp-S_Lure_115.bmp,FryingPan-Hagia Sophia,black
16,722,5, 1 ,S_Image_118.bmp-O_Lure_66.bmp,Leaning Tower-Guitar,cone
16,723,5, 1 ,O_Image_55.bmp-F_Lure_39.bmp,Binoculars-Robbie Williams,tube
16,724,5, 1 ,O_Image_96.bmp-S_Lure_102.bmp,Wineglass-Ayers Rock,spray
16,725,5, 1 ,S_Image_104.bmp-F_Lure_23.bmp,Brandenburg Gate-Julia Roberts,paper
16,726,5, 1 ,S_Image_124.bmp-O_Lure_59.bmp,Mount Fuji-Fan,tail
16,727,5, 1 ,O_Image_93.bmp-S_Lure_97.bmp,Umbrella-Akropolis,corner
16,728,5, 1 ,O_Image_62.bmp-S_Lure_115.bmp,FryingPan-Hagia Sophia,black
16,729,5, 1 ,O_Image_55.bmp-F_Lure_39.bmp,Binoculars-Robbie Williams,tube
16,730,5, 1 ,F_Image_12.bmp-O_Lure_85.bmp,David Beckham-Sock,antique
16,731,5, 1 ,S_Image_124.bmp-O_Lure_59.bmp,Mount Fuji-Fan,tail
16,732,5, 1 ,F_Image_18.bmp-O_Lure_80.bmp,Jack Nicholson-Rope,tourist
16,733,5, 1 ,S_Image_112.bmp-F_Lure_24.bmp,Golden Gate Bridge-Keanu Reeves,snow
16,734,5, 1 ,S_Image_107.bmp-O_Lure_69.bmp,Colosseum-Headphones,harem
16,735,5, 1 ,S_Image_122.bmp-O_Lure_56.bmp,Mont Saint Michel-Broom,attack
16,736,5, 1 ,F_Image_42.bmp-O_Lure_75.bmp,Scarlett Johansson-Necklace,menu
16,737,5, 1 ,O_Image_74.bmp-S_Lure_110.bmp,Mirror-Forbidden City,seed
16,738,5, 1 ,F_Image_47.bmp-S_Lure_130.bmp,Whoopi Goldberg-Potala Palace,wreck
16,739,5, 1 ,S_Image_140.bmp-F_Lure_15.bmp,Taj Mahal-Fidel Castro,triangle
16,740,5, 1 ,S_Image_140.bmp-F_Lure_15.bmp,Taj Mahal-Fidel Castro,triangle
16,741,5, 1 ,O_Image_49.bmp-F_Lure_41.bmp,Anchor-Rod Steward,alcohol
16,742,5, 1 ,S_Image_126.bmp-F_Lure_27.bmp,Neu schwanstein Castle-Mahadma Gandhi,fire
16,743,5, 1 ,F_Image_1.bmp-O_Lure_79.bmp,Albert Einstein-Remote Control,drizzle
16,744,5, 1 ,O_Image_96.bmp-S_Lure_102.bmp,Wineglass-Ayers Rock,spray
16,745,5, 1 ,F_Image_40.bmp-O_Lure_91.bmp,Robert De Niro-Torch,scar
16,746,5, 1 ,S_Image_122.bmp-O_Lure_56.bmp,Mont Saint Michel-Broom,attack
16,747,5, 1 ,S_Image_108.bmp-O_Lure_71.bmp,Dover Cliffs-Ladder,steam
16,748,5, 1 ,F_Image_10.bmp-S_Lure_141.bmp,Dalai Lama-Time Square,signal
16,749,5, 1 ,F_Image_25.bmp-O_Lure_83.bmp,Leonardo DiCaprio-Shoe,quake
16,750,5, 1 ,S_Image_144.bmp-F_Lure_17.bmp,White House-George Clooney,sweat
16,751,5, 1 ,O_Image_52.bmp-F_Lure_32.bmp,Bed-Mick Jagger,laundry
16,752,5, 1 ,O_Image_52.bmp-F_Lure_32.bmp,Bed-Mick Jagger,laundry
16,753,5, 1 ,O_Image_52.bmp-F_Lure_32.bmp,Bed-Mick Jagger,laundry
16,754,5, 1 ,O_Image_55.bmp-F_Lure_39.bmp,Binoculars-Robbie Williams,tube
16,755,5, 1 ,F_Image_8.bmp-S_Lure_125.bmp,Cameron Diaz-Mount Rushmore,corpse
16,756,5, 1 ,F_Image_29.bmp-S_Lure_134.bmp,Marilyn Monroe-Sagrada Familia,alien
16,757,5, 1 ,F_Image_34.bmp-O_Lure_78.bmp,Nelson Mandela-Razor,stripe
16,758,5, 1 ,S_Image_126.bmp-F_Lure_27.bmp,Neu schwanstein Castle-Mahadma Gandhi,fire
16,759,5, 1 ,F_Image_25.bmp-O_Lure_83.bmp,Leonardo DiCaprio-Shoe,quake
16,760,5, 1 ,O_Image_96.bmp-S_Lure_102.bmp,Wineglass-Ayers Rock,spray
16,761,5, 1 ,F_Image_9.bmp-O_Lure_86.bmp,Charlie Chaplin-Soother,army
16,762,5, 1 ,S_Image_133.bmp-O_Lure_50.bmp,Rialto Bridge-Barbecue,measles
16,763,5, 1 ,O_Image_76.bmp-S_Lure_111.bmp,Pillows-Gizeh Pyramids,wound
16,764,5, 1 ,F_Image_21.bmp-S_Lure_129.bmp,John Lennon-Petra,animal
16,765,5, 1 ,O_Image_70.bmp-F_Lure_38.bmp,Key-Queen Elisabeth,tear
16,766,5, 1 ,O_Image_92.bmp-S_Lure_99.bmp,Trophy-Alhambra,giant
16,767,5, 1 ,F_Image_29.bmp-S_Lure_134.bmp,Marilyn Monroe-Sagrada Familia,alien
16,768,5, 1 ,S_Image_124.bmp-O_Lure_59.bmp,Mount Fuji-Fan,tail
16,769,5, 1 ,S_Image_123.bmp-F_Lure_26.bmp,Mount Everest-Madonna,witch
16,770,5, 1 ,O_Image_76.bmp-S_Lure_111.bmp,Pillows-Gizeh Pyramids,wound
16,771,5, 1 ,S_Image_101.bmp-F_Lure_19.bmp,Atomium-James Dean,sunshine
16,772,5, 1 ,O_Image_81.bmp-F_Lure_44.bmp,Scale-Tom Hanks,vegetable
16,773,5, 1 ,S_Image_123.bmp-F_Lure_26.bmp,Mount Everest-Madonna,witch
16,774,5, 1 ,S_Image_101.bmp-F_Lure_19.bmp,Atomium-James Dean,sunshine
16,775,5, 1 ,S_Image_108.bmp-O_Lure_71.bmp,Dover Cliffs-Ladder,steam
16,776,5, 1 ,O_Image_94.bmp-S_Lure_105.bmp,Watch-Chichen Itza,breakfast
16,777,5, 1 ,S_Image_132.bmp-O_Lure_54.bmp,Red Square-Bicycle,magnet
16,778,5, 1 ,O_Image_94.bmp-S_Lure_105.bmp,Watch-Chichen Itza,breakfast
16,779,5, 1 ,F_Image_45.bmp-S_Lure_131.bmp,Tony Blair-Rapa Nui,shell
16,780,5, 1 ,S_Image_103.bmp-O_Lure_51.bmp,Big Ben-Basket,costume
16,781,5, 1 ,O_Image_57.bmp-S_Lure_120.bmp,Brush-Machu Picchu,asphalt
16,782,5, 1 ,S_Image_101.bmp-F_Lure_19.bmp,Atomium-James Dean,sunshine
16,783,5, 1 ,F_Image_14.bmp-S_Lure_127.bmp,Elvis Presley-Niagara Falls,crumb
16,784,5, 1 ,F_Image_29.bmp-S_Lure_134.bmp,Marilyn Monroe-Sagrada Familia,alien
16,785,5, 1 ,O_Image_62.bmp-S_Lure_115.bmp,FryingPan-Hagia Sophia,black
16,786,5, 1 ,F_Image_1.bmp-O_Lure_79.bmp,Albert Einstein-Remote Control,drizzle
16,787,5, 1 ,S_Image_140.bmp-F_Lure_15.bmp,Taj Mahal-Fidel Castro,triangle
16,788,5, 1 ,O_Image_94.bmp-S_Lure_105.bmp,Watch-Chichen Itza,breakfast
16,789,5, 1 ,S_Image_117.bmp-O_Lure_68.bmp,Kings College-Hat,money
16,790,5, 1 ,S_Image_104.bmp-F_Lure_23.bmp,Brandenburg Gate-Julia Roberts,paper
16,791,5, 1 ,O_Image_93.bmp-S_Lure_97.bmp,Umbrella-Akropolis,corner
16,792,5, 1 ,O_Image_74.bmp-S_Lure_110.bmp,Mirror-Forbidden City,seed
16,793,5, 1 ,F_Image_9.bmp-O_Lure_86.bmp,Charlie Chaplin-Soother,army
16,794,5, 1 ,F_Image_16.bmp-O_Lure_90.bmp,George Bush-Telephone,flood
16,795,5, 1 ,O_Image_88.bmp-F_Lure_31.bmp,Suitcase-Michael Jackson,cloud
16,796,5, 1 ,O_Image_88.bmp-F_Lure_31.bmp,Suitcase-Michael Jackson,cloud
16,797,5, 1 ,F_Image_47.bmp-S_Lure_130.bmp,Whoopi Goldberg-Potala Palace,wreck
16,798,5, 1 ,F_Image_45.bmp-S_Lure_131.bmp,Tony Blair-Rapa Nui,shell
16,799,5, 1 ,S_Image_108.bmp-O_Lure_71.bmp,Dover Cliffs-Ladder,steam
16,800,5, 1 ,O_Image_93.bmp-S_Lure_97.bmp,Umbrella-Akropolis,corner
16,801,5, 1 ,F_Image_14.bmp-S_Lure_127.bmp,Elvis Presley-Niagara Falls,crumb
16,802,5, 1 ,F_Image_47.bmp-S_Lure_130.bmp,Whoopi Goldberg-Potala Palace,wreck
16,803,5, 1 ,O_Image_70.bmp-F_Lure_38.bmp,Key-Queen Elisabeth,tear
16,804,5, 1 ,F_Image_18.bmp-O_Lure_80.bmp,Jack Nicholson-Rope,tourist
16,805,5, 1 ,S_Image_133.bmp-O_Lure_50.bmp,Rialto Bridge-Barbecue,measles
16,806,5, 1 ,O_Image_88.bmp-F_Lure_31.bmp,Suitcase-Michael Jackson,cloud
16,807,5, 1 ,F_Image_18.bmp-O_Lure_80.bmp,Jack Nicholson-Rope,tourist
16,808,5, 1 ,F_Image_16.bmp-O_Lure_90.bmp,George Bush-Telephone,flood
16,809,5, 1 ,S_Image_138.bmp-F_Lure_28.bmp,Stonehenge-Margaret Thatcher,yellow
16,810,5, 1 ,F_Image_10.bmp-S_Lure_141.bmp,Dalai Lama-Time Square,signal
16,811,5, 1 ,O_Image_53.bmp-F_Lure_43.bmp,Belt-Tom Cruise,bubble
16,812,5, 1 ,F_Image_48.bmp-S_Lure_143.bmp,Will Smith-Versailles,board
16,813,5, 1 ,O_Image_70.bmp-F_Lure_38.bmp,Key-Queen Elisabeth,tear
16,814,5, 1 ,S_Image_122.bmp-O_Lure_56.bmp,Mont Saint Michel-Broom,attack
16,815,5, 1 ,S_Image_126.bmp-F_Lure_27.bmp,Neu schwanstein Castle-Mahadma Gandhi,fire
16,816,5, 1 ,F_Image_42.bmp-O_Lure_75.bmp,Scarlett Johansson-Necklace,menu
16,817,5, 1 ,S_Image_103.bmp-O_Lure_51.bmp,Big Ben-Basket,costume
16,818,5, 1 ,O_Image_81.bmp-F_Lure_44.bmp,Scale-Tom Hanks,vegetable
16,819,5, 1 ,O_Image_92.bmp-S_Lure_99.bmp,Trophy-Alhambra,giant
16,820,5, 1 ,O_Image_74.bmp-S_Lure_110.bmp,Mirror-Forbidden City,seed
16,821,5, 1 ,S_Image_138.bmp-F_Lure_28.bmp,Stonehenge-Margaret Thatcher,yellow
16,822,5, 1 ,O_Image_67.bmp-F_Lure_35.bmp,Hammock-Nikola Sarkozy,arch
16,823,5, 1 ,S_Image_101.bmp-F_Lure_19.bmp,Atomium-James Dean,sunshine
16,824,5, 1 ,O_Image_57.bmp-S_Lure_120.bmp,Brush-Machu Picchu,asphalt
16,825,5, 1 ,O_Image_61.bmp-F_Lure_36.bmp,Football-Penelope Cruz,rust
16,826,5, 1 ,F_Image_48.bmp-S_Lure_143.bmp,Will Smith-Versailles,board
16,827,5, 1 ,O_Image_52.bmp-F_Lure_32.bmp,Bed-Mick Jagger,laundry
16,828,5, 1 ,F_Image_9.bmp-O_Lure_86.bmp,Charlie Chaplin-Soother,army
16,829,5, 1 ,S_Image_118.bmp-O_Lure_66.bmp,Leaning Tower-Guitar,cone
16,830,5, 1 ,F_Image_14.bmp-S_Lure_127.bmp,Elvis Presley-Niagara Falls,crumb
16,831,5, 1 ,F_Image_3.bmp-S_Lure_139.bmp,Angela Merkel-Sydney Opera,sand
16,832,5, 1 ,O_Image_94.bmp-S_Lure_105.bmp,Watch-Chichen Itza,breakfast
16,833,5, 1 ,S_Image_123.bmp-F_Lure_26.bmp,Mount Everest-Madonna,witch
16,834,5, 1 ,O_Image_49.bmp-F_Lure_41.bmp,Anchor-Rod Steward,alcohol
16,835,5, 1 ,F_Image_10.bmp-S_Lure_141.bmp,Dalai Lama-Time Square,signal
16,836,5, 1 ,F_Image_48.bmp-S_Lure_143.bmp,Will Smith-Versailles,board
16,837,5, 1 ,F_Image_48.bmp-S_Lure_143.bmp,Will Smith-Versailles,board
16,838,5, 1 ,S_Image_135.bmp-O_Lure_63.bmp,Sahara Desert-Globe,rock
16,839,5, 1 ,F_Image_42.bmp-O_Lure_75.bmp,Scarlett Johansson-Necklace,menu
16,840,5, 1 ,S_Image_138.bmp-F_Lure_28.bmp,Stonehenge-Margaret Thatcher,yellow
16,841,5, 1 ,S_Image_106.bmp-O_Lure_58.bmp,Christ The Redeemer-Canoe,hurricane
16,842,5, 1 ,S_Image_106.bmp-O_Lure_58.bmp,Christ The Redeemer-Canoe,hurricane
16,843,5, 1 ,F_Image_9.bmp-O_Lure_86.bmp,Charlie Chaplin-Soother,army
16,844,5, 1 ,F_Image_21.bmp-S_Lure_129.bmp,John Lennon-Petra,animal
16,845,5, 1 ,S_Image_126.bmp-F_Lure_27.bmp,Neu schwanstein Castle-Mahadma Gandhi,fire
16,846,5, 1 ,O_Image_92.bmp-S_Lure_99.bmp,Trophy-Alhambra,giant
16,847,5, 1 ,O_Image_53.bmp-F_Lure_43.bmp,Belt-Tom Cruise,bubble
16,848,5, 1 ,F_Image_3.bmp-S_Lure_139.bmp,Angela Merkel-Sydney Opera,sand
16,849,5, 1 ,F_Image_3.bmp-S_Lure_139.bmp,Angela Merkel-Sydney Opera,sand
16,850,5, 1 ,F_Image_8.bmp-S_Lure_125.bmp,Cameron Diaz-Mount Rushmore,corpse
16,851,5, 1 ,S_Image_107.bmp-O_Lure_69.bmp,Colosseum-Headphones,harem
16,852,5, 1 ,F_Image_1.bmp-O_Lure_79.bmp,Albert Einstein-Remote Control,drizzle
16,853,5, 1 ,O_Image_53.bmp-F_Lure_43.bmp,Belt-Tom Cruise,bubble
16,854,5, 1 ,S_Image_117.bmp-O_Lure_68.bmp,Kings College-Hat,money
16,855,5, 1 ,S_Image_132.bmp-O_Lure_54.bmp,Red Square-Bicycle,magnet
16,856,5, 1 ,O_Image_62.bmp-S_Lure_115.bmp,FryingPan-Hagia Sophia,black
16,857,5, 1 ,S_Image_135.bmp-O_Lure_63.bmp,Sahara Desert-Globe,rock
16,858,5, 1 ,S_Image_107.bmp-O_Lure_69.bmp,Colosseum-Headphones,harem
16,859,5, 1 ,F_Image_14.bmp-S_Lure_127.bmp,Elvis Presley-Niagara Falls,crumb
16,860,5, 1 ,S_Image_106.bmp-O_Lure_58.bmp,Christ The Redeemer-Canoe,hurricane
16,861,5, 1 ,F_Image_40.bmp-O_Lure_91.bmp,Robert De Niro-Torch,scar
16,862,5, 1 ,F_Image_25.bmp-O_Lure_83.bmp,Leonardo DiCaprio-Shoe,quake
16,863,5, 1 ,S_Image_133.bmp-O_Lure_50.bmp,Rialto Bridge-Barbecue,measles
16,864,5, 1 ,S_Image_135.bmp-O_Lure_63.bmp,Sahara Desert-Globe,rock
16,865,5, 1 ,S_Image_144.bmp-F_Lure_17.bmp,White House-George Clooney,sweat
16,866,5, 1 ,O_Image_81.bmp-F_Lure_44.bmp,Scale-Tom Hanks,vegetable
16,867,5, 1 ,O_Image_88.bmp-F_Lure_31.bmp,Suitcase-Michael Jackson,cloud
16,868,5, 1 ,F_Image_34.bmp-O_Lure_78.bmp,Nelson Mandela-Razor,stripe
16,869,5, 1 ,S_Image_103.bmp-O_Lure_51.bmp,Big Ben-Basket,costume
16,870,5, 1 ,S_Image_108.bmp-O_Lure_71.bmp,Dover Cliffs-Ladder,steam
16,871,5, 1 ,F_Image_12.bmp-O_Lure_85.bmp,David Beckham-Sock,antique
16,872,5, 1 ,S_Image_132.bmp-O_Lure_54.bmp,Red Square-Bicycle,magnet
16,873,5, 1 ,F_Image_16.bmp-O_Lure_90.bmp,George Bush-Telephone,flood
16,874,5, 1 ,S_Image_124.bmp-O_Lure_59.bmp,Mount Fuji-Fan,tail
16,875,5, 1 ,F_Image_8.bmp-S_Lure_125.bmp,Cameron Diaz-Mount Rushmore,corpse
16,876,5, 1 ,O_Image_93.bmp-S_Lure_97.bmp,Umbrella-Akropolis,corner
16,877,5, 1 ,S_Image_135.bmp-O_Lure_63.bmp,Sahara Desert-Globe,rock
16,878,5, 1 ,S_Image_144.bmp-F_Lure_17.bmp,White House-George Clooney,sweat
16,879,5, 1 ,F_Image_45.bmp-S_Lure_131.bmp,Tony Blair-Rapa Nui,shell
16,880,5, 1 ,O_Image_61.bmp-F_Lure_36.bmp,Football-Penelope Cruz,rust
16,881,5, 1 ,S_Image_138.bmp-F_Lure_28.bmp,Stonehenge-Margaret Thatcher,yellow
16,882,5, 1 ,S_Image_133.bmp-O_Lure_50.bmp,Rialto Bridge-Barbecue,measles
16,883,5, 1 ,S_Image_107.bmp-O_Lure_69.bmp,Colosseum-Headphones,harem
16,884,5, 1 ,O_Image_49.bmp-F_Lure_41.bmp,Anchor-Rod Steward,alcohol
16,885,5, 1 ,O_Image_67.bmp-F_Lure_35.bmp,Hammock-Nikola Sarkozy,arch
16,886,5, 1 ,F_Image_1.bmp-O_Lure_79.bmp,Albert Einstein-Remote Control,drizzle
16,887,5, 1 ,S_Image_122.bmp-O_Lure_56.bmp,Mont Saint Michel-Broom,attack
16,888,5, 1 ,O_Image_81.bmp-F_Lure_44.bmp,Scale-Tom Hanks,vegetable
16,889,5, 1 ,O_Image_61.bmp-F_Lure_36.bmp,Football-Penelope Cruz,rust
16,890,5, 1 ,F_Image_18.bmp-O_Lure_80.bmp,Jack Nicholson-Rope,tourist
16,891,5, 1 ,F_Image_40.bmp-O_Lure_91.bmp,Robert De Niro-Torch,scar
16,892,5, 1 ,S_Image_106.bmp-O_Lure_58.bmp,Christ The Redeemer-Canoe,hurricane
16,893,5, 1 ,O_Image_53.bmp-F_Lure_43.bmp,Belt-Tom Cruise,bubble
16,894,5, 1 ,F_Image_29.bmp-S_Lure_134.bmp,Marilyn Monroe-Sagrada Familia,alien
16,895,5, 1 ,O_Image_61.bmp-F_Lure_36.bmp,Football-Penelope Cruz,rust
16,896,5, 1 ,S_Image_112.bmp-F_Lure_24.bmp,Golden Gate Bridge-Keanu Reeves,snow
16,897,5, 1 ,F_Image_21.bmp-S_Lure_129.bmp,John Lennon-Petra,animal
16,898,5, 1 ,F_Image_34.bmp-O_Lure_78.bmp,Nelson Mandela-Razor,stripe
16,899,5, 1 ,F_Image_3.bmp-S_Lure_139.bmp,Angela Merkel-Sydney Opera,sand
16,900,5, 1 ,F_Image_42.bmp-O_Lure_75.bmp,Scarlett Johansson-Necklace,menu
16,901,5, 1 ,F_Image_21.bmp-S_Lure_129.bmp,John Lennon-Petra,animal
16,902,5, 1 ,F_Image_10.bmp-S_Lure_141.bmp,Dalai Lama-Time Square,signal
16,903,5, 1 ,S_Image_140.bmp-F_Lure_15.bmp,Taj Mahal-Fidel Castro,triangle
16,904,5, 1 ,F_Image_34.bmp-O_Lure_78.bmp,Nelson Mandela-Razor,stripe
16,905,5, 1 ,S_Image_104.bmp-F_Lure_23.bmp,Brandenburg Gate-Julia Roberts,paper
16,906,5, 1 ,O_Image_55.bmp-F_Lure_39.bmp,Binoculars-Robbie Williams,tube
16,907,5, 1 ,S_Image_118.bmp-O_Lure_66.bmp,Leaning Tower-Guitar,cone
16,908,5, 1 ,O_Image_74.bmp-S_Lure_110.bmp,Mirror-Forbidden City,seed
16,909,5, 1 ,S_Image_123.bmp-F_Lure_26.bmp,Mount Everest-Madonna,witch
16,910,5, 1 ,S_Image_112.bmp-F_Lure_24.bmp,Golden Gate Bridge-Keanu Reeves,snow
16,911,5, 1 ,S_Image_144.bmp-F_Lure_17.bmp,White House-George Clooney,sweat
16,912,5, 1 ,S_Image_132.bmp-O_Lure_54.bmp,Red Square-Bicycle,magnet
16,913,5, 1 ,O_Image_92.bmp-S_Lure_99.bmp,Trophy-Alhambra,giant
16,914,5, 1 ,F_Image_8.bmp-S_Lure_125.bmp,Cameron Diaz-Mount Rushmore,corpse
16,915,5, 1 ,O_Image_96.bmp-S_Lure_102.bmp,Wineglass-Ayers Rock,spray
16,916,5, 1 ,F_Image_45.bmp-S_Lure_131.bmp,Tony Blair-Rapa Nui,shell
16,917,5, 1 ,O_Image_70.bmp-F_Lure_38.bmp,Key-Queen Elisabeth,tear
16,918,5, 1 ,F_Image_16.bmp-O_Lure_90.bmp,George Bush-Telephone,flood
16,919,5, 1 ,O_Image_76.bmp-S_Lure_111.bmp,Pillows-Gizeh Pyramids,wound
16,920,5, 1 ,F_Image_47.bmp-S_Lure_130.bmp,Whoopi Goldberg-Potala Palace,wreck
16,921,5, 1 ,O_Image_76.bmp-S_Lure_111.bmp,Pillows-Gizeh Pyramids,wound
16,922,5, 1 ,F_Image_25.bmp-O_Lure_83.bmp,Leonardo DiCaprio-Shoe,quake
16,923,5, 1 ,F_Image_12.bmp-O_Lure_85.bmp,David Beckham-Sock,antique
16,924,5, 1 ,S_Image_117.bmp-O_Lure_68.bmp,Kings College-Hat,money
16,925,6,1,F_Image_32.bmp-F_Lure_32.bmp,Mick Jagger,laundry
16,926,6,1,F_Image_33.bmp-F_Lure_33.bmp,Mother Teresa,hostage
16,927,6,1,F_Image_28.bmp-F_Lure_28.bmp,Margaret Thatcher,yellow
16,928,6,1,S_Image_142.bmp-S_Lure_142.bmp,Tower Bridge,marble
16,929,6,1,S_Image_102.bmp-S_Lure_102.bmp,Ayers Rock,spray
16,930,6,1,F_Image_31.bmp-F_Lure_31.bmp,Michael Jackson,cloud
16,931,6,1,S_Image_98.bmp-S_Lure_98.bmp,Alcatraz,honeymoon
16,932,6,1,O_Image_59.bmp-O_Lure_59.bmp,Fan,tail
16,933,6,1,O_Image_51.bmp-O_Lure_51.bmp,Basket,costume
16,934,6,1,F_Image_27.bmp-F_Lure_27.bmp,Mahadma Gandhi,fire
16,935,6,1,F_Image_35.bmp-F_Lure_35.bmp,Nikola Sarkozy,arch
16,936,6,1,F_Image_44.bmp-F_Lure_44.bmp,Tom Hanks,vegetable
16,937,6,1,O_Image_84.bmp-O_Lure_84.bmp,Skirt,poison
16,938,6,1,S_Image_114.bmp-S_Lure_114.bmp,Great Wall,water
16,939,6,1,O_Image_69.bmp-O_Lure_69.bmp,Headphones,harem
16,940,6,1,O_Image_65.bmp-O_Lure_65.bmp,GrandPiano,spike
16,941,6,1,O_Image_86.bmp-O_Lure_86.bmp,Soother,army
16,942,6,1,O_Image_56.bmp-O_Lure_56.bmp,Broom,attack
16,943,6,1,S_Image_136.bmp-S_Lure_136.bmp,Sistine Chapel,fuel
16,944,6,1,O_Image_87.bmp-O_Lure_87.bmp,Stapler,stem
16,945,6,1,F_Image_38.bmp-F_Lure_38.bmp,Queen Elisabeth,tear
16,946,6,1,S_Image_139.bmp-S_Lure_139.bmp,Sydney Opera,sand
16,947,6,1,S_Image_97.bmp-S_Lure_97.bmp,Akropolis,corner
16,948,6,1,O_Image_58.bmp-O_Lure_58.bmp,Canoe,hurricane
16,949,6,1,O_Image_79.bmp-O_Lure_79.bmp,Remote Control,drizzle
16,950,6,1,F_Image_30.bmp-F_Lure_30.bmp,Meryl Streep,shadow
16,951,6,1,S_Image_105.bmp-S_Lure_105.bmp,Chichen Itza,breakfast
16,952,6,1,O_Image_63.bmp-O_Lure_63.bmp,Globe,rock
16,953,6,1,O_Image_83.bmp-O_Lure_83.bmp,Shoe,quake
16,954,6,1,F_Image_39.bmp-F_Lure_39.bmp,Robbie Williams,tube
16,955,6,1,O_Image_50.bmp-O_Lure_50.bmp,Barbecue,measles
16,956,6,1,F_Image_19.bmp-F_Lure_19.bmp,James Dean,sunshine
16,957,6,1,S_Image_131.bmp-S_Lure_131.bmp,Rapa Nui,shell
16,958,6,1,S_Image_128.bmp-S_Lure_128.bmp,Notre Dame,angel
16,959,6,1,F_Image_26.bmp-F_Lure_26.bmp,Madonna,witch
16,960,6,1,S_Image_130.bmp-S_Lure_130.bmp,Potala Palace,wreck
16,961,6,1,O_Image_54.bmp-O_Lure_54.bmp,Bicycle,magnet
16,962,6,1,F_Image_7.bmp-F_Lure_7.bmp,Britney Spears,arrow
16,963,6,1,S_Image_127.bmp-S_Lure_127.bmp,Niagara Falls,crumb
16,964,6,1,F_Image_15.bmp-F_Lure_15.bmp,Fidel Castro,triangle
16,965,6,1,S_Image_110.bmp-S_Lure_110.bmp,Forbidden City,seed
16,966,6,1,F_Image_23.bmp-F_Lure_23.bmp,Julia Roberts,paper
16,967,6,1,O_Image_90.bmp-O_Lure_90.bmp,Telephone,flood
16,968,6,1,S_Image_143.bmp-S_Lure_143.bmp,Versailles,board
16,969,6,1,S_Image_99.bmp-S_Lure_99.bmp,Alhambra,giant
16,970,6,1,F_Image_43.bmp-F_Lure_43.bmp,Tom Cruise,bubble
16,971,6,1,F_Image_24.bmp-F_Lure_24.bmp,Keanu Reeves,snow
16,972,6,1,F_Image_37.bmp-F_Lure_37.bmp,Pierce Brosnan,ghost
16,973,6,1,S_Image_125.bmp-S_Lure_125.bmp,Mount Rushmore,corpse
16,974,6,1,S_Image_129.bmp-S_Lure_129.bmp,Petra,animal
16,975,6,1,S_Image_113.bmp-S_Lure_113.bmp,Grand Canyon,lever
16,976,6,1,O_Image_80.bmp-O_Lure_80.bmp,Rope,tourist
16,977,6,1,F_Image_41.bmp-F_Lure_41.bmp,Rod Steward,alcohol
16,978,6,1,O_Image_75.bmp-O_Lure_75.bmp,Necklace,menu
16,979,6,1,S_Image_115.bmp-S_Lure_115.bmp,Hagia Sophia,black
16,980,6,1,O_Image_68.bmp-O_Lure_68.bmp,Hat,money
16,981,6,1,S_Image_120.bmp-S_Lure_120.bmp,Machu Picchu,asphalt
16,982,6,1,F_Image_20.bmp-F_Lure_20.bmp,Jennifer Lopez,kiss
16,983,6,1,O_Image_78.bmp-O_Lure_78.bmp,Razor,stripe
16,984,6,1,S_Image_141.bmp-S_Lure_141.bmp,Time Square,signal
16,985,6,1,O_Image_71.bmp-O_Lure_71.bmp,Ladder,steam
16,986,6,1,F_Image_6.bmp-F_Lure_6.bmp,Brad Pitt,galaxy
16,987,6,1,S_Image_111.bmp-S_Lure_111.bmp,Gizeh Pyramids,wound
16,988,6,1,F_Image_4.bmp-F_Lure_4.bmp,Barack Obama,orchestra
16,989,6,1,O_Image_89.bmp-O_Lure_89.bmp,Teddybear,slope
16,990,6,1,O_Image_85.bmp-O_Lure_85.bmp,Sock,antique
16,991,6,1,F_Image_36.bmp-F_Lure_36.bmp,Penelope Cruz,rust
16,992,6,1,S_Image_134.bmp-S_Lure_134.bmp,Sagrada Familia,alien
16,993,6,1,F_Image_17.bmp-F_Lure_17.bmp,George Clooney,sweat
16,994,6,1,O_Image_91.bmp-O_Lure_91.bmp,Torch,scar
16,995,6,1,O_Image_66.bmp-O_Lure_66.bmp,Guitar,cone
16,996,6,1,S_Image_109.bmp-S_Lure_109.bmp,Eiffel Tower,wool
16,997,6,1,F_Image_29.bmp-F_Lure_29.bmp,Marilyn Monroe,alien
16,998,6,1,O_Image_49.bmp-O_Lure_49.bmp,Anchor,alcohol
16,999,6,1,F_Image_34.bmp-F_Lure_34.bmp,Nelson Mandela,stripe
16,1000,6,1,S_Image_137.bmp-S_Lure_137.bmp,Statue Of Liberty,orchestra
16,1001,6,1,S_Image_135.bmp-S_Lure_135.bmp,Sahara Desert,rock
16,1002,6,1,F_Image_5.bmp-F_Lure_5.bmp,Bill Clinton,angel
16,1003,6,1,S_Image_144.bmp-S_Lure_144.bmp,White House,sweat
16,1004,6,1,F_Image_1.bmp-F_Lure_1.bmp,Albert Einstein,drizzle
16,1005,6,1,S_Image_123.bmp-S_Lure_123.bmp,Mount Everest,witch
16,1006,6,1,S_Image_140.bmp-S_Lure_140.bmp,Taj Mahal,triangle
16,1007,6,1,F_Image_45.bmp-F_Lure_45.bmp,Tony Blair,shell
16,1008,6,1,F_Image_8.bmp-F_Lure_8.bmp,Cameron Diaz,corpse
16,1009,6,1,O_Image_60.bmp-O_Lure_60.bmp,Flask,water
16,1010,6,1,S_Image_112.bmp-S_Lure_112.bmp,Golden Gate Bridge,snow
16,1011,6,1,O_Image_77.bmp-O_Lure_77.bmp,Radio,shadow
16,1012,6,1,F_Image_47.bmp-F_Lure_47.bmp,Whoopi Goldberg,wreck
16,1013,6,1,F_Image_22.bmp-F_Lure_22.bmp,Judi Dench,marble
16,1014,6,1,F_Image_21.bmp-F_Lure_21.bmp,John Lennon,animal
16,1015,6,1,O_Image_88.bmp-O_Lure_88.bmp,Suitcase,cloud
16,1016,6,1,O_Image_53.bmp-O_Lure_53.bmp,Belt,bubble
16,1017,6,1,O_Image_62.bmp-O_Lure_62.bmp,FryingPan,black
16,1018,6,1,O_Image_93.bmp-O_Lure_93.bmp,Umbrella,corner
16,1019,6,1,O_Image_70.bmp-O_Lure_70.bmp,Key,tear
16,1020,6,1,S_Image_133.bmp-S_Lure_133.bmp,Rialto Bridge,measles
16,1021,6,1,O_Image_72.bmp-O_Lure_72.bmp,Lightbulb,honeymoon
16,1022,6,1,O_Image_55.bmp-O_Lure_55.bmp,Binoculars,tube
16,1023,6,1,O_Image_94.bmp-O_Lure_94.bmp,Watch,breakfast
16,1024,6,1,O_Image_67.bmp-O_Lure_67.bmp,Hammock,arch
16,1025,6,1,O_Image_81.bmp-O_Lure_81.bmp,Scale,vegetable
16,1026,6,1,F_Image_11.bmp-F_Lure_11.bmp,Daniel Radcliffe,slope
16,1027,6,1,O_Image_76.bmp-O_Lure_76.bmp,Pillows,wound
16,1028,6,1,F_Image_13.bmp-F_Lure_13.bmp,Elton John,stem
16,1029,6,1,S_Image_119.bmp-S_Lure_119.bmp,Louvre,galaxy
16,1030,6,1,S_Image_132.bmp-S_Lure_132.bmp,Red Square,magnet
16,1031,6,1,O_Image_73.bmp-O_Lure_73.bmp,Microscope,ghost
16,1032,6,1,F_Image_3.bmp-F_Lure_3.bmp,Angela Merkel,sand
16,1033,6,1,S_Image_100.bmp-S_Lure_100.bmp,Angkor Wat,arrow
16,1034,6,1,S_Image_103.bmp-S_Lure_103.bmp,Big Ben,costume
16,1035,6,1,O_Image_57.bmp-O_Lure_57.bmp,Brush,asphalt
16,1036,6,1,F_Image_48.bmp-F_Lure_48.bmp,Will Smith,board
16,1037,6,1,F_Image_46.bmp-F_Lure_46.bmp,Wayne Rooney,poison
16,1038,6,1,F_Image_10.bmp-F_Lure_10.bmp,Dalai Lama,signal
16,1039,6,1,F_Image_40.bmp-F_Lure_40.bmp,Robert De Niro,scar
16,1040,6,1,F_Image_25.bmp-F_Lure_25.bmp,Leonardo DiCaprio,quake
16,1041,6,1,O_Image_61.bmp-O_Lure_61.bmp,Football,rust
16,1042,6,1,F_Image_18.bmp-F_Lure_18.bmp,Jack Nicholson,tourist
16,1043,6,1,F_Image_9.bmp-F_Lure_9.bmp,Charlie Chaplin,army
16,1044,6,1,O_Image_64.bmp-O_Lure_64.bmp,Goggles,lever
16,1045,6,1,O_Image_74.bmp-O_Lure_74.bmp,Mirror,seed
16,1046,6,1,F_Image_12.bmp-F_Lure_12.bmp,David Beckham,antique
16,1047,6,1,F_Image_14.bmp-F_Lure_14.bmp,Elvis Presley,crumb
16,1048,6,1,S_Image_117.bmp-S_Lure_117.bmp,Kings College,money
16,1049,6,1,S_Image_104.bmp-S_Lure_104.bmp,Brandenburg Gate,paper
16,1050,6,1,S_Image_118.bmp-S_Lure_118.bmp,Leaning Tower,cone
16,1051,6,1,S_Image_101.bmp-S_Lure_101.bmp,Atomium,sunshine
16,1052,6,1,F_Image_16.bmp-F_Lure_16.bmp,George Bush,flood
16,1053,6,1,O_Image_96.bmp-O_Lure_96.bmp,Wineglass,spray
16,1054,6,1,S_Image_126.bmp-S_Lure_126.bmp,Neu schwanstein Castle,fire
16,1055,6,1,O_Image_92.bmp-O_Lure_92.bmp,Trophy,giant
16,1056,6,1,S_Image_116.bmp-S_Lure_116.bmp,Hollywood Sign,kiss
16,1057,6,1,S_Image_122.bmp-S_Lure_122.bmp,Mont Saint Michel,attack
16,1058,6,1,S_Image_121.bmp-S_Lure_121.bmp,Mecca,spike
16,1059,6,1,S_Image_124.bmp-S_Lure_124.bmp,Mount Fuji,tail
16,1060,6,1,O_Image_82.bmp-O_Lure_82.bmp,Scissors,hostage
16,1061,6,1,F_Image_42.bmp-F_Lure_42.bmp,Scarlett Johansson,menu
16,1062,6,1,S_Image_138.bmp-S_Lure_138.bmp,Stonehenge,yellow
16,1063,6,1,F_Image_2.bmp-F_Lure_2.bmp,Amy Winehouse,fuel
16,1064,6,1,O_Image_52.bmp-O_Lure_52.bmp,Bed,laundry
16,1065,6,1,S_Image_106.bmp-S_Lure_106.bmp,Christ The Redeemer,hurricane
16,1066,6,1,S_Image_108.bmp-S_Lure_108.bmp,Dover Cliffs,steam
16,1067,6,1,S_Image_107.bmp-S_Lure_107.bmp,Colosseum,harem
16,1068,6,1,O_Image_95.bmp-O_Lure_95.bmp,Wheelchair,wool
