57,Trial,Cond,Block,ImageFiles,Labels,Cues
57,1,1,1,F_Image_7.bmp,Britney Spears,NaN
57,2,1,1,F_Image_4.bmp,Barack Obama,NaN
57,3,1,1,F_Lure_20.bmp,Jennifer Lopez,NaN
57,4,1,1,O_Lure_84.bmp,Skirt,NaN
57,5,1,1,F_Lure_5.bmp,Bill Clinton,NaN
57,6,1,1,F_Image_13.bmp,Elton John,NaN
57,7,1,1,S_Image_140.bmp,Taj Mahal,NaN
57,8,1,1,S_Image_132.bmp,Red Square,NaN
57,9,1,1,S_Lure_123.bmp,Mount Everest,NaN
57,10,1,1,S_Lure_112.bmp,Golden Gate Bridge,NaN
57,11,1,1,F_Lure_44.bmp,Tom Hanks,NaN
57,12,1,1,F_Lure_35.bmp,Nikola Sarkozy,NaN
57,13,1,1,O_Lure_83.bmp,Shoe,NaN
57,14,1,1,O_Lure_73.bmp,Microscope,NaN
57,15,1,1,F_Image_48.bmp,Will Smith,NaN
57,16,1,1,S_Image_112.bmp,Golden Gate Bridge,NaN
57,17,1,1,S_Lure_104.bmp,Brandenburg Gate,NaN
57,18,1,1,O_Image_59.bmp,Fan,NaN
57,19,1,1,O_Lure_80.bmp,Rope,NaN
57,20,1,1,F_Lure_8.bmp,Cameron Diaz,NaN
57,21,1,1,O_Image_86.bmp,Soother,NaN
57,22,1,1,F_Lure_29.bmp,Marilyn Monroe,NaN
57,23,1,1,S_Lure_143.bmp,Versailles,NaN
57,24,1,1,O_Image_84.bmp,Skirt,NaN
57,25,1,1,S_Image_115.bmp,Hagia Sophia,NaN
57,26,1,1,F_Lure_10.bmp,Dalai Lama,NaN
57,27,1,1,F_Lure_13.bmp,Elton John,NaN
57,28,1,1,O_Image_67.bmp,Hammock,NaN
57,29,1,1,F_Image_27.bmp,Mahadma Gandhi,NaN
57,30,1,1,O_Image_78.bmp,Razor,NaN
57,31,1,1,O_Image_69.bmp,Headphones,NaN
57,32,1,1,O_Lure_51.bmp,Basket,NaN
57,33,1,1,O_Lure_69.bmp,Headphones,NaN
57,34,1,1,F_Image_41.bmp,Rod Steward,NaN
57,35,1,1,F_Image_29.bmp,Marilyn Monroe,NaN
57,36,1,1,S_Lure_127.bmp,Niagara Falls,NaN
57,37,1,1,S_Image_106.bmp,Christ The Redeemer,NaN
57,38,1,1,F_Image_22.bmp,Judi Dench,NaN
57,39,1,1,S_Image_101.bmp,Atomium,NaN
57,40,1,1,S_Lure_139.bmp,Sydney Opera,NaN
57,41,1,1,S_Image_121.bmp,Mecca,NaN
57,42,1,1,O_Image_56.bmp,Broom,NaN
57,43,1,1,F_Image_37.bmp,Pierce Brosnan,NaN
57,44,1,1,F_Lure_47.bmp,Whoopi Goldberg,NaN
57,45,1,1,O_Lure_50.bmp,Barbecue,NaN
57,46,1,1,F_Image_3.bmp,Angela Merkel,NaN
57,47,1,1,F_Image_45.bmp,Tony Blair,NaN
57,48,1,1,F_Lure_11.bmp,Daniel Radcliffe,NaN
57,49,1,1,O_Image_60.bmp,Flask,NaN
57,50,1,1,F_Lure_7.bmp,Britney Spears,NaN
57,51,1,1,F_Lure_48.bmp,Will Smith,NaN
57,52,1,1,O_Lure_59.bmp,Fan,NaN
57,53,1,1,F_Image_43.bmp,Tom Cruise,NaN
57,54,1,1,S_Lure_144.bmp,White House,NaN
57,55,1,1,S_Image_97.bmp,Akropolis,NaN
57,56,1,1,O_Image_83.bmp,Shoe,NaN
57,57,1,1,S_Lure_131.bmp,Rapa Nui,NaN
57,58,1,1,O_Lure_58.bmp,Canoe,NaN
57,59,1,1,S_Lure_133.bmp,Rialto Bridge,NaN
57,60,1,1,O_Lure_54.bmp,Bicycle,NaN
57,61,1,1,S_Lure_110.bmp,Forbidden City,NaN
57,62,1,1,F_Image_19.bmp,James Dean,NaN
57,63,1,1,F_Lure_23.bmp,Julia Roberts,NaN
57,64,1,1,S_Image_120.bmp,Machu Picchu,NaN
57,65,1,1,F_Image_21.bmp,John Lennon,NaN
57,66,1,1,O_Image_73.bmp,Microscope,NaN
57,67,1,1,S_Image_114.bmp,Great Wall,NaN
57,68,1,1,S_Image_103.bmp,Big Ben,NaN
57,69,1,1,S_Image_137.bmp,Statue Of Liberty,NaN
57,70,1,1,F_Image_10.bmp,Dalai Lama,NaN
57,71,1,1,F_Lure_28.bmp,Margaret Thatcher,NaN
57,72,1,1,O_Lure_49.bmp,Anchor,NaN
57,73,1,1,S_Lure_101.bmp,Atomium,NaN
57,74,1,1,F_Image_36.bmp,Penelope Cruz,NaN
57,75,1,1,F_Image_9.bmp,Charlie Chaplin,NaN
57,76,1,1,F_Image_35.bmp,Nikola Sarkozy,NaN
57,77,1,1,O_Lure_65.bmp,GrandPiano,NaN
57,78,1,1,S_Lure_121.bmp,Mecca,NaN
57,79,1,1,F_Image_38.bmp,Queen Elisabeth,NaN
57,80,1,1,O_Image_54.bmp,Bicycle,NaN
57,81,1,1,F_Lure_16.bmp,George Bush,NaN
57,82,1,1,S_Lure_109.bmp,Eiffel Tower,NaN
57,83,1,1,O_Lure_52.bmp,Bed,NaN
57,84,1,1,S_Lure_124.bmp,Mount Fuji,NaN
57,85,1,1,S_Lure_137.bmp,Statue Of Liberty,NaN
57,86,1,1,F_Image_42.bmp,Scarlett Johansson,NaN
57,87,1,1,F_Image_44.bmp,Tom Hanks,NaN
57,88,1,1,F_Lure_21.bmp,John Lennon,NaN
57,89,1,1,O_Lure_85.bmp,Sock,NaN
57,90,1,1,O_Lure_81.bmp,Scale,NaN
57,91,1,1,S_Lure_102.bmp,Ayers Rock,NaN
57,92,1,1,F_Lure_14.bmp,Elvis Presley,NaN
57,93,1,1,O_Lure_63.bmp,Globe,NaN
57,94,1,1,F_Image_46.bmp,Wayne Rooney,NaN
57,95,1,1,F_Lure_40.bmp,Robert De Niro,NaN
57,96,1,1,S_Lure_135.bmp,Sahara Desert,NaN
57,97,1,1,O_Image_90.bmp,Telephone,NaN
57,98,1,1,F_Image_34.bmp,Nelson Mandela,NaN
57,99,1,1,S_Lure_128.bmp,Notre Dame,NaN
57,100,1,1,S_Lure_120.bmp,Machu Picchu,NaN
57,101,1,1,F_Lure_34.bmp,Nelson Mandela,NaN
57,102,1,1,O_Lure_77.bmp,Radio,NaN
57,103,1,1,O_Lure_71.bmp,Ladder,NaN
57,104,1,1,O_Image_66.bmp,Guitar,NaN
57,105,1,1,O_Image_74.bmp,Mirror,NaN
57,106,1,1,O_Image_93.bmp,Umbrella,NaN
57,107,1,1,O_Lure_60.bmp,Flask,NaN
57,108,1,1,S_Image_118.bmp,Leaning Tower,NaN
57,109,1,1,O_Image_53.bmp,Belt,NaN
57,110,1,1,O_Lure_86.bmp,Soother,NaN
57,111,1,1,O_Lure_96.bmp,Wineglass,NaN
57,112,1,1,O_Image_79.bmp,Remote Control,NaN
57,113,1,1,O_Image_88.bmp,Suitcase,NaN
57,114,1,1,S_Lure_130.bmp,Potala Palace,NaN
57,115,1,1,O_Lure_64.bmp,Goggles,NaN
57,116,1,1,O_Image_68.bmp,Hat,NaN
57,117,1,1,S_Lure_107.bmp,Colosseum,NaN
57,118,1,1,O_Image_81.bmp,Scale,NaN
57,119,1,1,F_Image_47.bmp,Whoopi Goldberg,NaN
57,120,1,1,F_Lure_18.bmp,Jack Nicholson,NaN
57,121,1,1,S_Image_128.bmp,Notre Dame,NaN
57,122,1,1,S_Image_136.bmp,Sistine Chapel,NaN
57,123,1,1,O_Image_75.bmp,Necklace,NaN
57,124,1,1,F_Lure_32.bmp,Mick Jagger,NaN
57,125,1,1,O_Lure_92.bmp,Trophy,NaN
57,126,1,1,O_Lure_89.bmp,Teddybear,NaN
57,127,1,1,S_Lure_106.bmp,Christ The Redeemer,NaN
57,128,1,1,S_Lure_103.bmp,Big Ben,NaN
57,129,1,1,O_Lure_66.bmp,Guitar,NaN
57,130,1,1,O_Image_77.bmp,Radio,NaN
57,131,1,1,F_Image_40.bmp,Robert De Niro,NaN
57,132,1,1,S_Image_130.bmp,Potala Palace,NaN
57,133,1,1,S_Image_133.bmp,Rialto Bridge,NaN
57,134,1,1,F_Lure_2.bmp,Amy Winehouse,NaN
57,135,1,1,O_Lure_57.bmp,Brush,NaN
57,136,1,1,O_Lure_56.bmp,Broom,NaN
57,137,1,1,S_Image_126.bmp,Neu schwanstein Castle,NaN
57,138,1,1,O_Lure_87.bmp,Stapler,NaN
57,139,1,1,S_Lure_141.bmp,Time Square,NaN
57,140,1,1,S_Lure_97.bmp,Akropolis,NaN
57,141,1,1,O_Image_70.bmp,Key,NaN
57,142,1,1,S_Lure_117.bmp,Kings College,NaN
57,143,1,1,S_Image_100.bmp,Angkor Wat,NaN
57,144,1,1,O_Image_72.bmp,Lightbulb,NaN
57,145,1,1,F_Image_32.bmp,Mick Jagger,NaN
57,146,1,1,S_Image_139.bmp,Sydney Opera,NaN
57,147,1,1,S_Lure_108.bmp,Dover Cliffs,NaN
57,148,1,1,S_Image_102.bmp,Ayers Rock,NaN
57,149,1,1,O_Image_51.bmp,Basket,NaN
57,150,1,1,S_Lure_119.bmp,Louvre,NaN
57,151,1,1,S_Lure_116.bmp,Hollywood Sign,NaN
57,152,1,1,O_Image_61.bmp,Football,NaN
57,153,1,1,F_Lure_39.bmp,Robbie Williams,NaN
57,154,1,1,F_Lure_37.bmp,Pierce Brosnan,NaN
57,155,1,1,F_Lure_22.bmp,Judi Dench,NaN
57,156,1,1,O_Image_57.bmp,Brush,NaN
57,157,1,1,O_Lure_72.bmp,Lightbulb,NaN
57,158,1,1,S_Image_134.bmp,Sagrada Familia,NaN
57,159,1,1,S_Image_127.bmp,Niagara Falls,NaN
57,160,1,1,F_Image_2.bmp,Amy Winehouse,NaN
57,161,1,1,O_Image_96.bmp,Wineglass,NaN
57,162,1,1,S_Lure_142.bmp,Tower Bridge,NaN
57,163,1,1,S_Lure_118.bmp,Leaning Tower,NaN
57,164,1,1,F_Image_33.bmp,Mother Teresa,NaN
57,165,1,1,F_Image_30.bmp,Meryl Streep,NaN
57,166,1,1,S_Lure_113.bmp,Grand Canyon,NaN
57,167,1,1,F_Lure_1.bmp,Albert Einstein,NaN
57,168,1,1,O_Image_85.bmp,Sock,NaN
57,169,1,1,S_Image_138.bmp,Stonehenge,NaN
57,170,1,1,O_Image_49.bmp,Anchor,NaN
57,171,1,1,F_Image_16.bmp,George Bush,NaN
57,172,1,1,O_Image_71.bmp,Ladder,NaN
57,173,1,1,F_Image_1.bmp,Albert Einstein,NaN
57,174,1,1,S_Image_131.bmp,Rapa Nui,NaN
57,175,1,1,F_Image_8.bmp,Cameron Diaz,NaN
57,176,1,1,S_Image_104.bmp,Brandenburg Gate,NaN
57,177,1,1,F_Lure_30.bmp,Meryl Streep,NaN
57,178,1,1,S_Image_123.bmp,Mount Everest,NaN
57,179,1,1,O_Image_82.bmp,Scissors,NaN
57,180,1,1,F_Lure_27.bmp,Mahadma Gandhi,NaN
57,181,1,1,S_Image_143.bmp,Versailles,NaN
57,182,1,1,S_Lure_132.bmp,Red Square,NaN
57,183,1,1,F_Lure_3.bmp,Angela Merkel,NaN
57,184,1,1,F_Lure_26.bmp,Madonna,NaN
57,185,1,1,S_Image_110.bmp,Forbidden City,NaN
57,186,1,1,F_Image_25.bmp,Leonardo DiCaprio,NaN
57,187,1,1,S_Image_116.bmp,Hollywood Sign,NaN
57,188,1,1,O_Lure_78.bmp,Razor,NaN
57,189,1,1,F_Image_11.bmp,Daniel Radcliffe,NaN
57,190,1,1,S_Lure_136.bmp,Sistine Chapel,NaN
57,191,1,1,S_Image_125.bmp,Mount Rushmore,NaN
57,192,1,1,O_Image_89.bmp,Teddybear,NaN
57,193,1,1,S_Image_119.bmp,Louvre,NaN
57,194,1,1,S_Lure_98.bmp,Alcatraz,NaN
57,195,1,1,O_Lure_53.bmp,Belt,NaN
57,196,1,1,S_Image_98.bmp,Alcatraz,NaN
57,197,1,1,F_Lure_19.bmp,James Dean,NaN
57,198,1,1,O_Lure_93.bmp,Umbrella,NaN
57,199,1,1,S_Image_113.bmp,Grand Canyon,NaN
57,200,1,1,O_Image_95.bmp,Wheelchair,NaN
57,201,1,1,S_Lure_129.bmp,Petra,NaN
57,202,1,1,S_Image_144.bmp,White House,NaN
57,203,1,1,F_Image_5.bmp,Bill Clinton,NaN
57,204,1,1,O_Lure_62.bmp,FryingPan,NaN
57,205,1,1,S_Lure_114.bmp,Great Wall,NaN
57,206,1,1,O_Lure_67.bmp,Hammock,NaN
57,207,1,1,F_Lure_45.bmp,Tony Blair,NaN
57,208,1,1,F_Lure_25.bmp,Leonardo DiCaprio,NaN
57,209,1,1,S_Lure_140.bmp,Taj Mahal,NaN
57,210,1,1,S_Lure_111.bmp,Gizeh Pyramids,NaN
57,211,1,1,F_Lure_9.bmp,Charlie Chaplin,NaN
57,212,1,1,F_Lure_17.bmp,George Clooney,NaN
57,213,1,1,F_Image_12.bmp,David Beckham,NaN
57,214,1,1,F_Lure_46.bmp,Wayne Rooney,NaN
57,215,1,1,F_Lure_31.bmp,Michael Jackson,NaN
57,216,1,1,F_Image_17.bmp,George Clooney,NaN
57,217,1,1,O_Image_50.bmp,Barbecue,NaN
57,218,1,1,S_Image_108.bmp,Dover Cliffs,NaN
57,219,1,1,F_Image_24.bmp,Keanu Reeves,NaN
57,220,1,1,O_Image_52.bmp,Bed,NaN
57,221,1,1,O_Image_94.bmp,Watch,NaN
57,222,1,1,O_Image_91.bmp,Torch,NaN
57,223,1,1,O_Image_87.bmp,Stapler,NaN
57,224,1,1,F_Lure_15.bmp,Fidel Castro,NaN
57,225,1,1,S_Image_99.bmp,Alhambra,NaN
57,226,1,1,O_Lure_91.bmp,Torch,NaN
57,227,1,1,F_Lure_24.bmp,Keanu Reeves,NaN
57,228,1,1,O_Lure_55.bmp,Binoculars,NaN
57,229,1,1,S_Image_135.bmp,Sahara Desert,NaN
57,230,1,1,F_Image_15.bmp,Fidel Castro,NaN
57,231,1,1,O_Image_80.bmp,Rope,NaN
57,232,1,1,S_Image_129.bmp,Petra,NaN
57,233,1,1,S_Lure_122.bmp,Mont Saint Michel,NaN
57,234,1,1,O_Lure_90.bmp,Telephone,NaN
57,235,1,1,F_Lure_33.bmp,Mother Teresa,NaN
57,236,1,1,F_Image_39.bmp,Robbie Williams,NaN
57,237,1,1,F_Lure_4.bmp,Barack Obama,NaN
57,238,1,1,S_Lure_134.bmp,Sagrada Familia,NaN
57,239,1,1,S_Lure_126.bmp,Neu schwanstein Castle,NaN
57,240,1,1,O_Lure_95.bmp,Wheelchair,NaN
57,241,1,1,F_Image_6.bmp,Brad Pitt,NaN
57,242,1,1,S_Lure_125.bmp,Mount Rushmore,NaN
57,243,1,1,S_Image_111.bmp,Gizeh Pyramids,NaN
57,244,1,1,S_Image_122.bmp,Mont Saint Michel,NaN
57,245,1,1,O_Lure_79.bmp,Remote Control,NaN
57,246,1,1,O_Image_55.bmp,Binoculars,NaN
57,247,1,1,O_Lure_88.bmp,Suitcase,NaN
57,248,1,1,O_Lure_74.bmp,Mirror,NaN
57,249,1,1,O_Lure_75.bmp,Necklace,NaN
57,250,1,1,O_Lure_82.bmp,Scissors,NaN
57,251,1,1,S_Lure_115.bmp,Hagia Sophia,NaN
57,252,1,1,O_Image_76.bmp,Pillows,NaN
57,253,1,1,S_Image_142.bmp,Tower Bridge,NaN
57,254,1,1,S_Lure_99.bmp,Alhambra,NaN
57,255,1,1,S_Image_141.bmp,Time Square,NaN
57,256,1,1,F_Lure_12.bmp,David Beckham,NaN
57,257,1,1,F_Image_14.bmp,Elvis Presley,NaN
57,258,1,1,F_Lure_42.bmp,Scarlett Johansson,NaN
57,259,1,1,O_Lure_68.bmp,Hat,NaN
57,260,1,1,F_Lure_43.bmp,Tom Cruise,NaN
57,261,1,1,F_Image_31.bmp,Michael Jackson,NaN
57,262,1,1,O_Image_92.bmp,Trophy,NaN
57,263,1,1,S_Image_124.bmp,Mount Fuji,NaN
57,264,1,1,S_Lure_138.bmp,Stonehenge,NaN
57,265,1,1,O_Lure_70.bmp,Key,NaN
57,266,1,1,F_Image_18.bmp,Jack Nicholson,NaN
57,267,1,1,S_Lure_105.bmp,Chichen Itza,NaN
57,268,1,1,F_Lure_38.bmp,Queen Elisabeth,NaN
57,269,1,1,F_Image_28.bmp,Margaret Thatcher,NaN
57,270,1,1,O_Image_63.bmp,Globe,NaN
57,271,1,1,F_Image_23.bmp,Julia Roberts,NaN
57,272,1,1,F_Image_20.bmp,Jennifer Lopez,NaN
57,273,1,1,O_Lure_76.bmp,Pillows,NaN
57,274,1,1,S_Image_117.bmp,Kings College,NaN
57,275,1,1,O_Image_64.bmp,Goggles,NaN
57,276,1,1,F_Image_26.bmp,Madonna,NaN
57,277,1,1,O_Image_65.bmp,GrandPiano,NaN
57,278,1,1,O_Image_62.bmp,FryingPan,NaN
57,279,1,1,F_Lure_41.bmp,Rod Steward,NaN
57,280,1,1,S_Image_105.bmp,Chichen Itza,NaN
57,281,1,1,O_Image_58.bmp,Canoe,NaN
57,282,1,1,O_Lure_61.bmp,Football,NaN
57,283,1,1,F_Lure_6.bmp,Brad Pitt,NaN
57,284,1,1,S_Image_109.bmp,Eiffel Tower,NaN
57,285,1,1,F_Lure_36.bmp,Penelope Cruz,NaN
57,286,1,1,S_Image_107.bmp,Colosseum,NaN
57,287,1,1,S_Lure_100.bmp,Angkor Wat,NaN
57,288,1,1,O_Lure_94.bmp,Watch,NaN
57,289,1,1,F_Image_3.bmp,Angela Merkel,NaN
57,290,1,1,F_Image_45.bmp,Tony Blair,NaN
57,291,1,1,S_Image_137.bmp,Statue Of Liberty,NaN
57,292,1,1,S_Lure_109.bmp,Eiffel Tower,NaN
57,293,1,1,O_Image_81.bmp,Scale,NaN
57,294,1,1,S_Image_133.bmp,Rialto Bridge,NaN
57,295,1,1,F_Lure_2.bmp,Amy Winehouse,NaN
57,296,1,1,O_Lure_72.bmp,Lightbulb,NaN
57,297,1,1,F_Lure_1.bmp,Albert Einstein,NaN
57,298,1,1,F_Image_8.bmp,Cameron Diaz,NaN
57,299,1,1,S_Lure_136.bmp,Sistine Chapel,NaN
57,300,1,1,S_Lure_134.bmp,Sagrada Familia,NaN
57,301,1,1,F_Lure_43.bmp,Tom Cruise,NaN
57,302,1,1,F_Image_23.bmp,Julia Roberts,NaN
57,303,1,1,F_Lure_41.bmp,Rod Steward,NaN
57,304,1.5,1,S_Image_103.bmp,Big Ben,cone
57,305,1.5,1,O_Image_64.bmp,Goggles,galaxy
57,306,1.5,1,F_Image_32.bmp,Mick Jagger,laundry
57,307,1.5,1,F_Image_34.bmp,Nelson Mandela,steam
57,308,1.5,1,S_Image_123.bmp,Mount Everest,tear
57,309,1.5,1,F_Image_45.bmp,Tony Blair,poison
57,310,1.5,1,O_Image_70.bmp,Key,black
57,311,1.5,1,S_Image_130.bmp,Potala Palace,spray
57,312,1.5,1,F_Image_28.bmp,Margaret Thatcher,alien
57,313,1.5,1,S_Image_109.bmp,Eiffel Tower,ghost
57,314,1.5,1,F_Image_37.bmp,Pierce Brosnan,fire
57,315,1.5,1,S_Image_140.bmp,Taj Mahal,paper
57,316,1.5,1,O_Image_51.bmp,Basket,water
57,317,1.5,1,O_Image_84.bmp,Skirt,arch
57,318,1.5,1,S_Image_102.bmp,Ayers Rock,scar
57,319,1.5,1,S_Image_129.bmp,Petra,tourist
57,320,1.5,1,S_Image_117.bmp,Kings College,wreck
57,321,1.5,1,O_Image_72.bmp,Lightbulb,money
57,322,1.5,1,O_Image_80.bmp,Rope,orchestra
57,323,1.5,1,S_Image_127.bmp,Niagara Falls,animal
57,324,1.5,1,S_Image_115.bmp,Hagia Sophia,snow
57,325,1.5,1,F_Image_9.bmp,Charlie Chaplin,board
57,326,1.5,1,F_Image_36.bmp,Penelope Cruz,sunshine
57,327,1.5,1,F_Image_10.bmp,Dalai Lama,shell
57,328,2,1,F_Image_36.bmp-F_Lure_36.bmp,Penelope Cruz,sunshine
57,329,2,1,F_Image_45.bmp-F_Lure_45.bmp,Tony Blair,poison
57,330,2,1,O_Image_80.bmp-O_Lure_80.bmp,Rope,orchestra
57,331,2,1,S_Image_130.bmp-S_Lure_130.bmp,Potala Palace,spray
57,332,2,1,S_Image_129.bmp-S_Lure_129.bmp,Petra,tourist
57,333,2,1,S_Image_115.bmp-S_Lure_115.bmp,Hagia Sophia,snow
57,334,2,1,F_Image_37.bmp-F_Lure_37.bmp,Pierce Brosnan,fire
57,335,2,1,S_Image_123.bmp-S_Lure_123.bmp,Mount Everest,tear
57,336,2,1,O_Image_84.bmp-O_Lure_84.bmp,Skirt,arch
57,337,2,1,O_Image_72.bmp-O_Lure_72.bmp,Lightbulb,money
57,338,2,1,O_Image_70.bmp-O_Lure_70.bmp,Key,black
57,339,2,1,S_Image_140.bmp-S_Lure_140.bmp,Taj Mahal,paper
57,340,2,1,S_Image_109.bmp-S_Lure_109.bmp,Eiffel Tower,ghost
57,341,2,1,F_Image_9.bmp-F_Lure_9.bmp,Charlie Chaplin,board
57,342,2,1,S_Image_117.bmp-S_Lure_117.bmp,Kings College,wreck
57,343,2,1,F_Image_28.bmp-F_Lure_28.bmp,Margaret Thatcher,alien
57,344,2,1,F_Image_34.bmp-F_Lure_34.bmp,Nelson Mandela,steam
57,345,2,1,F_Image_10.bmp-F_Lure_10.bmp,Dalai Lama,shell
57,346,2,1,S_Image_102.bmp-S_Lure_102.bmp,Ayers Rock,scar
57,347,2,1,F_Image_32.bmp-F_Lure_32.bmp,Mick Jagger,laundry
57,348,2,1,O_Image_64.bmp-O_Lure_64.bmp,Goggles,galaxy
57,349,2,1,S_Image_127.bmp-S_Lure_127.bmp,Niagara Falls,animal
57,350,2,1,S_Image_103.bmp-S_Lure_103.bmp,Big Ben,cone
57,351,2,1,O_Image_51.bmp-O_Lure_51.bmp,Basket,water
57,352,3,1,S_Image_103.bmp-S_Lure_103.bmp,Big Ben,cone
57,353,3,1,F_Image_45.bmp-F_Lure_45.bmp,Tony Blair,poison
57,354,3,1,F_Image_36.bmp-F_Lure_36.bmp,Penelope Cruz,sunshine
57,355,3,1,S_Image_117.bmp-S_Lure_117.bmp,Kings College,wreck
57,356,3,1,F_Image_34.bmp-F_Lure_34.bmp,Nelson Mandela,steam
57,357,3,1,O_Image_51.bmp-O_Lure_51.bmp,Basket,water
57,358,3,1,O_Image_64.bmp-O_Lure_64.bmp,Goggles,galaxy
57,359,3,1,S_Image_129.bmp-S_Lure_129.bmp,Petra,tourist
57,360,3,1,O_Image_72.bmp-O_Lure_72.bmp,Lightbulb,money
57,361,3,1,F_Image_32.bmp-F_Lure_32.bmp,Mick Jagger,laundry
57,362,3,1,S_Image_130.bmp-S_Lure_130.bmp,Potala Palace,spray
57,363,3,1,S_Image_127.bmp-S_Lure_127.bmp,Niagara Falls,animal
57,364,3,1,F_Image_28.bmp-F_Lure_28.bmp,Margaret Thatcher,alien
57,365,3,1,O_Image_84.bmp-O_Lure_84.bmp,Skirt,arch
57,366,3,1,S_Image_102.bmp-S_Lure_102.bmp,Ayers Rock,scar
57,367,3,1,S_Image_140.bmp-S_Lure_140.bmp,Taj Mahal,paper
57,368,3,1,O_Image_70.bmp-O_Lure_70.bmp,Key,black
57,369,3,1,S_Image_115.bmp-S_Lure_115.bmp,Hagia Sophia,snow
57,370,3,1,F_Image_37.bmp-F_Lure_37.bmp,Pierce Brosnan,fire
57,371,3,1,F_Image_10.bmp-F_Lure_10.bmp,Dalai Lama,shell
57,372,3,1,O_Image_80.bmp-O_Lure_80.bmp,Rope,orchestra
57,373,3,1,S_Image_109.bmp-S_Lure_109.bmp,Eiffel Tower,ghost
57,374,3,1,S_Image_123.bmp-S_Lure_123.bmp,Mount Everest,tear
57,375,3,1,F_Image_9.bmp-F_Lure_9.bmp,Charlie Chaplin,board
57,376,1.5,2,F_Image_8.bmp,Cameron Diaz,sand
57,377,1.5,2,S_Image_143.bmp,Versailles,seed
57,378,1.5,2,F_Image_16.bmp,George Bush,menu
57,379,1.5,2,O_Image_54.bmp,Bicycle,honeymoon
57,380,1.5,2,S_Image_106.bmp,Christ The Redeemer,yellow
57,381,1.5,2,F_Image_27.bmp,Mahadma Gandhi,attack
57,382,1.5,2,O_Image_56.bmp,Broom,marble
57,383,1.5,2,O_Image_88.bmp,Suitcase,drizzle
57,384,1.5,2,F_Image_1.bmp,Albert Einstein,witch
57,385,1.5,2,F_Image_17.bmp,George Clooney,costume
57,386,1.5,2,O_Image_71.bmp,Ladder,army
57,387,1.5,2,S_Image_134.bmp,Sagrada Familia,stem
57,388,1.5,2,S_Image_111.bmp,Gizeh Pyramids,arrow
57,389,1.5,2,F_Image_19.bmp,James Dean,fuel
57,390,1.5,2,S_Image_105.bmp,Chichen Itza,shadow
57,391,1.5,2,O_Image_53.bmp,Belt,hurricane
57,392,1.5,2,S_Image_128.bmp,Notre Dame,alcohol
57,393,1.5,2,S_Image_120.bmp,Machu Picchu,breakfast
57,394,1.5,2,O_Image_90.bmp,Telephone,bubble
57,395,1.5,2,O_Image_94.bmp,Watch,corner
57,396,1.5,2,F_Image_18.bmp,Jack Nicholson,flood
57,397,1.5,2,O_Image_93.bmp,Umbrella,wool
57,398,1.5,2,S_Image_144.bmp,White House,hostage
57,399,1.5,2,O_Image_52.bmp,Bed,antique
57,400,2,2,S_Image_111.bmp-S_Lure_111.bmp,Gizeh Pyramids,arrow
57,401,2,2,F_Image_27.bmp-F_Lure_27.bmp,Mahadma Gandhi,attack
57,402,2,2,S_Image_106.bmp-S_Lure_106.bmp,Christ The Redeemer,yellow
57,403,2,2,F_Image_19.bmp-F_Lure_19.bmp,James Dean,fuel
57,404,2,2,S_Image_105.bmp-S_Lure_105.bmp,Chichen Itza,shadow
57,405,2,2,O_Image_53.bmp-O_Lure_53.bmp,Belt,hurricane
57,406,2,2,S_Image_143.bmp-S_Lure_143.bmp,Versailles,seed
57,407,2,2,O_Image_56.bmp-O_Lure_56.bmp,Broom,marble
57,408,2,2,F_Image_16.bmp-F_Lure_16.bmp,George Bush,menu
57,409,2,2,S_Image_134.bmp-S_Lure_134.bmp,Sagrada Familia,stem
57,410,2,2,F_Image_18.bmp-F_Lure_18.bmp,Jack Nicholson,flood
57,411,2,2,O_Image_71.bmp-O_Lure_71.bmp,Ladder,army
57,412,2,2,O_Image_94.bmp-O_Lure_94.bmp,Watch,corner
57,413,2,2,S_Image_144.bmp-S_Lure_144.bmp,White House,hostage
57,414,2,2,S_Image_128.bmp-S_Lure_128.bmp,Notre Dame,alcohol
57,415,2,2,F_Image_1.bmp-F_Lure_1.bmp,Albert Einstein,witch
57,416,2,2,O_Image_54.bmp-O_Lure_54.bmp,Bicycle,honeymoon
57,417,2,2,O_Image_90.bmp-O_Lure_90.bmp,Telephone,bubble
57,418,2,2,O_Image_52.bmp-O_Lure_52.bmp,Bed,antique
57,419,2,2,F_Image_8.bmp-F_Lure_8.bmp,Cameron Diaz,sand
57,420,2,2,O_Image_93.bmp-O_Lure_93.bmp,Umbrella,wool
57,421,2,2,F_Image_17.bmp-F_Lure_17.bmp,George Clooney,costume
57,422,2,2,S_Image_120.bmp-S_Lure_120.bmp,Machu Picchu,breakfast
57,423,2,2,O_Image_88.bmp-O_Lure_88.bmp,Suitcase,drizzle
57,424,3,2,S_Image_111.bmp-S_Lure_111.bmp,Gizeh Pyramids,arrow
57,425,3,2,F_Image_27.bmp-F_Lure_27.bmp,Mahadma Gandhi,attack
57,426,3,2,S_Image_106.bmp-S_Lure_106.bmp,Christ The Redeemer,yellow
57,427,3,2,O_Image_90.bmp-O_Lure_90.bmp,Telephone,bubble
57,428,3,2,O_Image_54.bmp-O_Lure_54.bmp,Bicycle,honeymoon
57,429,3,2,O_Image_94.bmp-O_Lure_94.bmp,Watch,corner
57,430,3,2,S_Image_134.bmp-S_Lure_134.bmp,Sagrada Familia,stem
57,431,3,2,S_Image_120.bmp-S_Lure_120.bmp,Machu Picchu,breakfast
57,432,3,2,F_Image_18.bmp-F_Lure_18.bmp,Jack Nicholson,flood
57,433,3,2,O_Image_56.bmp-O_Lure_56.bmp,Broom,marble
57,434,3,2,F_Image_1.bmp-F_Lure_1.bmp,Albert Einstein,witch
57,435,3,2,F_Image_19.bmp-F_Lure_19.bmp,James Dean,fuel
57,436,3,2,F_Image_17.bmp-F_Lure_17.bmp,George Clooney,costume
57,437,3,2,O_Image_93.bmp-O_Lure_93.bmp,Umbrella,wool
57,438,3,2,O_Image_71.bmp-O_Lure_71.bmp,Ladder,army
57,439,3,2,S_Image_128.bmp-S_Lure_128.bmp,Notre Dame,alcohol
57,440,3,2,O_Image_88.bmp-O_Lure_88.bmp,Suitcase,drizzle
57,441,3,2,F_Image_16.bmp-F_Lure_16.bmp,George Bush,menu
57,442,3,2,S_Image_143.bmp-S_Lure_143.bmp,Versailles,seed
57,443,3,2,S_Image_105.bmp-S_Lure_105.bmp,Chichen Itza,shadow
57,444,3,2,O_Image_53.bmp-O_Lure_53.bmp,Belt,hurricane
57,445,3,2,F_Image_8.bmp-F_Lure_8.bmp,Cameron Diaz,sand
57,446,3,2,O_Image_52.bmp-O_Lure_52.bmp,Bed,antique
57,447,3,2,S_Image_144.bmp-S_Lure_144.bmp,White House,hostage
57,448,1.5,3,S_Image_114.bmp,Great Wall,giant
57,449,1.5,3,S_Image_112.bmp,Golden Gate Bridge,tail
57,450,1.5,3,S_Image_124.bmp,Mount Fuji,lever
57,451,1.5,3,F_Image_12.bmp,David Beckham,stripe
57,452,1.5,3,O_Image_73.bmp,Microscope,crumb
57,453,1.5,3,F_Image_14.bmp,Elvis Presley,magnet
57,454,1.5,3,F_Image_7.bmp,Britney Spears,quake
57,455,1.5,3,F_Image_44.bmp,Tom Hanks,rock
57,456,1.5,3,F_Image_38.bmp,Queen Elisabeth,measles
57,457,1.5,3,O_Image_61.bmp,Football,spike
57,458,1.5,3,O_Image_95.bmp,Wheelchair,triangle
57,459,1.5,3,F_Image_42.bmp,Scarlett Johansson,corpse
57,460,1.5,3,O_Image_69.bmp,Headphones,slope
57,461,1.5,3,S_Image_125.bmp,Mount Rushmore,rust
57,462,1.5,3,O_Image_82.bmp,Scissors,kiss
57,463,1.5,3,O_Image_89.bmp,Teddybear,vegetable
57,464,1.5,3,F_Image_31.bmp,Michael Jackson,harem
57,465,1.5,3,O_Image_87.bmp,Stapler,asphalt
57,466,1.5,3,O_Image_67.bmp,Hammock,tube
57,467,1.5,3,O_Image_59.bmp,Fan,sweat
57,468,1.5,3,F_Image_2.bmp,Amy Winehouse,cloud
57,469,1.5,3,S_Image_97.bmp,Akropolis,wound
57,470,1.5,3,F_Image_26.bmp,Madonna,signal
57,471,1.5,3,S_Image_98.bmp,Alcatraz,angel
57,472,2,3,S_Image_98.bmp-S_Lure_98.bmp,Alcatraz,angel
57,473,2,3,F_Image_12.bmp-F_Lure_12.bmp,David Beckham,stripe
57,474,2,3,S_Image_125.bmp-S_Lure_125.bmp,Mount Rushmore,rust
57,475,2,3,F_Image_42.bmp-F_Lure_42.bmp,Scarlett Johansson,corpse
57,476,2,3,O_Image_82.bmp-O_Lure_82.bmp,Scissors,kiss
57,477,2,3,O_Image_95.bmp-O_Lure_95.bmp,Wheelchair,triangle
57,478,2,3,S_Image_114.bmp-S_Lure_114.bmp,Great Wall,giant
57,479,2,3,S_Image_97.bmp-S_Lure_97.bmp,Akropolis,wound
57,480,2,3,F_Image_7.bmp-F_Lure_7.bmp,Britney Spears,quake
57,481,2,3,F_Image_44.bmp-F_Lure_44.bmp,Tom Hanks,rock
57,482,2,3,S_Image_124.bmp-S_Lure_124.bmp,Mount Fuji,lever
57,483,2,3,O_Image_61.bmp-O_Lure_61.bmp,Football,spike
57,484,2,3,F_Image_14.bmp-F_Lure_14.bmp,Elvis Presley,magnet
57,485,2,3,O_Image_73.bmp-O_Lure_73.bmp,Microscope,crumb
57,486,2,3,O_Image_59.bmp-O_Lure_59.bmp,Fan,sweat
57,487,2,3,O_Image_89.bmp-O_Lure_89.bmp,Teddybear,vegetable
57,488,2,3,O_Image_87.bmp-O_Lure_87.bmp,Stapler,asphalt
57,489,2,3,F_Image_31.bmp-F_Lure_31.bmp,Michael Jackson,harem
57,490,2,3,O_Image_67.bmp-O_Lure_67.bmp,Hammock,tube
57,491,2,3,F_Image_26.bmp-F_Lure_26.bmp,Madonna,signal
57,492,2,3,O_Image_69.bmp-O_Lure_69.bmp,Headphones,slope
57,493,2,3,S_Image_112.bmp-S_Lure_112.bmp,Golden Gate Bridge,tail
57,494,2,3,F_Image_2.bmp-F_Lure_2.bmp,Amy Winehouse,cloud
57,495,2,3,F_Image_38.bmp-F_Lure_38.bmp,Queen Elisabeth,measles
57,496,3,3,F_Image_38.bmp-F_Lure_38.bmp,Queen Elisabeth,measles
57,497,3,3,O_Image_61.bmp-O_Lure_61.bmp,Football,spike
57,498,3,3,F_Image_12.bmp-F_Lure_12.bmp,David Beckham,stripe
57,499,3,3,S_Image_124.bmp-S_Lure_124.bmp,Mount Fuji,lever
57,500,3,3,O_Image_69.bmp-O_Lure_69.bmp,Headphones,slope
57,501,3,3,O_Image_59.bmp-O_Lure_59.bmp,Fan,sweat
57,502,3,3,S_Image_97.bmp-S_Lure_97.bmp,Akropolis,wound
57,503,3,3,F_Image_2.bmp-F_Lure_2.bmp,Amy Winehouse,cloud
57,504,3,3,O_Image_89.bmp-O_Lure_89.bmp,Teddybear,vegetable
57,505,3,3,S_Image_112.bmp-S_Lure_112.bmp,Golden Gate Bridge,tail
57,506,3,3,F_Image_14.bmp-F_Lure_14.bmp,Elvis Presley,magnet
57,507,3,3,S_Image_98.bmp-S_Lure_98.bmp,Alcatraz,angel
57,508,3,3,S_Image_125.bmp-S_Lure_125.bmp,Mount Rushmore,rust
57,509,3,3,O_Image_73.bmp-O_Lure_73.bmp,Microscope,crumb
57,510,3,3,F_Image_31.bmp-F_Lure_31.bmp,Michael Jackson,harem
57,511,3,3,F_Image_26.bmp-F_Lure_26.bmp,Madonna,signal
57,512,3,3,F_Image_44.bmp-F_Lure_44.bmp,Tom Hanks,rock
57,513,3,3,O_Image_87.bmp-O_Lure_87.bmp,Stapler,asphalt
57,514,3,3,O_Image_67.bmp-O_Lure_67.bmp,Hammock,tube
57,515,3,3,S_Image_114.bmp-S_Lure_114.bmp,Great Wall,giant
57,516,3,3,F_Image_7.bmp-F_Lure_7.bmp,Britney Spears,quake
57,517,3,3,F_Image_42.bmp-F_Lure_42.bmp,Scarlett Johansson,corpse
57,518,3,3,O_Image_95.bmp-O_Lure_95.bmp,Wheelchair,triangle
57,519,3,3,O_Image_82.bmp-O_Lure_82.bmp,Scissors,kiss
57,520,3.5,1,F_Image_41.bmp,Rod Steward,spike
57,521,3.5,1,O_Image_68.bmp,Hat,tear
57,522,3.5,1,F_Image_47.bmp,Whoopi Goldberg,tube
57,523,3.5,1,O_Image_85.bmp,Sock,shell
57,524,3.5,1,O_Image_50.bmp,Barbecue,wound
57,525,3.5,1,F_Image_35.bmp,Nikola Sarkozy,antique
57,526,3.5,1,O_Image_91.bmp,Torch,sand
57,527,3.5,1,O_Image_63.bmp,Globe,giant
57,528,3.5,1,O_Image_81.bmp,Scale,witch
57,529,3.5,1,S_Image_99.bmp,Alhambra,rock
57,530,3.5,1,O_Image_75.bmp,Necklace,laundry
57,531,3.5,1,F_Image_11.bmp,Daniel Radcliffe,tail
57,532,3.5,1,F_Image_5.bmp,Bill Clinton,tourist
57,533,3.5,1,F_Image_20.bmp,Jennifer Lopez,angel
57,534,3.5,1,S_Image_126.bmp,Neu schwanstein Castle,crumb
57,535,3.5,1,F_Image_30.bmp,Meryl Streep,black
57,536,3.5,1,S_Image_138.bmp,Stonehenge,wool
57,537,3.5,1,S_Image_131.bmp,Rapa Nui,galaxy
57,538,3.5,1,F_Image_46.bmp,Wayne Rooney,water
57,539,3.5,1,S_Image_121.bmp,Mecca,magnet
57,540,3.5,1,S_Image_122.bmp,Mont Saint Michel,marble
57,541,3.5,1,F_Image_6.bmp,Brad Pitt,animal
57,542,3.5,1,F_Image_21.bmp,John Lennon,shadow
57,543,3.5,1,F_Image_15.bmp,Fidel Castro,spray
57,544,4,1,S_Image_131.bmp-S_Lure_131.bmp,Rapa Nui,galaxy
57,545,4,1,O_Image_68.bmp-O_Lure_68.bmp,Hat,tear
57,546,4,1,S_Image_122.bmp-S_Lure_122.bmp,Mont Saint Michel,marble
57,547,4,1,F_Image_41.bmp-F_Lure_41.bmp,Rod Steward,spike
57,548,4,1,S_Image_126.bmp-S_Lure_126.bmp,Neu schwanstein Castle,crumb
57,549,4,1,F_Image_6.bmp-F_Lure_6.bmp,Brad Pitt,animal
57,550,4,1,F_Image_5.bmp-F_Lure_5.bmp,Bill Clinton,tourist
57,551,4,1,F_Image_35.bmp-F_Lure_35.bmp,Nikola Sarkozy,antique
57,552,4,1,F_Image_20.bmp-F_Lure_20.bmp,Jennifer Lopez,angel
57,553,4,1,O_Image_75.bmp-O_Lure_75.bmp,Necklace,laundry
57,554,4,1,O_Image_63.bmp-O_Lure_63.bmp,Globe,giant
57,555,4,1,O_Image_85.bmp-O_Lure_85.bmp,Sock,shell
57,556,4,1,F_Image_21.bmp-F_Lure_21.bmp,John Lennon,shadow
57,557,4,1,F_Image_47.bmp-F_Lure_47.bmp,Whoopi Goldberg,tube
57,558,4,1,O_Image_50.bmp-O_Lure_50.bmp,Barbecue,wound
57,559,4,1,F_Image_15.bmp-F_Lure_15.bmp,Fidel Castro,spray
57,560,4,1,S_Image_99.bmp-S_Lure_99.bmp,Alhambra,rock
57,561,4,1,S_Image_138.bmp-S_Lure_138.bmp,Stonehenge,wool
57,562,4,1,O_Image_81.bmp-O_Lure_81.bmp,Scale,witch
57,563,4,1,S_Image_121.bmp-S_Lure_121.bmp,Mecca,magnet
57,564,4,1,F_Image_11.bmp-F_Lure_11.bmp,Daniel Radcliffe,tail
57,565,4,1,F_Image_30.bmp-F_Lure_30.bmp,Meryl Streep,black
57,566,4,1,O_Image_91.bmp-O_Lure_91.bmp,Torch,sand
57,567,4,1,F_Image_46.bmp-F_Lure_46.bmp,Wayne Rooney,water
57,568,3.5,2,F_Image_39.bmp,Robbie Williams,bubble
57,569,3.5,2,O_Image_96.bmp,Wineglass,sunshine
57,570,3.5,2,S_Image_101.bmp,Atomium,menu
57,571,3.5,2,S_Image_110.bmp,Forbidden City,fire
57,572,3.5,2,S_Image_142.bmp,Tower Bridge,asphalt
57,573,3.5,2,S_Image_136.bmp,Sistine Chapel,army
57,574,3.5,2,F_Image_24.bmp,Keanu Reeves,snow
57,575,3.5,2,F_Image_13.bmp,Elton John,seed
57,576,3.5,2,S_Image_133.bmp,Rialto Bridge,arch
57,577,3.5,2,O_Image_83.bmp,Shoe,stripe
57,578,3.5,2,O_Image_65.bmp,GrandPiano,scar
57,579,3.5,2,O_Image_66.bmp,Guitar,hostage
57,580,3.5,2,O_Image_78.bmp,Razor,measles
57,581,3.5,2,O_Image_49.bmp,Anchor,ghost
57,582,3.5,2,O_Image_86.bmp,Soother,corpse
57,583,3.5,2,S_Image_139.bmp,Sydney Opera,drizzle
57,584,3.5,2,F_Image_33.bmp,Mother Teresa,kiss
57,585,3.5,2,O_Image_77.bmp,Radio,flood
57,586,3.5,2,O_Image_79.bmp,Remote Control,quake
57,587,3.5,2,S_Image_113.bmp,Grand Canyon,alien
57,588,3.5,2,O_Image_60.bmp,Flask,rust
57,589,3.5,2,S_Image_135.bmp,Sahara Desert,triangle
57,590,3.5,2,S_Image_107.bmp,Colosseum,board
57,591,3.5,2,S_Image_104.bmp,Brandenburg Gate,poison
57,592,4,2,S_Image_113.bmp-S_Lure_113.bmp,Grand Canyon,alien
57,593,4,2,O_Image_60.bmp-O_Lure_60.bmp,Flask,rust
57,594,4,2,F_Image_13.bmp-F_Lure_13.bmp,Elton John,seed
57,595,4,2,S_Image_133.bmp-S_Lure_133.bmp,Rialto Bridge,arch
57,596,4,2,O_Image_49.bmp-O_Lure_49.bmp,Anchor,ghost
57,597,4,2,O_Image_96.bmp-O_Lure_96.bmp,Wineglass,sunshine
57,598,4,2,F_Image_39.bmp-F_Lure_39.bmp,Robbie Williams,bubble
57,599,4,2,S_Image_104.bmp-S_Lure_104.bmp,Brandenburg Gate,poison
57,600,4,2,S_Image_101.bmp-S_Lure_101.bmp,Atomium,menu
57,601,4,2,F_Image_24.bmp-F_Lure_24.bmp,Keanu Reeves,snow
57,602,4,2,S_Image_139.bmp-S_Lure_139.bmp,Sydney Opera,drizzle
57,603,4,2,S_Image_136.bmp-S_Lure_136.bmp,Sistine Chapel,army
57,604,4,2,O_Image_66.bmp-O_Lure_66.bmp,Guitar,hostage
57,605,4,2,F_Image_33.bmp-F_Lure_33.bmp,Mother Teresa,kiss
57,606,4,2,S_Image_135.bmp-S_Lure_135.bmp,Sahara Desert,triangle
57,607,4,2,S_Image_107.bmp-S_Lure_107.bmp,Colosseum,board
57,608,4,2,S_Image_110.bmp-S_Lure_110.bmp,Forbidden City,fire
57,609,4,2,O_Image_77.bmp-O_Lure_77.bmp,Radio,flood
57,610,4,2,S_Image_142.bmp-S_Lure_142.bmp,Tower Bridge,asphalt
57,611,4,2,O_Image_86.bmp-O_Lure_86.bmp,Soother,corpse
57,612,4,2,O_Image_78.bmp-O_Lure_78.bmp,Razor,measles
57,613,4,2,O_Image_65.bmp-O_Lure_65.bmp,GrandPiano,scar
57,614,4,2,O_Image_83.bmp-O_Lure_83.bmp,Shoe,stripe
57,615,4,2,O_Image_79.bmp-O_Lure_79.bmp,Remote Control,quake
57,616,3.5,3,O_Image_76.bmp,Pillows,signal
57,617,3.5,3,S_Image_141.bmp,Time Square,orchestra
57,618,3.5,3,S_Image_119.bmp,Louvre,costume
57,619,3.5,3,F_Image_48.bmp,Will Smith,honeymoon
57,620,3.5,3,S_Image_100.bmp,Angkor Wat,harem
57,621,3.5,3,S_Image_118.bmp,Leaning Tower,steam
57,622,3.5,3,S_Image_108.bmp,Dover Cliffs,attack
57,623,3.5,3,S_Image_132.bmp,Red Square,sweat
57,624,3.5,3,S_Image_137.bmp,Statue Of Liberty,corner
57,625,3.5,3,F_Image_22.bmp,Judi Dench,paper
57,626,3.5,3,F_Image_29.bmp,Marilyn Monroe,vegetable
57,627,3.5,3,O_Image_57.bmp,Brush,alcohol
57,628,3.5,3,O_Image_92.bmp,Trophy,fuel
57,629,3.5,3,F_Image_25.bmp,Leonardo DiCaprio,slope
57,630,3.5,3,F_Image_3.bmp,Angela Merkel,stem
57,631,3.5,3,F_Image_43.bmp,Tom Cruise,hurricane
57,632,3.5,3,O_Image_62.bmp,FryingPan,arrow
57,633,3.5,3,O_Image_55.bmp,Binoculars,lever
57,634,3.5,3,F_Image_4.bmp,Barack Obama,yellow
57,635,3.5,3,S_Image_116.bmp,Hollywood Sign,cloud
57,636,3.5,3,O_Image_74.bmp,Mirror,cone
57,637,3.5,3,F_Image_40.bmp,Robert De Niro,money
57,638,3.5,3,F_Image_23.bmp,Julia Roberts,wreck
57,639,3.5,3,O_Image_58.bmp,Canoe,breakfast
57,640,4,3,S_Image_108.bmp-S_Lure_108.bmp,Dover Cliffs,attack
57,641,4,3,S_Image_116.bmp-S_Lure_116.bmp,Hollywood Sign,cloud
57,642,4,3,S_Image_118.bmp-S_Lure_118.bmp,Leaning Tower,steam
57,643,4,3,O_Image_76.bmp-O_Lure_76.bmp,Pillows,signal
57,644,4,3,S_Image_100.bmp-S_Lure_100.bmp,Angkor Wat,harem
57,645,4,3,S_Image_132.bmp-S_Lure_132.bmp,Red Square,sweat
57,646,4,3,O_Image_62.bmp-O_Lure_62.bmp,FryingPan,arrow
57,647,4,3,F_Image_4.bmp-F_Lure_4.bmp,Barack Obama,yellow
57,648,4,3,F_Image_25.bmp-F_Lure_25.bmp,Leonardo DiCaprio,slope
57,649,4,3,F_Image_23.bmp-F_Lure_23.bmp,Julia Roberts,wreck
57,650,4,3,O_Image_74.bmp-O_Lure_74.bmp,Mirror,cone
57,651,4,3,S_Image_119.bmp-S_Lure_119.bmp,Louvre,costume
57,652,4,3,O_Image_55.bmp-O_Lure_55.bmp,Binoculars,lever
57,653,4,3,F_Image_40.bmp-F_Lure_40.bmp,Robert De Niro,money
57,654,4,3,F_Image_29.bmp-F_Lure_29.bmp,Marilyn Monroe,vegetable
57,655,4,3,O_Image_58.bmp-O_Lure_58.bmp,Canoe,breakfast
57,656,4,3,O_Image_57.bmp-O_Lure_57.bmp,Brush,alcohol
57,657,4,3,F_Image_48.bmp-F_Lure_48.bmp,Will Smith,honeymoon
57,658,4,3,F_Image_43.bmp-F_Lure_43.bmp,Tom Cruise,hurricane
57,659,4,3,S_Image_141.bmp-S_Lure_141.bmp,Time Square,orchestra
57,660,4,3,O_Image_92.bmp-O_Lure_92.bmp,Trophy,fuel
57,661,4,3,S_Image_137.bmp-S_Lure_137.bmp,Statue Of Liberty,corner
57,662,4,3,F_Image_22.bmp-F_Lure_22.bmp,Judi Dench,paper
57,663,4,3,F_Image_3.bmp-F_Lure_3.bmp,Angela Merkel,stem
57,664,4, 1 ,F_Image_26.bmp-O_Lure_76.bmp,Madonna-Pillows,signal
57,665,4, 1 ,O_Image_51.bmp-F_Lure_46.bmp,Basket-Wayne Rooney,water
57,666,4, 1 ,F_Image_38.bmp-O_Lure_78.bmp,Queen Elisabeth-Razor,measles
57,667,4, 1 ,O_Image_70.bmp-F_Lure_30.bmp,Key-Meryl Streep,black
57,668,4, 1 ,S_Image_112.bmp-F_Lure_11.bmp,Golden Gate Bridge-Daniel Radcliffe,tail
57,669,4, 1 ,O_Image_80.bmp-S_Lure_141.bmp,Rope-Time Square,orchestra
57,670,4, 1 ,S_Image_112.bmp-F_Lure_11.bmp,Golden Gate Bridge-Daniel Radcliffe,tail
57,671,4, 1 ,F_Image_27.bmp-S_Lure_108.bmp,Mahadma Gandhi-Dover Cliffs,attack
57,672,4, 1 ,F_Image_17.bmp-S_Lure_119.bmp,George Clooney-Louvre,costume
57,673,4, 1 ,O_Image_56.bmp-S_Lure_122.bmp,Broom-Mont Saint Michel,marble
57,674,4, 1 ,S_Image_97.bmp-O_Lure_50.bmp,Akropolis-Barbecue,wound
57,675,4, 1 ,F_Image_28.bmp-S_Lure_113.bmp,Margaret Thatcher-Grand Canyon,alien
57,676,4, 1 ,F_Image_34.bmp-S_Lure_118.bmp,Nelson Mandela-Leaning Tower,steam
57,677,4, 1 ,S_Image_103.bmp-O_Lure_74.bmp,Big Ben-Mirror,cone
57,678,4, 1 ,S_Image_128.bmp-O_Lure_57.bmp,Notre Dame-Brush,alcohol
57,679,4, 1 ,S_Image_140.bmp-F_Lure_22.bmp,Taj Mahal-Judi Dench,paper
57,680,4, 1 ,O_Image_73.bmp-S_Lure_126.bmp,Microscope-Neu schwanstein Castle,crumb
57,681,4, 1 ,O_Image_61.bmp-F_Lure_41.bmp,Football-Rod Steward,spike
57,682,4, 1 ,O_Image_71.bmp-S_Lure_136.bmp,Ladder-Sistine Chapel,army
57,683,4, 1 ,S_Image_103.bmp-O_Lure_74.bmp,Big Ben-Mirror,cone
57,684,4, 1 ,O_Image_95.bmp-S_Lure_135.bmp,Wheelchair-Sahara Desert,triangle
57,685,4, 1 ,F_Image_31.bmp-S_Lure_100.bmp,Michael Jackson-Angkor Wat,harem
57,686,4, 1 ,F_Image_32.bmp-O_Lure_75.bmp,Mick Jagger-Necklace,laundry
57,687,4, 1 ,F_Image_45.bmp-S_Lure_104.bmp,Tony Blair-Brandenburg Gate,poison
57,688,4, 1 ,O_Image_94.bmp-S_Lure_137.bmp,Watch-Statue Of Liberty,corner
57,689,4, 1 ,S_Image_140.bmp-F_Lure_22.bmp,Taj Mahal-Judi Dench,paper
57,690,4, 1 ,S_Image_143.bmp-F_Lure_13.bmp,Versailles-Elton John,seed
57,691,4, 1 ,S_Image_140.bmp-F_Lure_22.bmp,Taj Mahal-Judi Dench,paper
57,692,4, 1 ,O_Image_71.bmp-S_Lure_136.bmp,Ladder-Sistine Chapel,army
57,693,4, 1 ,O_Image_95.bmp-S_Lure_135.bmp,Wheelchair-Sahara Desert,triangle
57,694,4, 1 ,O_Image_82.bmp-F_Lure_33.bmp,Scissors-Mother Teresa,kiss
57,695,4, 1 ,O_Image_93.bmp-S_Lure_138.bmp,Umbrella-Stonehenge,wool
57,696,4, 1 ,F_Image_2.bmp-S_Lure_116.bmp,Amy Winehouse-Hollywood Sign,cloud
57,697,4, 1 ,F_Image_18.bmp-O_Lure_77.bmp,Jack Nicholson-Radio,flood
57,698,4, 1 ,O_Image_64.bmp-S_Lure_131.bmp,Goggles-Rapa Nui,galaxy
57,699,4, 1 ,S_Image_125.bmp-O_Lure_60.bmp,Mount Rushmore-Flask,rust
57,700,4, 1 ,S_Image_128.bmp-O_Lure_57.bmp,Notre Dame-Brush,alcohol
57,701,4, 1 ,O_Image_88.bmp-S_Lure_139.bmp,Suitcase-Sydney Opera,drizzle
57,702,4, 1 ,S_Image_105.bmp-F_Lure_21.bmp,Chichen Itza-John Lennon,shadow
57,703,4, 1 ,S_Image_117.bmp-F_Lure_23.bmp,Kings College-Julia Roberts,wreck
57,704,4, 1 ,F_Image_28.bmp-S_Lure_113.bmp,Margaret Thatcher-Grand Canyon,alien
57,705,4, 1 ,S_Image_134.bmp-F_Lure_3.bmp,Sagrada Familia-Angela Merkel,stem
57,706,4, 1 ,S_Image_130.bmp-F_Lure_15.bmp,Potala Palace-Fidel Castro,spray
57,707,4, 1 ,O_Image_80.bmp-S_Lure_141.bmp,Rope-Time Square,orchestra
57,708,4, 1 ,F_Image_42.bmp-O_Lure_86.bmp,Scarlett Johansson-Soother,corpse
57,709,4, 1 ,S_Image_143.bmp-F_Lure_13.bmp,Versailles-Elton John,seed
57,710,4, 1 ,F_Image_31.bmp-S_Lure_100.bmp,Michael Jackson-Angkor Wat,harem
57,711,4, 1 ,S_Image_120.bmp-O_Lure_58.bmp,Machu Picchu-Canoe,breakfast
57,712,4, 1 ,S_Image_97.bmp-O_Lure_50.bmp,Akropolis-Barbecue,wound
57,713,4, 1 ,O_Image_73.bmp-S_Lure_126.bmp,Microscope-Neu schwanstein Castle,crumb
57,714,4, 1 ,F_Image_9.bmp-S_Lure_107.bmp,Charlie Chaplin-Colosseum,board
57,715,4, 1 ,F_Image_42.bmp-O_Lure_86.bmp,Scarlett Johansson-Soother,corpse
57,716,4, 1 ,S_Image_103.bmp-O_Lure_74.bmp,Big Ben-Mirror,cone
57,717,4, 1 ,O_Image_82.bmp-F_Lure_33.bmp,Scissors-Mother Teresa,kiss
57,718,4, 1 ,F_Image_28.bmp-S_Lure_113.bmp,Margaret Thatcher-Grand Canyon,alien
57,719,4, 1 ,F_Image_31.bmp-S_Lure_100.bmp,Michael Jackson-Angkor Wat,harem
57,720,4, 1 ,S_Image_120.bmp-O_Lure_58.bmp,Machu Picchu-Canoe,breakfast
57,721,4, 1 ,O_Image_67.bmp-F_Lure_47.bmp,Hammock-Whoopi Goldberg,tube
57,722,4, 1 ,O_Image_88.bmp-S_Lure_139.bmp,Suitcase-Sydney Opera,drizzle
57,723,4, 1 ,S_Image_105.bmp-F_Lure_21.bmp,Chichen Itza-John Lennon,shadow
57,724,4, 1 ,S_Image_106.bmp-F_Lure_4.bmp,Christ The Redeemer-Barack Obama,yellow
57,725,4, 1 ,S_Image_117.bmp-F_Lure_23.bmp,Kings College-Julia Roberts,wreck
57,726,4, 1 ,F_Image_10.bmp-O_Lure_85.bmp,Dalai Lama-Sock,shell
57,727,4, 1 ,O_Image_56.bmp-S_Lure_122.bmp,Broom-Mont Saint Michel,marble
57,728,4, 1 ,F_Image_16.bmp-S_Lure_101.bmp,George Bush-Atomium,menu
57,729,4, 1 ,F_Image_17.bmp-S_Lure_119.bmp,George Clooney-Louvre,costume
57,730,4, 1 ,S_Image_129.bmp-F_Lure_5.bmp,Petra-Bill Clinton,tourist
57,731,4, 1 ,F_Image_9.bmp-S_Lure_107.bmp,Charlie Chaplin-Colosseum,board
57,732,4, 1 ,S_Image_128.bmp-O_Lure_57.bmp,Notre Dame-Brush,alcohol
57,733,4, 1 ,O_Image_73.bmp-S_Lure_126.bmp,Microscope-Neu schwanstein Castle,crumb
57,734,4, 1 ,O_Image_52.bmp-F_Lure_35.bmp,Bed-Nikola Sarkozy,antique
57,735,4, 1 ,S_Image_117.bmp-F_Lure_23.bmp,Kings College-Julia Roberts,wreck
57,736,4, 1 ,O_Image_70.bmp-F_Lure_30.bmp,Key-Meryl Streep,black
57,737,4, 1 ,S_Image_109.bmp-O_Lure_49.bmp,Eiffel Tower-Anchor,ghost
57,738,4, 1 ,O_Image_69.bmp-F_Lure_25.bmp,Headphones-Leonardo DiCaprio,slope
57,739,4, 1 ,O_Image_94.bmp-S_Lure_137.bmp,Watch-Statue Of Liberty,corner
57,740,4, 1 ,S_Image_115.bmp-F_Lure_24.bmp,Hagia Sophia-Keanu Reeves,snow
57,741,4, 1 ,F_Image_2.bmp-S_Lure_116.bmp,Amy Winehouse-Hollywood Sign,cloud
57,742,4, 1 ,F_Image_28.bmp-S_Lure_113.bmp,Margaret Thatcher-Grand Canyon,alien
57,743,4, 1 ,F_Image_32.bmp-O_Lure_75.bmp,Mick Jagger-Necklace,laundry
57,744,4, 1 ,O_Image_82.bmp-F_Lure_33.bmp,Scissors-Mother Teresa,kiss
57,745,4, 1 ,F_Image_14.bmp-S_Lure_121.bmp,Elvis Presley-Mecca,magnet
57,746,4, 1 ,O_Image_64.bmp-S_Lure_131.bmp,Goggles-Rapa Nui,galaxy
57,747,4, 1 ,F_Image_26.bmp-O_Lure_76.bmp,Madonna-Pillows,signal
57,748,4, 1 ,F_Image_38.bmp-O_Lure_78.bmp,Queen Elisabeth-Razor,measles
57,749,4, 1 ,O_Image_56.bmp-S_Lure_122.bmp,Broom-Mont Saint Michel,marble
57,750,4, 1 ,S_Image_105.bmp-F_Lure_21.bmp,Chichen Itza-John Lennon,shadow
57,751,4, 1 ,O_Image_71.bmp-S_Lure_136.bmp,Ladder-Sistine Chapel,army
57,752,4, 1 ,O_Image_56.bmp-S_Lure_122.bmp,Broom-Mont Saint Michel,marble
57,753,4, 1 ,S_Image_109.bmp-O_Lure_49.bmp,Eiffel Tower-Anchor,ghost
57,754,4, 1 ,S_Image_129.bmp-F_Lure_5.bmp,Petra-Bill Clinton,tourist
57,755,4, 1 ,S_Image_97.bmp-O_Lure_50.bmp,Akropolis-Barbecue,wound
57,756,4, 1 ,S_Image_98.bmp-F_Lure_20.bmp,Alcatraz-Jennifer Lopez,angel
57,757,4, 1 ,S_Image_143.bmp-F_Lure_13.bmp,Versailles-Elton John,seed
57,758,4, 1 ,O_Image_95.bmp-S_Lure_135.bmp,Wheelchair-Sahara Desert,triangle
57,759,4, 1 ,F_Image_44.bmp-S_Lure_99.bmp,Tom Hanks-Alhambra,rock
57,760,4, 1 ,F_Image_10.bmp-O_Lure_85.bmp,Dalai Lama-Sock,shell
57,761,4, 1 ,O_Image_84.bmp-S_Lure_133.bmp,Skirt-Rialto Bridge,arch
57,762,4, 1 ,S_Image_117.bmp-F_Lure_23.bmp,Kings College-Julia Roberts,wreck
57,763,4, 1 ,O_Image_53.bmp-F_Lure_43.bmp,Belt-Tom Cruise,hurricane
57,764,4, 1 ,O_Image_53.bmp-F_Lure_43.bmp,Belt-Tom Cruise,hurricane
57,765,4, 1 ,F_Image_32.bmp-O_Lure_75.bmp,Mick Jagger-Necklace,laundry
57,766,4, 1 ,O_Image_51.bmp-F_Lure_46.bmp,Basket-Wayne Rooney,water
57,767,4, 1 ,O_Image_73.bmp-S_Lure_126.bmp,Microscope-Neu schwanstein Castle,crumb
57,768,4, 1 ,F_Image_9.bmp-S_Lure_107.bmp,Charlie Chaplin-Colosseum,board
57,769,4, 1 ,O_Image_84.bmp-S_Lure_133.bmp,Skirt-Rialto Bridge,arch
57,770,4, 1 ,F_Image_34.bmp-S_Lure_118.bmp,Nelson Mandela-Leaning Tower,steam
57,771,4, 1 ,F_Image_16.bmp-S_Lure_101.bmp,George Bush-Atomium,menu
57,772,4, 1 ,F_Image_7.bmp-O_Lure_79.bmp,Britney Spears-Remote Control,quake
57,773,4, 1 ,F_Image_45.bmp-S_Lure_104.bmp,Tony Blair-Brandenburg Gate,poison
57,774,4, 1 ,S_Image_98.bmp-F_Lure_20.bmp,Alcatraz-Jennifer Lopez,angel
57,775,4, 1 ,F_Image_38.bmp-O_Lure_78.bmp,Queen Elisabeth-Razor,measles
57,776,4, 1 ,F_Image_34.bmp-S_Lure_118.bmp,Nelson Mandela-Leaning Tower,steam
57,777,4, 1 ,F_Image_44.bmp-S_Lure_99.bmp,Tom Hanks-Alhambra,rock
57,778,4, 1 ,F_Image_45.bmp-S_Lure_104.bmp,Tony Blair-Brandenburg Gate,poison
57,779,4, 1 ,O_Image_53.bmp-F_Lure_43.bmp,Belt-Tom Cruise,hurricane
57,780,4, 1 ,F_Image_34.bmp-S_Lure_118.bmp,Nelson Mandela-Leaning Tower,steam
57,781,4, 1 ,F_Image_38.bmp-O_Lure_78.bmp,Queen Elisabeth-Razor,measles
57,782,4, 1 ,S_Image_115.bmp-F_Lure_24.bmp,Hagia Sophia-Keanu Reeves,snow
57,783,4, 1 ,F_Image_44.bmp-S_Lure_99.bmp,Tom Hanks-Alhambra,rock
57,784,4, 1 ,O_Image_53.bmp-F_Lure_43.bmp,Belt-Tom Cruise,hurricane
57,785,4, 1 ,F_Image_26.bmp-O_Lure_76.bmp,Madonna-Pillows,signal
57,786,4, 1 ,O_Image_67.bmp-F_Lure_47.bmp,Hammock-Whoopi Goldberg,tube
57,787,4, 1 ,O_Image_52.bmp-F_Lure_35.bmp,Bed-Nikola Sarkozy,antique
57,788,4, 1 ,O_Image_61.bmp-F_Lure_41.bmp,Football-Rod Steward,spike
57,789,4, 1 ,S_Image_98.bmp-F_Lure_20.bmp,Alcatraz-Jennifer Lopez,angel
57,790,4, 1 ,O_Image_84.bmp-S_Lure_133.bmp,Skirt-Rialto Bridge,arch
57,791,4, 1 ,F_Image_16.bmp-S_Lure_101.bmp,George Bush-Atomium,menu
57,792,4, 1 ,F_Image_7.bmp-O_Lure_79.bmp,Britney Spears-Remote Control,quake
57,793,4, 1 ,F_Image_7.bmp-O_Lure_79.bmp,Britney Spears-Remote Control,quake
57,794,4, 1 ,O_Image_71.bmp-S_Lure_136.bmp,Ladder-Sistine Chapel,army
57,795,4, 1 ,F_Image_18.bmp-O_Lure_77.bmp,Jack Nicholson-Radio,flood
57,796,4, 1 ,F_Image_27.bmp-S_Lure_108.bmp,Mahadma Gandhi-Dover Cliffs,attack
57,797,4, 1 ,S_Image_109.bmp-O_Lure_49.bmp,Eiffel Tower-Anchor,ghost
57,798,4, 1 ,F_Image_44.bmp-S_Lure_99.bmp,Tom Hanks-Alhambra,rock
57,799,4, 1 ,O_Image_94.bmp-S_Lure_137.bmp,Watch-Statue Of Liberty,corner
57,800,4, 1 ,S_Image_134.bmp-F_Lure_3.bmp,Sagrada Familia-Angela Merkel,stem
57,801,4, 1 ,S_Image_105.bmp-F_Lure_21.bmp,Chichen Itza-John Lennon,shadow
57,802,4, 1 ,F_Image_17.bmp-S_Lure_119.bmp,George Clooney-Louvre,costume
57,803,4, 1 ,S_Image_134.bmp-F_Lure_3.bmp,Sagrada Familia-Angela Merkel,stem
57,804,4, 1 ,F_Image_14.bmp-S_Lure_121.bmp,Elvis Presley-Mecca,magnet
57,805,4, 1 ,S_Image_120.bmp-O_Lure_58.bmp,Machu Picchu-Canoe,breakfast
57,806,4, 1 ,F_Image_7.bmp-O_Lure_79.bmp,Britney Spears-Remote Control,quake
57,807,4, 1 ,F_Image_31.bmp-S_Lure_100.bmp,Michael Jackson-Angkor Wat,harem
57,808,4, 1 ,F_Image_42.bmp-O_Lure_86.bmp,Scarlett Johansson-Soother,corpse
57,809,4, 1 ,S_Image_130.bmp-F_Lure_15.bmp,Potala Palace-Fidel Castro,spray
57,810,4, 1 ,S_Image_134.bmp-F_Lure_3.bmp,Sagrada Familia-Angela Merkel,stem
57,811,4, 1 ,S_Image_112.bmp-F_Lure_11.bmp,Golden Gate Bridge-Daniel Radcliffe,tail
57,812,4, 1 ,S_Image_106.bmp-F_Lure_4.bmp,Christ The Redeemer-Barack Obama,yellow
57,813,4, 1 ,S_Image_112.bmp-F_Lure_11.bmp,Golden Gate Bridge-Daniel Radcliffe,tail
57,814,4, 1 ,O_Image_69.bmp-F_Lure_25.bmp,Headphones-Leonardo DiCaprio,slope
57,815,4, 1 ,S_Image_98.bmp-F_Lure_20.bmp,Alcatraz-Jennifer Lopez,angel
57,816,4, 1 ,O_Image_95.bmp-S_Lure_135.bmp,Wheelchair-Sahara Desert,triangle
57,817,4, 1 ,F_Image_2.bmp-S_Lure_116.bmp,Amy Winehouse-Hollywood Sign,cloud
57,818,4, 1 ,O_Image_93.bmp-S_Lure_138.bmp,Umbrella-Stonehenge,wool
57,819,4, 1 ,S_Image_115.bmp-F_Lure_24.bmp,Hagia Sophia-Keanu Reeves,snow
57,820,4, 1 ,O_Image_70.bmp-F_Lure_30.bmp,Key-Meryl Streep,black
57,821,4, 1 ,F_Image_26.bmp-O_Lure_76.bmp,Madonna-Pillows,signal
57,822,4, 1 ,F_Image_16.bmp-S_Lure_101.bmp,George Bush-Atomium,menu
57,823,4, 1 ,S_Image_125.bmp-O_Lure_60.bmp,Mount Rushmore-Flask,rust
57,824,4, 1 ,O_Image_54.bmp-F_Lure_48.bmp,Bicycle-Will Smith,honeymoon
57,825,4, 1 ,S_Image_130.bmp-F_Lure_15.bmp,Potala Palace-Fidel Castro,spray
57,826,4, 1 ,O_Image_51.bmp-F_Lure_46.bmp,Basket-Wayne Rooney,water
57,827,4, 1 ,O_Image_82.bmp-F_Lure_33.bmp,Scissors-Mother Teresa,kiss
57,828,4, 1 ,O_Image_94.bmp-S_Lure_137.bmp,Watch-Statue Of Liberty,corner
57,829,4, 1 ,F_Image_45.bmp-S_Lure_104.bmp,Tony Blair-Brandenburg Gate,poison
57,830,4, 1 ,O_Image_61.bmp-F_Lure_41.bmp,Football-Rod Steward,spike
57,831,4, 1 ,F_Image_10.bmp-O_Lure_85.bmp,Dalai Lama-Sock,shell
57,832,4, 1 ,O_Image_88.bmp-S_Lure_139.bmp,Suitcase-Sydney Opera,drizzle
57,833,4, 1 ,S_Image_129.bmp-F_Lure_5.bmp,Petra-Bill Clinton,tourist
57,834,4, 1 ,O_Image_64.bmp-S_Lure_131.bmp,Goggles-Rapa Nui,galaxy
57,835,4, 1 ,S_Image_103.bmp-O_Lure_74.bmp,Big Ben-Mirror,cone
57,836,4, 1 ,O_Image_69.bmp-F_Lure_25.bmp,Headphones-Leonardo DiCaprio,slope
57,837,4, 1 ,O_Image_80.bmp-S_Lure_141.bmp,Rope-Time Square,orchestra
57,838,4, 1 ,S_Image_140.bmp-F_Lure_22.bmp,Taj Mahal-Judi Dench,paper
57,839,4, 1 ,F_Image_10.bmp-O_Lure_85.bmp,Dalai Lama-Sock,shell
57,840,4, 1 ,S_Image_106.bmp-F_Lure_4.bmp,Christ The Redeemer-Barack Obama,yellow
57,841,4, 1 ,O_Image_51.bmp-F_Lure_46.bmp,Basket-Wayne Rooney,water
57,842,4, 1 ,F_Image_9.bmp-S_Lure_107.bmp,Charlie Chaplin-Colosseum,board
57,843,4, 1 ,O_Image_70.bmp-F_Lure_30.bmp,Key-Meryl Streep,black
57,844,4, 1 ,O_Image_93.bmp-S_Lure_138.bmp,Umbrella-Stonehenge,wool
57,845,4, 1 ,O_Image_69.bmp-F_Lure_25.bmp,Headphones-Leonardo DiCaprio,slope
57,846,4, 1 ,O_Image_67.bmp-F_Lure_47.bmp,Hammock-Whoopi Goldberg,tube
57,847,4, 1 ,F_Image_32.bmp-O_Lure_75.bmp,Mick Jagger-Necklace,laundry
57,848,4, 1 ,F_Image_2.bmp-S_Lure_116.bmp,Amy Winehouse-Hollywood Sign,cloud
57,849,4, 1 ,O_Image_88.bmp-S_Lure_139.bmp,Suitcase-Sydney Opera,drizzle
57,850,4, 1 ,O_Image_64.bmp-S_Lure_131.bmp,Goggles-Rapa Nui,galaxy
57,851,4, 1 ,S_Image_128.bmp-O_Lure_57.bmp,Notre Dame-Brush,alcohol
57,852,4, 1 ,F_Image_17.bmp-S_Lure_119.bmp,George Clooney-Louvre,costume
57,853,4, 1 ,S_Image_143.bmp-F_Lure_13.bmp,Versailles-Elton John,seed
57,854,4, 1 ,F_Image_18.bmp-O_Lure_77.bmp,Jack Nicholson-Radio,flood
57,855,4, 1 ,S_Image_115.bmp-F_Lure_24.bmp,Hagia Sophia-Keanu Reeves,snow
57,856,4, 1 ,O_Image_54.bmp-F_Lure_48.bmp,Bicycle-Will Smith,honeymoon
57,857,4, 1 ,S_Image_130.bmp-F_Lure_15.bmp,Potala Palace-Fidel Castro,spray
57,858,4, 1 ,S_Image_129.bmp-F_Lure_5.bmp,Petra-Bill Clinton,tourist
57,859,4, 1 ,F_Image_27.bmp-S_Lure_108.bmp,Mahadma Gandhi-Dover Cliffs,attack
57,860,4, 1 ,F_Image_14.bmp-S_Lure_121.bmp,Elvis Presley-Mecca,magnet
57,861,4, 1 ,O_Image_54.bmp-F_Lure_48.bmp,Bicycle-Will Smith,honeymoon
57,862,4, 1 ,O_Image_52.bmp-F_Lure_35.bmp,Bed-Nikola Sarkozy,antique
57,863,4, 1 ,F_Image_18.bmp-O_Lure_77.bmp,Jack Nicholson-Radio,flood
57,864,4, 1 ,S_Image_109.bmp-O_Lure_49.bmp,Eiffel Tower-Anchor,ghost
57,865,4, 1 ,F_Image_42.bmp-O_Lure_86.bmp,Scarlett Johansson-Soother,corpse
57,866,4, 1 ,F_Image_27.bmp-S_Lure_108.bmp,Mahadma Gandhi-Dover Cliffs,attack
57,867,4, 1 ,S_Image_120.bmp-O_Lure_58.bmp,Machu Picchu-Canoe,breakfast
57,868,4, 1 ,O_Image_84.bmp-S_Lure_133.bmp,Skirt-Rialto Bridge,arch
57,869,4, 1 ,S_Image_125.bmp-O_Lure_60.bmp,Mount Rushmore-Flask,rust
57,870,4, 1 ,S_Image_97.bmp-O_Lure_50.bmp,Akropolis-Barbecue,wound
57,871,4, 1 ,O_Image_54.bmp-F_Lure_48.bmp,Bicycle-Will Smith,honeymoon
57,872,4, 1 ,S_Image_125.bmp-O_Lure_60.bmp,Mount Rushmore-Flask,rust
57,873,4, 1 ,O_Image_61.bmp-F_Lure_41.bmp,Football-Rod Steward,spike
57,874,4, 1 ,O_Image_67.bmp-F_Lure_47.bmp,Hammock-Whoopi Goldberg,tube
57,875,4, 1 ,O_Image_93.bmp-S_Lure_138.bmp,Umbrella-Stonehenge,wool
57,876,4, 1 ,O_Image_80.bmp-S_Lure_141.bmp,Rope-Time Square,orchestra
57,877,4, 1 ,O_Image_52.bmp-F_Lure_35.bmp,Bed-Nikola Sarkozy,antique
57,878,4, 1 ,F_Image_14.bmp-S_Lure_121.bmp,Elvis Presley-Mecca,magnet
57,879,4, 1 ,S_Image_106.bmp-F_Lure_4.bmp,Christ The Redeemer-Barack Obama,yellow
57,880,6,1,F_Image_43.bmp-F_Lure_43.bmp,Tom Cruise,hurricane
57,881,6,1,S_Image_135.bmp-S_Lure_135.bmp,Sahara Desert,triangle
57,882,6,1,S_Image_132.bmp-S_Lure_132.bmp,Red Square,sweat
57,883,6,1,O_Image_86.bmp-O_Lure_86.bmp,Soother,corpse
57,884,6,1,O_Image_58.bmp-O_Lure_58.bmp,Canoe,breakfast
57,885,6,1,F_Image_5.bmp-F_Lure_5.bmp,Bill Clinton,tourist
57,886,6,1,O_Image_76.bmp-O_Lure_76.bmp,Pillows,signal
57,887,6,1,O_Image_68.bmp-O_Lure_68.bmp,Hat,tear
57,888,6,1,F_Image_6.bmp-F_Lure_6.bmp,Brad Pitt,animal
57,889,6,1,F_Image_24.bmp-F_Lure_24.bmp,Keanu Reeves,snow
57,890,6,1,S_Image_126.bmp-S_Lure_126.bmp,Neu schwanstein Castle,crumb
57,891,6,1,F_Image_23.bmp-F_Lure_23.bmp,Julia Roberts,wreck
57,892,6,1,F_Image_20.bmp-F_Lure_20.bmp,Jennifer Lopez,angel
57,893,6,1,F_Image_25.bmp-F_Lure_25.bmp,Leonardo DiCaprio,slope
57,894,6,1,F_Image_48.bmp-F_Lure_48.bmp,Will Smith,honeymoon
57,895,6,1,F_Image_29.bmp-F_Lure_29.bmp,Marilyn Monroe,vegetable
57,896,6,1,F_Image_39.bmp-F_Lure_39.bmp,Robbie Williams,bubble
57,897,6,1,O_Image_92.bmp-O_Lure_92.bmp,Trophy,fuel
57,898,6,1,O_Image_91.bmp-O_Lure_91.bmp,Torch,sand
57,899,6,1,O_Image_85.bmp-O_Lure_85.bmp,Sock,shell
57,900,6,1,S_Image_136.bmp-S_Lure_136.bmp,Sistine Chapel,army
57,901,6,1,O_Image_63.bmp-O_Lure_63.bmp,Globe,giant
57,902,6,1,F_Image_41.bmp-F_Lure_41.bmp,Rod Steward,spike
57,903,6,1,S_Image_104.bmp-S_Lure_104.bmp,Brandenburg Gate,poison
57,904,6,1,S_Image_100.bmp-S_Lure_100.bmp,Angkor Wat,harem
57,905,6,1,S_Image_119.bmp-S_Lure_119.bmp,Louvre,costume
57,906,6,1,O_Image_77.bmp-O_Lure_77.bmp,Radio,flood
57,907,6,1,O_Image_57.bmp-O_Lure_57.bmp,Brush,alcohol
57,908,6,1,O_Image_65.bmp-O_Lure_65.bmp,GrandPiano,scar
57,909,6,1,S_Image_113.bmp-S_Lure_113.bmp,Grand Canyon,alien
57,910,6,1,O_Image_50.bmp-O_Lure_50.bmp,Barbecue,wound
57,911,6,1,O_Image_66.bmp-O_Lure_66.bmp,Guitar,hostage
57,912,6,1,S_Image_118.bmp-S_Lure_118.bmp,Leaning Tower,steam
57,913,6,1,O_Image_78.bmp-O_Lure_78.bmp,Razor,measles
57,914,6,1,O_Image_62.bmp-O_Lure_62.bmp,FryingPan,arrow
57,915,6,1,F_Image_11.bmp-F_Lure_11.bmp,Daniel Radcliffe,tail
57,916,6,1,F_Image_15.bmp-F_Lure_15.bmp,Fidel Castro,spray
57,917,6,1,S_Image_99.bmp-S_Lure_99.bmp,Alhambra,rock
57,918,6,1,F_Image_46.bmp-F_Lure_46.bmp,Wayne Rooney,water
57,919,6,1,S_Image_110.bmp-S_Lure_110.bmp,Forbidden City,fire
57,920,6,1,S_Image_122.bmp-S_Lure_122.bmp,Mont Saint Michel,marble
57,921,6,1,O_Image_49.bmp-O_Lure_49.bmp,Anchor,ghost
57,922,6,1,O_Image_75.bmp-O_Lure_75.bmp,Necklace,laundry
57,923,6,1,O_Image_96.bmp-O_Lure_96.bmp,Wineglass,sunshine
57,924,6,1,F_Image_35.bmp-F_Lure_35.bmp,Nikola Sarkozy,antique
57,925,6,1,F_Image_30.bmp-F_Lure_30.bmp,Meryl Streep,black
57,926,6,1,S_Image_139.bmp-S_Lure_139.bmp,Sydney Opera,drizzle
57,927,6,1,S_Image_116.bmp-S_Lure_116.bmp,Hollywood Sign,cloud
57,928,6,1,S_Image_121.bmp-S_Lure_121.bmp,Mecca,magnet
57,929,6,1,O_Image_60.bmp-O_Lure_60.bmp,Flask,rust
57,930,6,1,F_Image_47.bmp-F_Lure_47.bmp,Whoopi Goldberg,tube
57,931,6,1,F_Image_21.bmp-F_Lure_21.bmp,John Lennon,shadow
57,932,6,1,O_Image_81.bmp-O_Lure_81.bmp,Scale,witch
57,933,6,1,S_Image_131.bmp-S_Lure_131.bmp,Rapa Nui,galaxy
57,934,6,1,S_Image_133.bmp-S_Lure_133.bmp,Rialto Bridge,arch
57,935,6,1,F_Image_40.bmp-F_Lure_40.bmp,Robert De Niro,money
57,936,6,1,F_Image_3.bmp-F_Lure_3.bmp,Angela Merkel,stem
57,937,6,1,S_Image_137.bmp-S_Lure_137.bmp,Statue Of Liberty,corner
57,938,6,1,S_Image_101.bmp-S_Lure_101.bmp,Atomium,menu
57,939,6,1,S_Image_142.bmp-S_Lure_142.bmp,Tower Bridge,asphalt
57,940,6,1,O_Image_83.bmp-O_Lure_83.bmp,Shoe,stripe
57,941,6,1,F_Image_4.bmp-F_Lure_4.bmp,Barack Obama,yellow
57,942,6,1,F_Image_33.bmp-F_Lure_33.bmp,Mother Teresa,kiss
57,943,6,1,F_Image_22.bmp-F_Lure_22.bmp,Judi Dench,paper
57,944,6,1,S_Image_141.bmp-S_Lure_141.bmp,Time Square,orchestra
57,945,6,1,O_Image_55.bmp-O_Lure_55.bmp,Binoculars,lever
57,946,6,1,S_Image_138.bmp-S_Lure_138.bmp,Stonehenge,wool
57,947,6,1,O_Image_79.bmp-O_Lure_79.bmp,Remote Control,quake
57,948,6,1,S_Image_108.bmp-S_Lure_108.bmp,Dover Cliffs,attack
57,949,6,1,S_Image_107.bmp-S_Lure_107.bmp,Colosseum,board
57,950,6,1,O_Image_74.bmp-O_Lure_74.bmp,Mirror,cone
57,951,6,1,F_Image_13.bmp-F_Lure_13.bmp,Elton John,seed
57,952,6,1,O_Image_54.bmp-O_Lure_54.bmp,Bicycle,honeymoon
57,953,6,1,F_Image_28.bmp-F_Lure_28.bmp,Margaret Thatcher,alien
57,954,6,1,S_Image_123.bmp-S_Lure_123.bmp,Mount Everest,tear
57,955,6,1,O_Image_59.bmp-O_Lure_59.bmp,Fan,sweat
57,956,6,1,S_Image_125.bmp-S_Lure_125.bmp,Mount Rushmore,rust
57,957,6,1,S_Image_102.bmp-S_Lure_102.bmp,Ayers Rock,scar
57,958,6,1,O_Image_73.bmp-O_Lure_73.bmp,Microscope,crumb
57,959,6,1,O_Image_87.bmp-O_Lure_87.bmp,Stapler,asphalt
57,960,6,1,F_Image_44.bmp-F_Lure_44.bmp,Tom Hanks,rock
57,961,6,1,O_Image_80.bmp-O_Lure_80.bmp,Rope,orchestra
57,962,6,1,S_Image_98.bmp-S_Lure_98.bmp,Alcatraz,angel
57,963,6,1,F_Image_1.bmp-F_Lure_1.bmp,Albert Einstein,witch
57,964,6,1,O_Image_90.bmp-O_Lure_90.bmp,Telephone,bubble
57,965,6,1,S_Image_120.bmp-S_Lure_120.bmp,Machu Picchu,breakfast
57,966,6,1,F_Image_14.bmp-F_Lure_14.bmp,Elvis Presley,magnet
57,967,6,1,F_Image_38.bmp-F_Lure_38.bmp,Queen Elisabeth,measles
57,968,6,1,O_Image_71.bmp-O_Lure_71.bmp,Ladder,army
57,969,6,1,O_Image_61.bmp-O_Lure_61.bmp,Football,spike
57,970,6,1,F_Image_36.bmp-F_Lure_36.bmp,Penelope Cruz,sunshine
57,971,6,1,F_Image_37.bmp-F_Lure_37.bmp,Pierce Brosnan,fire
57,972,6,1,S_Image_105.bmp-S_Lure_105.bmp,Chichen Itza,shadow
57,973,6,1,F_Image_18.bmp-F_Lure_18.bmp,Jack Nicholson,flood
57,974,6,1,F_Image_9.bmp-F_Lure_9.bmp,Charlie Chaplin,board
57,975,6,1,F_Image_12.bmp-F_Lure_12.bmp,David Beckham,stripe
57,976,6,1,S_Image_130.bmp-S_Lure_130.bmp,Potala Palace,spray
57,977,6,1,F_Image_27.bmp-F_Lure_27.bmp,Mahadma Gandhi,attack
57,978,6,1,O_Image_93.bmp-O_Lure_93.bmp,Umbrella,wool
57,979,6,1,F_Image_19.bmp-F_Lure_19.bmp,James Dean,fuel
57,980,6,1,F_Image_7.bmp-F_Lure_7.bmp,Britney Spears,quake
57,981,6,1,S_Image_144.bmp-S_Lure_144.bmp,White House,hostage
57,982,6,1,F_Image_26.bmp-F_Lure_26.bmp,Madonna,signal
57,983,6,1,S_Image_117.bmp-S_Lure_117.bmp,Kings College,wreck
57,984,6,1,S_Image_106.bmp-S_Lure_106.bmp,Christ The Redeemer,yellow
57,985,6,1,O_Image_67.bmp-O_Lure_67.bmp,Hammock,tube
57,986,6,1,O_Image_82.bmp-O_Lure_82.bmp,Scissors,kiss
57,987,6,1,O_Image_94.bmp-O_Lure_94.bmp,Watch,corner
57,988,6,1,S_Image_140.bmp-S_Lure_140.bmp,Taj Mahal,paper
57,989,6,1,S_Image_143.bmp-S_Lure_143.bmp,Versailles,seed
57,990,6,1,S_Image_134.bmp-S_Lure_134.bmp,Sagrada Familia,stem
57,991,6,1,O_Image_70.bmp-O_Lure_70.bmp,Key,black
57,992,6,1,O_Image_89.bmp-O_Lure_89.bmp,Teddybear,vegetable
57,993,6,1,O_Image_72.bmp-O_Lure_72.bmp,Lightbulb,money
57,994,6,1,S_Image_128.bmp-S_Lure_128.bmp,Notre Dame,alcohol
57,995,6,1,F_Image_32.bmp-F_Lure_32.bmp,Mick Jagger,laundry
57,996,6,1,O_Image_88.bmp-O_Lure_88.bmp,Suitcase,drizzle
57,997,6,1,O_Image_69.bmp-O_Lure_69.bmp,Headphones,slope
57,998,6,1,F_Image_8.bmp-F_Lure_8.bmp,Cameron Diaz,sand
57,999,6,1,S_Image_97.bmp-S_Lure_97.bmp,Akropolis,wound
57,1000,6,1,S_Image_114.bmp-S_Lure_114.bmp,Great Wall,giant
57,1001,6,1,F_Image_34.bmp-F_Lure_34.bmp,Nelson Mandela,steam
57,1002,6,1,S_Image_115.bmp-S_Lure_115.bmp,Hagia Sophia,snow
57,1003,6,1,O_Image_53.bmp-O_Lure_53.bmp,Belt,hurricane
57,1004,6,1,O_Image_64.bmp-O_Lure_64.bmp,Goggles,galaxy
57,1005,6,1,S_Image_103.bmp-S_Lure_103.bmp,Big Ben,cone
57,1006,6,1,S_Image_127.bmp-S_Lure_127.bmp,Niagara Falls,animal
57,1007,6,1,O_Image_56.bmp-O_Lure_56.bmp,Broom,marble
57,1008,6,1,O_Image_95.bmp-O_Lure_95.bmp,Wheelchair,triangle
57,1009,6,1,F_Image_31.bmp-F_Lure_31.bmp,Michael Jackson,harem
57,1010,6,1,S_Image_124.bmp-S_Lure_124.bmp,Mount Fuji,lever
57,1011,6,1,F_Image_17.bmp-F_Lure_17.bmp,George Clooney,costume
57,1012,6,1,S_Image_112.bmp-S_Lure_112.bmp,Golden Gate Bridge,tail
57,1013,6,1,S_Image_109.bmp-S_Lure_109.bmp,Eiffel Tower,ghost
57,1014,6,1,S_Image_111.bmp-S_Lure_111.bmp,Gizeh Pyramids,arrow
57,1015,6,1,F_Image_10.bmp-F_Lure_10.bmp,Dalai Lama,shell
57,1016,6,1,S_Image_129.bmp-S_Lure_129.bmp,Petra,tourist
57,1017,6,1,F_Image_2.bmp-F_Lure_2.bmp,Amy Winehouse,cloud
57,1018,6,1,F_Image_42.bmp-F_Lure_42.bmp,Scarlett Johansson,corpse
57,1019,6,1,O_Image_84.bmp-O_Lure_84.bmp,Skirt,arch
57,1020,6,1,F_Image_45.bmp-F_Lure_45.bmp,Tony Blair,poison
57,1021,6,1,F_Image_16.bmp-F_Lure_16.bmp,George Bush,menu
57,1022,6,1,O_Image_52.bmp-O_Lure_52.bmp,Bed,antique
57,1023,6,1,O_Image_51.bmp-O_Lure_51.bmp,Basket,water
