63,Trial,Cond,Block,ImageFiles,Labels,Cues
63,1,1,1,O_Image_79.bmp,Remote Control,NaN
63,2,1,1,F_Image_6.bmp,Brad Pitt,NaN
63,3,1,1,S_Lure_109.bmp,Eiffel Tower,NaN
63,4,1,1,O_Image_90.bmp,Telephone,NaN
63,5,1,1,F_Image_33.bmp,Mother Teresa,NaN
63,6,1,1,F_Image_13.bmp,Elton John,NaN
63,7,1,1,F_Image_31.bmp,Michael Jackson,NaN
63,8,1,1,O_Lure_89.bmp,Teddybear,NaN
63,9,1,1,S_Image_131.bmp,Rapa Nui,NaN
63,10,1,1,F_Image_16.bmp,George Bush,NaN
63,11,1,1,F_Image_46.bmp,Wayne Rooney,NaN
63,12,1,1,F_Image_22.bmp,Judi Dench,NaN
63,13,1,1,F_Image_23.bmp,Julia Roberts,NaN
63,14,1,1,F_Lure_45.bmp,Tony Blair,NaN
63,15,1,1,F_Lure_31.bmp,Michael Jackson,NaN
63,16,1,1,F_Lure_12.bmp,David Beckham,NaN
63,17,1,1,S_Lure_102.bmp,Ayers Rock,NaN
63,18,1,1,O_Image_95.bmp,Wheelchair,NaN
63,19,1,1,S_Lure_131.bmp,Rapa Nui,NaN
63,20,1,1,F_Image_19.bmp,James Dean,NaN
63,21,1,1,O_Image_61.bmp,Football,NaN
63,22,1,1,O_Image_55.bmp,Binoculars,NaN
63,23,1,1,S_Image_140.bmp,Taj Mahal,NaN
63,24,1,1,O_Lure_49.bmp,Anchor,NaN
63,25,1,1,S_Lure_111.bmp,Gizeh Pyramids,NaN
63,26,1,1,O_Lure_65.bmp,GrandPiano,NaN
63,27,1,1,O_Lure_91.bmp,Torch,NaN
63,28,1,1,S_Lure_130.bmp,Potala Palace,NaN
63,29,1,1,S_Lure_128.bmp,Notre Dame,NaN
63,30,1,1,O_Image_86.bmp,Soother,NaN
63,31,1,1,S_Image_113.bmp,Grand Canyon,NaN
63,32,1,1,S_Lure_144.bmp,White House,NaN
63,33,1,1,F_Image_10.bmp,Dalai Lama,NaN
63,34,1,1,O_Lure_50.bmp,Barbecue,NaN
63,35,1,1,S_Image_138.bmp,Stonehenge,NaN
63,36,1,1,S_Image_133.bmp,Rialto Bridge,NaN
63,37,1,1,S_Lure_97.bmp,Akropolis,NaN
63,38,1,1,O_Lure_75.bmp,Necklace,NaN
63,39,1,1,O_Image_76.bmp,Pillows,NaN
63,40,1,1,S_Lure_126.bmp,Neu schwanstein Castle,NaN
63,41,1,1,O_Lure_63.bmp,Globe,NaN
63,42,1,1,O_Lure_58.bmp,Canoe,NaN
63,43,1,1,S_Image_107.bmp,Colosseum,NaN
63,44,1,1,S_Image_98.bmp,Alcatraz,NaN
63,45,1,1,S_Lure_118.bmp,Leaning Tower,NaN
63,46,1,1,S_Image_128.bmp,Notre Dame,NaN
63,47,1,1,O_Image_85.bmp,Sock,NaN
63,48,1,1,S_Lure_137.bmp,Statue Of Liberty,NaN
63,49,1,1,S_Image_118.bmp,Leaning Tower,NaN
63,50,1,1,S_Lure_114.bmp,Great Wall,NaN
63,51,1,1,O_Lure_90.bmp,Telephone,NaN
63,52,1,1,F_Lure_11.bmp,Daniel Radcliffe,NaN
63,53,1,1,O_Lure_73.bmp,Microscope,NaN
63,54,1,1,O_Image_93.bmp,Umbrella,NaN
63,55,1,1,O_Lure_85.bmp,Sock,NaN
63,56,1,1,S_Image_122.bmp,Mont Saint Michel,NaN
63,57,1,1,S_Image_129.bmp,Petra,NaN
63,58,1,1,F_Lure_35.bmp,Nikola Sarkozy,NaN
63,59,1,1,F_Image_25.bmp,Leonardo DiCaprio,NaN
63,60,1,1,F_Image_7.bmp,Britney Spears,NaN
63,61,1,1,S_Image_108.bmp,Dover Cliffs,NaN
63,62,1,1,S_Image_126.bmp,Neu schwanstein Castle,NaN
63,63,1,1,S_Lure_119.bmp,Louvre,NaN
63,64,1,1,F_Lure_32.bmp,Mick Jagger,NaN
63,65,1,1,F_Image_32.bmp,Mick Jagger,NaN
63,66,1,1,S_Image_103.bmp,Big Ben,NaN
63,67,1,1,S_Image_120.bmp,Machu Picchu,NaN
63,68,1,1,F_Image_18.bmp,Jack Nicholson,NaN
63,69,1,1,O_Image_56.bmp,Broom,NaN
63,70,1,1,F_Lure_15.bmp,Fidel Castro,NaN
63,71,1,1,F_Image_9.bmp,Charlie Chaplin,NaN
63,72,1,1,S_Image_134.bmp,Sagrada Familia,NaN
63,73,1,1,F_Image_5.bmp,Bill Clinton,NaN
63,74,1,1,S_Lure_106.bmp,Christ The Redeemer,NaN
63,75,1,1,S_Image_109.bmp,Eiffel Tower,NaN
63,76,1,1,F_Image_48.bmp,Will Smith,NaN
63,77,1,1,S_Image_135.bmp,Sahara Desert,NaN
63,78,1,1,F_Lure_27.bmp,Mahadma Gandhi,NaN
63,79,1,1,F_Lure_38.bmp,Queen Elisabeth,NaN
63,80,1,1,O_Lure_96.bmp,Wineglass,NaN
63,81,1,1,O_Lure_68.bmp,Hat,NaN
63,82,1,1,F_Lure_2.bmp,Amy Winehouse,NaN
63,83,1,1,O_Lure_64.bmp,Goggles,NaN
63,84,1,1,F_Lure_20.bmp,Jennifer Lopez,NaN
63,85,1,1,O_Image_62.bmp,FryingPan,NaN
63,86,1,1,F_Lure_46.bmp,Wayne Rooney,NaN
63,87,1,1,F_Lure_4.bmp,Barack Obama,NaN
63,88,1,1,F_Image_34.bmp,Nelson Mandela,NaN
63,89,1,1,O_Image_52.bmp,Bed,NaN
63,90,1,1,S_Lure_141.bmp,Time Square,NaN
63,91,1,1,O_Lure_87.bmp,Stapler,NaN
63,92,1,1,O_Lure_53.bmp,Belt,NaN
63,93,1,1,O_Image_80.bmp,Rope,NaN
63,94,1,1,S_Image_124.bmp,Mount Fuji,NaN
63,95,1,1,S_Lure_138.bmp,Stonehenge,NaN
63,96,1,1,F_Lure_3.bmp,Angela Merkel,NaN
63,97,1,1,F_Lure_42.bmp,Scarlett Johansson,NaN
63,98,1,1,O_Lure_61.bmp,Football,NaN
63,99,1,1,S_Image_139.bmp,Sydney Opera,NaN
63,100,1,1,O_Lure_82.bmp,Scissors,NaN
63,101,1,1,F_Image_20.bmp,Jennifer Lopez,NaN
63,102,1,1,O_Image_68.bmp,Hat,NaN
63,103,1,1,O_Image_82.bmp,Scissors,NaN
63,104,1,1,O_Image_57.bmp,Brush,NaN
63,105,1,1,O_Image_49.bmp,Anchor,NaN
63,106,1,1,S_Image_119.bmp,Louvre,NaN
63,107,1,1,F_Lure_23.bmp,Julia Roberts,NaN
63,108,1,1,F_Image_26.bmp,Madonna,NaN
63,109,1,1,O_Lure_94.bmp,Watch,NaN
63,110,1,1,O_Lure_71.bmp,Ladder,NaN
63,111,1,1,F_Image_42.bmp,Scarlett Johansson,NaN
63,112,1,1,O_Image_64.bmp,Goggles,NaN
63,113,1,1,S_Image_111.bmp,Gizeh Pyramids,NaN
63,114,1,1,S_Image_99.bmp,Alhambra,NaN
63,115,1,1,O_Lure_74.bmp,Mirror,NaN
63,116,1,1,O_Image_51.bmp,Basket,NaN
63,117,1,1,O_Lure_76.bmp,Pillows,NaN
63,118,1,1,F_Image_28.bmp,Margaret Thatcher,NaN
63,119,1,1,S_Lure_105.bmp,Chichen Itza,NaN
63,120,1,1,F_Image_4.bmp,Barack Obama,NaN
63,121,1,1,F_Lure_19.bmp,James Dean,NaN
63,122,1,1,F_Lure_13.bmp,Elton John,NaN
63,123,1,1,O_Lure_77.bmp,Radio,NaN
63,124,1,1,F_Image_14.bmp,Elvis Presley,NaN
63,125,1,1,O_Image_67.bmp,Hammock,NaN
63,126,1,1,O_Image_72.bmp,Lightbulb,NaN
63,127,1,1,O_Lure_81.bmp,Scale,NaN
63,128,1,1,F_Lure_18.bmp,Jack Nicholson,NaN
63,129,1,1,O_Lure_56.bmp,Broom,NaN
63,130,1,1,F_Image_36.bmp,Penelope Cruz,NaN
63,131,1,1,O_Image_88.bmp,Suitcase,NaN
63,132,1,1,O_Lure_80.bmp,Rope,NaN
63,133,1,1,S_Image_143.bmp,Versailles,NaN
63,134,1,1,S_Image_101.bmp,Atomium,NaN
63,135,1,1,O_Lure_83.bmp,Shoe,NaN
63,136,1,1,F_Image_11.bmp,Daniel Radcliffe,NaN
63,137,1,1,O_Lure_95.bmp,Wheelchair,NaN
63,138,1,1,S_Image_116.bmp,Hollywood Sign,NaN
63,139,1,1,O_Image_54.bmp,Bicycle,NaN
63,140,1,1,O_Image_89.bmp,Teddybear,NaN
63,141,1,1,F_Lure_34.bmp,Nelson Mandela,NaN
63,142,1,1,F_Lure_33.bmp,Mother Teresa,NaN
63,143,1,1,O_Lure_59.bmp,Fan,NaN
63,144,1,1,O_Lure_66.bmp,Guitar,NaN
63,145,1,1,F_Image_29.bmp,Marilyn Monroe,NaN
63,146,1,1,O_Image_96.bmp,Wineglass,NaN
63,147,1,1,S_Lure_123.bmp,Mount Everest,NaN
63,148,1,1,S_Image_102.bmp,Ayers Rock,NaN
63,149,1,1,S_Image_137.bmp,Statue Of Liberty,NaN
63,150,1,1,O_Image_59.bmp,Fan,NaN
63,151,1,1,S_Lure_116.bmp,Hollywood Sign,NaN
63,152,1,1,O_Lure_88.bmp,Suitcase,NaN
63,153,1,1,O_Image_91.bmp,Torch,NaN
63,154,1,1,S_Lure_139.bmp,Sydney Opera,NaN
63,155,1,1,S_Lure_120.bmp,Machu Picchu,NaN
63,156,1,1,S_Image_112.bmp,Golden Gate Bridge,NaN
63,157,1,1,F_Lure_48.bmp,Will Smith,NaN
63,158,1,1,S_Lure_121.bmp,Mecca,NaN
63,159,1,1,S_Image_132.bmp,Red Square,NaN
63,160,1,1,O_Lure_69.bmp,Headphones,NaN
63,161,1,1,F_Image_21.bmp,John Lennon,NaN
63,162,1,1,S_Image_136.bmp,Sistine Chapel,NaN
63,163,1,1,F_Lure_10.bmp,Dalai Lama,NaN
63,164,1,1,S_Lure_100.bmp,Angkor Wat,NaN
63,165,1,1,O_Lure_57.bmp,Brush,NaN
63,166,1,1,S_Image_144.bmp,White House,NaN
63,167,1,1,F_Lure_8.bmp,Cameron Diaz,NaN
63,168,1,1,F_Lure_37.bmp,Pierce Brosnan,NaN
63,169,1,1,F_Lure_43.bmp,Tom Cruise,NaN
63,170,1,1,F_Lure_29.bmp,Marilyn Monroe,NaN
63,171,1,1,F_Image_37.bmp,Pierce Brosnan,NaN
63,172,1,1,S_Lure_104.bmp,Brandenburg Gate,NaN
63,173,1,1,S_Lure_117.bmp,Kings College,NaN
63,174,1,1,F_Image_27.bmp,Mahadma Gandhi,NaN
63,175,1,1,S_Lure_103.bmp,Big Ben,NaN
63,176,1,1,O_Image_70.bmp,Key,NaN
63,177,1,1,O_Lure_70.bmp,Key,NaN
63,178,1,1,O_Lure_72.bmp,Lightbulb,NaN
63,179,1,1,F_Image_47.bmp,Whoopi Goldberg,NaN
63,180,1,1,O_Image_75.bmp,Necklace,NaN
63,181,1,1,O_Image_94.bmp,Watch,NaN
63,182,1,1,F_Image_41.bmp,Rod Steward,NaN
63,183,1,1,F_Lure_22.bmp,Judi Dench,NaN
63,184,1,1,O_Image_78.bmp,Razor,NaN
63,185,1,1,F_Image_1.bmp,Albert Einstein,NaN
63,186,1,1,O_Lure_62.bmp,FryingPan,NaN
63,187,1,1,O_Image_58.bmp,Canoe,NaN
63,188,1,1,S_Image_97.bmp,Akropolis,NaN
63,189,1,1,F_Lure_30.bmp,Meryl Streep,NaN
63,190,1,1,F_Image_17.bmp,George Clooney,NaN
63,191,1,1,O_Image_74.bmp,Mirror,NaN
63,192,1,1,F_Image_12.bmp,David Beckham,NaN
63,193,1,1,S_Lure_129.bmp,Petra,NaN
63,194,1,1,S_Image_115.bmp,Hagia Sophia,NaN
63,195,1,1,S_Lure_143.bmp,Versailles,NaN
63,196,1,1,S_Lure_108.bmp,Dover Cliffs,NaN
63,197,1,1,O_Lure_79.bmp,Remote Control,NaN
63,198,1,1,S_Image_100.bmp,Angkor Wat,NaN
63,199,1,1,F_Lure_5.bmp,Bill Clinton,NaN
63,200,1,1,F_Image_8.bmp,Cameron Diaz,NaN
63,201,1,1,S_Image_141.bmp,Time Square,NaN
63,202,1,1,S_Image_106.bmp,Christ The Redeemer,NaN
63,203,1,1,O_Image_92.bmp,Trophy,NaN
63,204,1,1,O_Lure_78.bmp,Razor,NaN
63,205,1,1,F_Lure_24.bmp,Keanu Reeves,NaN
63,206,1,1,F_Lure_25.bmp,Leonardo DiCaprio,NaN
63,207,1,1,F_Image_45.bmp,Tony Blair,NaN
63,208,1,1,S_Lure_124.bmp,Mount Fuji,NaN
63,209,1,1,F_Image_38.bmp,Queen Elisabeth,NaN
63,210,1,1,O_Image_65.bmp,GrandPiano,NaN
63,211,1,1,S_Image_127.bmp,Niagara Falls,NaN
63,212,1,1,S_Image_114.bmp,Great Wall,NaN
63,213,1,1,F_Lure_7.bmp,Britney Spears,NaN
63,214,1,1,S_Image_123.bmp,Mount Everest,NaN
63,215,1,1,O_Lure_60.bmp,Flask,NaN
63,216,1,1,F_Lure_40.bmp,Robert De Niro,NaN
63,217,1,1,F_Image_30.bmp,Meryl Streep,NaN
63,218,1,1,F_Image_44.bmp,Tom Hanks,NaN
63,219,1,1,S_Lure_134.bmp,Sagrada Familia,NaN
63,220,1,1,F_Image_35.bmp,Nikola Sarkozy,NaN
63,221,1,1,S_Image_125.bmp,Mount Rushmore,NaN
63,222,1,1,O_Lure_55.bmp,Binoculars,NaN
63,223,1,1,F_Lure_1.bmp,Albert Einstein,NaN
63,224,1,1,S_Image_130.bmp,Potala Palace,NaN
63,225,1,1,F_Image_24.bmp,Keanu Reeves,NaN
63,226,1,1,O_Image_77.bmp,Radio,NaN
63,227,1,1,O_Image_63.bmp,Globe,NaN
63,228,1,1,O_Image_53.bmp,Belt,NaN
63,229,1,1,F_Lure_47.bmp,Whoopi Goldberg,NaN
63,230,1,1,S_Image_121.bmp,Mecca,NaN
63,231,1,1,F_Lure_41.bmp,Rod Steward,NaN
63,232,1,1,O_Image_87.bmp,Stapler,NaN
63,233,1,1,F_Lure_28.bmp,Margaret Thatcher,NaN
63,234,1,1,S_Lure_113.bmp,Grand Canyon,NaN
63,235,1,1,S_Lure_107.bmp,Colosseum,NaN
63,236,1,1,S_Lure_112.bmp,Golden Gate Bridge,NaN
63,237,1,1,S_Lure_133.bmp,Rialto Bridge,NaN
63,238,1,1,O_Lure_86.bmp,Soother,NaN
63,239,1,1,O_Lure_92.bmp,Trophy,NaN
63,240,1,1,O_Image_81.bmp,Scale,NaN
63,241,1,1,S_Lure_110.bmp,Forbidden City,NaN
63,242,1,1,S_Lure_122.bmp,Mont Saint Michel,NaN
63,243,1,1,O_Image_71.bmp,Ladder,NaN
63,244,1,1,S_Lure_98.bmp,Alcatraz,NaN
63,245,1,1,S_Lure_127.bmp,Niagara Falls,NaN
63,246,1,1,F_Lure_44.bmp,Tom Hanks,NaN
63,247,1,1,F_Lure_36.bmp,Penelope Cruz,NaN
63,248,1,1,S_Image_110.bmp,Forbidden City,NaN
63,249,1,1,F_Lure_6.bmp,Brad Pitt,NaN
63,250,1,1,S_Lure_142.bmp,Tower Bridge,NaN
63,251,1,1,S_Lure_115.bmp,Hagia Sophia,NaN
63,252,1,1,F_Image_39.bmp,Robbie Williams,NaN
63,253,1,1,F_Lure_21.bmp,John Lennon,NaN
63,254,1,1,S_Lure_125.bmp,Mount Rushmore,NaN
63,255,1,1,O_Lure_54.bmp,Bicycle,NaN
63,256,1,1,F_Lure_14.bmp,Elvis Presley,NaN
63,257,1,1,O_Lure_93.bmp,Umbrella,NaN
63,258,1,1,O_Lure_52.bmp,Bed,NaN
63,259,1,1,S_Lure_136.bmp,Sistine Chapel,NaN
63,260,1,1,F_Image_43.bmp,Tom Cruise,NaN
63,261,1,1,S_Image_105.bmp,Chichen Itza,NaN
63,262,1,1,O_Lure_51.bmp,Basket,NaN
63,263,1,1,F_Lure_9.bmp,Charlie Chaplin,NaN
63,264,1,1,F_Image_2.bmp,Amy Winehouse,NaN
63,265,1,1,S_Lure_135.bmp,Sahara Desert,NaN
63,266,1,1,S_Image_104.bmp,Brandenburg Gate,NaN
63,267,1,1,S_Lure_101.bmp,Atomium,NaN
63,268,1,1,O_Image_66.bmp,Guitar,NaN
63,269,1,1,F_Image_3.bmp,Angela Merkel,NaN
63,270,1,1,O_Lure_84.bmp,Skirt,NaN
63,271,1,1,O_Image_60.bmp,Flask,NaN
63,272,1,1,F_Lure_17.bmp,George Clooney,NaN
63,273,1,1,S_Lure_99.bmp,Alhambra,NaN
63,274,1,1,S_Image_142.bmp,Tower Bridge,NaN
63,275,1,1,S_Lure_140.bmp,Taj Mahal,NaN
63,276,1,1,O_Image_83.bmp,Shoe,NaN
63,277,1,1,O_Image_73.bmp,Microscope,NaN
63,278,1,1,O_Image_69.bmp,Headphones,NaN
63,279,1,1,S_Lure_132.bmp,Red Square,NaN
63,280,1,1,S_Image_117.bmp,Kings College,NaN
63,281,1,1,O_Image_50.bmp,Barbecue,NaN
63,282,1,1,F_Image_40.bmp,Robert De Niro,NaN
63,283,1,1,F_Lure_26.bmp,Madonna,NaN
63,284,1,1,O_Image_84.bmp,Skirt,NaN
63,285,1,1,F_Image_15.bmp,Fidel Castro,NaN
63,286,1,1,F_Lure_39.bmp,Robbie Williams,NaN
63,287,1,1,O_Lure_67.bmp,Hammock,NaN
63,288,1,1,F_Lure_16.bmp,George Bush,NaN
63,289,1,1,S_Lure_97.bmp,Akropolis,NaN
63,290,1,1,S_Image_118.bmp,Leaning Tower,NaN
63,291,1,1,O_Image_54.bmp,Bicycle,NaN
63,292,1,1,F_Lure_34.bmp,Nelson Mandela,NaN
63,293,1,1,O_Image_70.bmp,Key,NaN
63,294,1,1,O_Lure_70.bmp,Key,NaN
63,295,1,1,S_Lure_108.bmp,Dover Cliffs,NaN
63,296,1,1,F_Image_24.bmp,Keanu Reeves,NaN
63,297,1,1,F_Lure_6.bmp,Brad Pitt,NaN
63,298,1,1,S_Lure_115.bmp,Hagia Sophia,NaN
63,299,1,1,O_Image_83.bmp,Shoe,NaN
63,300,1,1,F_Image_15.bmp,Fidel Castro,NaN
63,301,1.5,1,S_Image_113.bmp,Grand Canyon,alcohol
63,302,1.5,1,F_Image_5.bmp,Bill Clinton,alien
63,303,1.5,1,O_Image_63.bmp,Globe,witch
63,304,1.5,1,S_Image_102.bmp,Ayers Rock,tail
63,305,1.5,1,O_Image_73.bmp,Microscope,measles
63,306,1.5,1,F_Image_24.bmp,Keanu Reeves,bubble
63,307,1.5,1,S_Image_109.bmp,Eiffel Tower,stripe
63,308,1.5,1,S_Image_110.bmp,Forbidden City,corner
63,309,1.5,1,F_Image_25.bmp,Leonardo DiCaprio,flood
63,310,1.5,1,O_Image_87.bmp,Stapler,drizzle
63,311,1.5,1,O_Image_93.bmp,Umbrella,antique
63,312,1.5,1,F_Image_16.bmp,George Bush,yellow
63,313,1.5,1,F_Image_39.bmp,Robbie Williams,shell
63,314,1.5,1,F_Image_7.bmp,Britney Spears,spray
63,315,1.5,1,O_Image_90.bmp,Telephone,honeymoon
63,316,1.5,1,F_Image_46.bmp,Wayne Rooney,snow
63,317,1.5,1,F_Image_40.bmp,Robert De Niro,steam
63,318,1.5,1,S_Image_124.bmp,Mount Fuji,fire
63,319,1.5,1,O_Image_83.bmp,Shoe,board
63,320,1.5,1,F_Image_36.bmp,Penelope Cruz,arrow
63,321,1.5,1,O_Image_54.bmp,Bicycle,sweat
63,322,1.5,1,O_Image_53.bmp,Belt,seed
63,323,1.5,1,F_Image_47.bmp,Whoopi Goldberg,poison
63,324,1.5,1,O_Image_88.bmp,Suitcase,sunshine
63,325,2,1,O_Image_73.bmp-O_Lure_73.bmp,Microscope,measles
63,326,2,1,F_Image_46.bmp-F_Lure_46.bmp,Wayne Rooney,snow
63,327,2,1,O_Image_83.bmp-O_Lure_83.bmp,Shoe,board
63,328,2,1,F_Image_25.bmp-F_Lure_25.bmp,Leonardo DiCaprio,flood
63,329,2,1,F_Image_39.bmp-F_Lure_39.bmp,Robbie Williams,shell
63,330,2,1,F_Image_5.bmp-F_Lure_5.bmp,Bill Clinton,alien
63,331,2,1,F_Image_7.bmp-F_Lure_7.bmp,Britney Spears,spray
63,332,2,1,O_Image_90.bmp-O_Lure_90.bmp,Telephone,honeymoon
63,333,2,1,F_Image_16.bmp-F_Lure_16.bmp,George Bush,yellow
63,334,2,1,O_Image_93.bmp-O_Lure_93.bmp,Umbrella,antique
63,335,2,1,S_Image_110.bmp-S_Lure_110.bmp,Forbidden City,corner
63,336,2,1,F_Image_47.bmp-F_Lure_47.bmp,Whoopi Goldberg,poison
63,337,2,1,O_Image_63.bmp-O_Lure_63.bmp,Globe,witch
63,338,2,1,O_Image_54.bmp-O_Lure_54.bmp,Bicycle,sweat
63,339,2,1,S_Image_109.bmp-S_Lure_109.bmp,Eiffel Tower,stripe
63,340,2,1,S_Image_102.bmp-S_Lure_102.bmp,Ayers Rock,tail
63,341,2,1,O_Image_87.bmp-O_Lure_87.bmp,Stapler,drizzle
63,342,2,1,S_Image_113.bmp-S_Lure_113.bmp,Grand Canyon,alcohol
63,343,2,1,O_Image_88.bmp-O_Lure_88.bmp,Suitcase,sunshine
63,344,2,1,F_Image_24.bmp-F_Lure_24.bmp,Keanu Reeves,bubble
63,345,2,1,O_Image_53.bmp-O_Lure_53.bmp,Belt,seed
63,346,2,1,S_Image_124.bmp-S_Lure_124.bmp,Mount Fuji,fire
63,347,2,1,F_Image_40.bmp-F_Lure_40.bmp,Robert De Niro,steam
63,348,2,1,F_Image_36.bmp-F_Lure_36.bmp,Penelope Cruz,arrow
63,349,3,1,S_Image_124.bmp-S_Lure_124.bmp,Mount Fuji,fire
63,350,3,1,F_Image_40.bmp-F_Lure_40.bmp,Robert De Niro,steam
63,351,3,1,F_Image_39.bmp-F_Lure_39.bmp,Robbie Williams,shell
63,352,3,1,O_Image_73.bmp-O_Lure_73.bmp,Microscope,measles
63,353,3,1,F_Image_16.bmp-F_Lure_16.bmp,George Bush,yellow
63,354,3,1,F_Image_5.bmp-F_Lure_5.bmp,Bill Clinton,alien
63,355,3,1,O_Image_83.bmp-O_Lure_83.bmp,Shoe,board
63,356,3,1,F_Image_46.bmp-F_Lure_46.bmp,Wayne Rooney,snow
63,357,3,1,F_Image_25.bmp-F_Lure_25.bmp,Leonardo DiCaprio,flood
63,358,3,1,F_Image_36.bmp-F_Lure_36.bmp,Penelope Cruz,arrow
63,359,3,1,O_Image_63.bmp-O_Lure_63.bmp,Globe,witch
63,360,3,1,O_Image_54.bmp-O_Lure_54.bmp,Bicycle,sweat
63,361,3,1,S_Image_109.bmp-S_Lure_109.bmp,Eiffel Tower,stripe
63,362,3,1,S_Image_113.bmp-S_Lure_113.bmp,Grand Canyon,alcohol
63,363,3,1,F_Image_24.bmp-F_Lure_24.bmp,Keanu Reeves,bubble
63,364,3,1,F_Image_47.bmp-F_Lure_47.bmp,Whoopi Goldberg,poison
63,365,3,1,O_Image_87.bmp-O_Lure_87.bmp,Stapler,drizzle
63,366,3,1,O_Image_90.bmp-O_Lure_90.bmp,Telephone,honeymoon
63,367,3,1,O_Image_88.bmp-O_Lure_88.bmp,Suitcase,sunshine
63,368,3,1,S_Image_110.bmp-S_Lure_110.bmp,Forbidden City,corner
63,369,3,1,O_Image_93.bmp-O_Lure_93.bmp,Umbrella,antique
63,370,3,1,O_Image_53.bmp-O_Lure_53.bmp,Belt,seed
63,371,3,1,S_Image_102.bmp-S_Lure_102.bmp,Ayers Rock,tail
63,372,3,1,F_Image_7.bmp-F_Lure_7.bmp,Britney Spears,spray
63,373,1.5,2,O_Image_64.bmp,Goggles,tourist
63,374,1.5,2,S_Image_144.bmp,White House,scar
63,375,1.5,2,F_Image_30.bmp,Meryl Streep,costume
63,376,1.5,2,F_Image_12.bmp,David Beckham,stem
63,377,1.5,2,S_Image_98.bmp,Alcatraz,harem
63,378,1.5,2,S_Image_142.bmp,Tower Bridge,fuel
63,379,1.5,2,S_Image_125.bmp,Mount Rushmore,rust
63,380,1.5,2,F_Image_4.bmp,Barack Obama,wreck
63,381,1.5,2,F_Image_28.bmp,Margaret Thatcher,rock
63,382,1.5,2,S_Image_118.bmp,Leaning Tower,ghost
63,383,1.5,2,F_Image_44.bmp,Tom Hanks,triangle
63,384,1.5,2,O_Image_50.bmp,Barbecue,shadow
63,385,1.5,2,S_Image_97.bmp,Akropolis,paper
63,386,1.5,2,S_Image_131.bmp,Rapa Nui,magnet
63,387,1.5,2,S_Image_127.bmp,Niagara Falls,army
63,388,1.5,2,F_Image_48.bmp,Will Smith,black
63,389,1.5,2,O_Image_70.bmp,Key,menu
63,390,1.5,2,S_Image_111.bmp,Gizeh Pyramids,arch
63,391,1.5,2,F_Image_41.bmp,Rod Steward,laundry
63,392,1.5,2,F_Image_13.bmp,Elton John,hurricane
63,393,1.5,2,O_Image_55.bmp,Binoculars,vegetable
63,394,1.5,2,S_Image_106.bmp,Christ The Redeemer,crumb
63,395,1.5,2,O_Image_95.bmp,Wheelchair,attack
63,396,1.5,2,O_Image_91.bmp,Torch,breakfast
63,397,2,2,O_Image_95.bmp-O_Lure_95.bmp,Wheelchair,attack
63,398,2,2,F_Image_28.bmp-F_Lure_28.bmp,Margaret Thatcher,rock
63,399,2,2,F_Image_30.bmp-F_Lure_30.bmp,Meryl Streep,costume
63,400,2,2,S_Image_127.bmp-S_Lure_127.bmp,Niagara Falls,army
63,401,2,2,O_Image_55.bmp-O_Lure_55.bmp,Binoculars,vegetable
63,402,2,2,S_Image_98.bmp-S_Lure_98.bmp,Alcatraz,harem
63,403,2,2,S_Image_142.bmp-S_Lure_142.bmp,Tower Bridge,fuel
63,404,2,2,O_Image_50.bmp-O_Lure_50.bmp,Barbecue,shadow
63,405,2,2,S_Image_131.bmp-S_Lure_131.bmp,Rapa Nui,magnet
63,406,2,2,O_Image_64.bmp-O_Lure_64.bmp,Goggles,tourist
63,407,2,2,F_Image_41.bmp-F_Lure_41.bmp,Rod Steward,laundry
63,408,2,2,O_Image_91.bmp-O_Lure_91.bmp,Torch,breakfast
63,409,2,2,S_Image_144.bmp-S_Lure_144.bmp,White House,scar
63,410,2,2,S_Image_111.bmp-S_Lure_111.bmp,Gizeh Pyramids,arch
63,411,2,2,S_Image_106.bmp-S_Lure_106.bmp,Christ The Redeemer,crumb
63,412,2,2,F_Image_12.bmp-F_Lure_12.bmp,David Beckham,stem
63,413,2,2,F_Image_48.bmp-F_Lure_48.bmp,Will Smith,black
63,414,2,2,F_Image_13.bmp-F_Lure_13.bmp,Elton John,hurricane
63,415,2,2,S_Image_125.bmp-S_Lure_125.bmp,Mount Rushmore,rust
63,416,2,2,F_Image_4.bmp-F_Lure_4.bmp,Barack Obama,wreck
63,417,2,2,F_Image_44.bmp-F_Lure_44.bmp,Tom Hanks,triangle
63,418,2,2,S_Image_97.bmp-S_Lure_97.bmp,Akropolis,paper
63,419,2,2,S_Image_118.bmp-S_Lure_118.bmp,Leaning Tower,ghost
63,420,2,2,O_Image_70.bmp-O_Lure_70.bmp,Key,menu
63,421,3,2,S_Image_125.bmp-S_Lure_125.bmp,Mount Rushmore,rust
63,422,3,2,S_Image_98.bmp-S_Lure_98.bmp,Alcatraz,harem
63,423,3,2,F_Image_28.bmp-F_Lure_28.bmp,Margaret Thatcher,rock
63,424,3,2,O_Image_70.bmp-O_Lure_70.bmp,Key,menu
63,425,3,2,F_Image_41.bmp-F_Lure_41.bmp,Rod Steward,laundry
63,426,3,2,O_Image_91.bmp-O_Lure_91.bmp,Torch,breakfast
63,427,3,2,F_Image_13.bmp-F_Lure_13.bmp,Elton John,hurricane
63,428,3,2,S_Image_97.bmp-S_Lure_97.bmp,Akropolis,paper
63,429,3,2,O_Image_64.bmp-O_Lure_64.bmp,Goggles,tourist
63,430,3,2,S_Image_144.bmp-S_Lure_144.bmp,White House,scar
63,431,3,2,S_Image_118.bmp-S_Lure_118.bmp,Leaning Tower,ghost
63,432,3,2,F_Image_12.bmp-F_Lure_12.bmp,David Beckham,stem
63,433,3,2,F_Image_44.bmp-F_Lure_44.bmp,Tom Hanks,triangle
63,434,3,2,F_Image_30.bmp-F_Lure_30.bmp,Meryl Streep,costume
63,435,3,2,O_Image_55.bmp-O_Lure_55.bmp,Binoculars,vegetable
63,436,3,2,F_Image_4.bmp-F_Lure_4.bmp,Barack Obama,wreck
63,437,3,2,O_Image_95.bmp-O_Lure_95.bmp,Wheelchair,attack
63,438,3,2,S_Image_127.bmp-S_Lure_127.bmp,Niagara Falls,army
63,439,3,2,F_Image_48.bmp-F_Lure_48.bmp,Will Smith,black
63,440,3,2,S_Image_131.bmp-S_Lure_131.bmp,Rapa Nui,magnet
63,441,3,2,O_Image_50.bmp-O_Lure_50.bmp,Barbecue,shadow
63,442,3,2,S_Image_142.bmp-S_Lure_142.bmp,Tower Bridge,fuel
63,443,3,2,S_Image_106.bmp-S_Lure_106.bmp,Christ The Redeemer,crumb
63,444,3,2,S_Image_111.bmp-S_Lure_111.bmp,Gizeh Pyramids,arch
63,445,1.5,3,S_Image_126.bmp,Neu schwanstein Castle,kiss
63,446,1.5,3,O_Image_61.bmp,Football,sand
63,447,1.5,3,S_Image_134.bmp,Sagrada Familia,galaxy
63,448,1.5,3,O_Image_60.bmp,Flask,tube
63,449,1.5,3,F_Image_31.bmp,Michael Jackson,lever
63,450,1.5,3,O_Image_85.bmp,Sock,signal
63,451,1.5,3,O_Image_66.bmp,Guitar,slope
63,452,1.5,3,S_Image_120.bmp,Machu Picchu,wool
63,453,1.5,3,S_Image_99.bmp,Alhambra,wound
63,454,1.5,3,F_Image_8.bmp,Cameron Diaz,angel
63,455,1.5,3,O_Image_62.bmp,FryingPan,spike
63,456,1.5,3,S_Image_100.bmp,Angkor Wat,marble
63,457,1.5,3,F_Image_43.bmp,Tom Cruise,quake
63,458,1.5,3,O_Image_56.bmp,Broom,corpse
63,459,1.5,3,O_Image_82.bmp,Scissors,asphalt
63,460,1.5,3,S_Image_114.bmp,Great Wall,giant
63,461,1.5,3,S_Image_121.bmp,Mecca,hostage
63,462,1.5,3,O_Image_89.bmp,Teddybear,animal
63,463,1.5,3,F_Image_2.bmp,Amy Winehouse,money
63,464,1.5,3,F_Image_23.bmp,Julia Roberts,cone
63,465,1.5,3,O_Image_79.bmp,Remote Control,tear
63,466,1.5,3,S_Image_104.bmp,Brandenburg Gate,water
63,467,1.5,3,F_Image_45.bmp,Tony Blair,orchestra
63,468,1.5,3,S_Image_132.bmp,Red Square,cloud
63,469,2,3,S_Image_132.bmp-S_Lure_132.bmp,Red Square,cloud
63,470,2,3,S_Image_104.bmp-S_Lure_104.bmp,Brandenburg Gate,water
63,471,2,3,F_Image_8.bmp-F_Lure_8.bmp,Cameron Diaz,angel
63,472,2,3,O_Image_62.bmp-O_Lure_62.bmp,FryingPan,spike
63,473,2,3,F_Image_23.bmp-F_Lure_23.bmp,Julia Roberts,cone
63,474,2,3,S_Image_99.bmp-S_Lure_99.bmp,Alhambra,wound
63,475,2,3,O_Image_66.bmp-O_Lure_66.bmp,Guitar,slope
63,476,2,3,S_Image_121.bmp-S_Lure_121.bmp,Mecca,hostage
63,477,2,3,S_Image_134.bmp-S_Lure_134.bmp,Sagrada Familia,galaxy
63,478,2,3,F_Image_45.bmp-F_Lure_45.bmp,Tony Blair,orchestra
63,479,2,3,O_Image_60.bmp-O_Lure_60.bmp,Flask,tube
63,480,2,3,O_Image_56.bmp-O_Lure_56.bmp,Broom,corpse
63,481,2,3,F_Image_43.bmp-F_Lure_43.bmp,Tom Cruise,quake
63,482,2,3,S_Image_100.bmp-S_Lure_100.bmp,Angkor Wat,marble
63,483,2,3,S_Image_126.bmp-S_Lure_126.bmp,Neu schwanstein Castle,kiss
63,484,2,3,O_Image_85.bmp-O_Lure_85.bmp,Sock,signal
63,485,2,3,O_Image_82.bmp-O_Lure_82.bmp,Scissors,asphalt
63,486,2,3,S_Image_114.bmp-S_Lure_114.bmp,Great Wall,giant
63,487,2,3,O_Image_79.bmp-O_Lure_79.bmp,Remote Control,tear
63,488,2,3,F_Image_31.bmp-F_Lure_31.bmp,Michael Jackson,lever
63,489,2,3,O_Image_89.bmp-O_Lure_89.bmp,Teddybear,animal
63,490,2,3,F_Image_2.bmp-F_Lure_2.bmp,Amy Winehouse,money
63,491,2,3,S_Image_120.bmp-S_Lure_120.bmp,Machu Picchu,wool
63,492,2,3,O_Image_61.bmp-O_Lure_61.bmp,Football,sand
63,493,3,3,S_Image_120.bmp-S_Lure_120.bmp,Machu Picchu,wool
63,494,3,3,O_Image_62.bmp-O_Lure_62.bmp,FryingPan,spike
63,495,3,3,O_Image_85.bmp-O_Lure_85.bmp,Sock,signal
63,496,3,3,O_Image_89.bmp-O_Lure_89.bmp,Teddybear,animal
63,497,3,3,S_Image_126.bmp-S_Lure_126.bmp,Neu schwanstein Castle,kiss
63,498,3,3,F_Image_31.bmp-F_Lure_31.bmp,Michael Jackson,lever
63,499,3,3,O_Image_66.bmp-O_Lure_66.bmp,Guitar,slope
63,500,3,3,S_Image_132.bmp-S_Lure_132.bmp,Red Square,cloud
63,501,3,3,O_Image_79.bmp-O_Lure_79.bmp,Remote Control,tear
63,502,3,3,O_Image_56.bmp-O_Lure_56.bmp,Broom,corpse
63,503,3,3,F_Image_43.bmp-F_Lure_43.bmp,Tom Cruise,quake
63,504,3,3,F_Image_8.bmp-F_Lure_8.bmp,Cameron Diaz,angel
63,505,3,3,S_Image_121.bmp-S_Lure_121.bmp,Mecca,hostage
63,506,3,3,S_Image_134.bmp-S_Lure_134.bmp,Sagrada Familia,galaxy
63,507,3,3,O_Image_61.bmp-O_Lure_61.bmp,Football,sand
63,508,3,3,S_Image_99.bmp-S_Lure_99.bmp,Alhambra,wound
63,509,3,3,O_Image_60.bmp-O_Lure_60.bmp,Flask,tube
63,510,3,3,O_Image_82.bmp-O_Lure_82.bmp,Scissors,asphalt
63,511,3,3,F_Image_23.bmp-F_Lure_23.bmp,Julia Roberts,cone
63,512,3,3,F_Image_2.bmp-F_Lure_2.bmp,Amy Winehouse,money
63,513,3,3,S_Image_104.bmp-S_Lure_104.bmp,Brandenburg Gate,water
63,514,3,3,F_Image_45.bmp-F_Lure_45.bmp,Tony Blair,orchestra
63,515,3,3,S_Image_114.bmp-S_Lure_114.bmp,Great Wall,giant
63,516,3,3,S_Image_100.bmp-S_Lure_100.bmp,Angkor Wat,marble
63,517,3.5,1,F_Image_3.bmp,Angela Merkel,tear
63,518,3.5,1,F_Image_22.bmp,Judi Dench,scar
63,519,3.5,1,S_Image_101.bmp,Atomium,rock
63,520,3.5,1,S_Image_107.bmp,Colosseum,quake
63,521,3.5,1,S_Image_116.bmp,Hollywood Sign,orchestra
63,522,3.5,1,O_Image_49.bmp,Anchor,spray
63,523,3.5,1,F_Image_38.bmp,Queen Elisabeth,galaxy
63,524,3.5,1,O_Image_67.bmp,Hammock,yellow
63,525,3.5,1,O_Image_96.bmp,Wineglass,wool
63,526,3.5,1,O_Image_72.bmp,Lightbulb,hurricane
63,527,3.5,1,F_Image_42.bmp,Scarlett Johansson,marble
63,528,3.5,1,O_Image_57.bmp,Brush,shell
63,529,3.5,1,S_Image_143.bmp,Versailles,sunshine
63,530,3.5,1,S_Image_112.bmp,Golden Gate Bridge,laundry
63,531,3.5,1,F_Image_32.bmp,Mick Jagger,water
63,532,3.5,1,O_Image_80.bmp,Rope,wound
63,533,3.5,1,O_Image_59.bmp,Fan,black
63,534,3.5,1,S_Image_141.bmp,Time Square,asphalt
63,535,3.5,1,F_Image_21.bmp,John Lennon,ghost
63,536,3.5,1,F_Image_33.bmp,Mother Teresa,crumb
63,537,3.5,1,F_Image_6.bmp,Brad Pitt,tube
63,538,3.5,1,O_Image_92.bmp,Trophy,rust
63,539,3.5,1,O_Image_52.bmp,Bed,money
63,540,3.5,1,O_Image_81.bmp,Scale,fuel
63,541,4,1,O_Image_80.bmp-O_Lure_80.bmp,Rope,wound
63,542,4,1,O_Image_49.bmp-O_Lure_49.bmp,Anchor,spray
63,543,4,1,S_Image_112.bmp-S_Lure_112.bmp,Golden Gate Bridge,laundry
63,544,4,1,O_Image_52.bmp-O_Lure_52.bmp,Bed,money
63,545,4,1,S_Image_107.bmp-S_Lure_107.bmp,Colosseum,quake
63,546,4,1,F_Image_32.bmp-F_Lure_32.bmp,Mick Jagger,water
63,547,4,1,F_Image_3.bmp-F_Lure_3.bmp,Angela Merkel,tear
63,548,4,1,F_Image_21.bmp-F_Lure_21.bmp,John Lennon,ghost
63,549,4,1,O_Image_67.bmp-O_Lure_67.bmp,Hammock,yellow
63,550,4,1,S_Image_101.bmp-S_Lure_101.bmp,Atomium,rock
63,551,4,1,S_Image_116.bmp-S_Lure_116.bmp,Hollywood Sign,orchestra
63,552,4,1,O_Image_72.bmp-O_Lure_72.bmp,Lightbulb,hurricane
63,553,4,1,O_Image_81.bmp-O_Lure_81.bmp,Scale,fuel
63,554,4,1,F_Image_6.bmp-F_Lure_6.bmp,Brad Pitt,tube
63,555,4,1,O_Image_57.bmp-O_Lure_57.bmp,Brush,shell
63,556,4,1,F_Image_33.bmp-F_Lure_33.bmp,Mother Teresa,crumb
63,557,4,1,O_Image_92.bmp-O_Lure_92.bmp,Trophy,rust
63,558,4,1,S_Image_141.bmp-S_Lure_141.bmp,Time Square,asphalt
63,559,4,1,O_Image_96.bmp-O_Lure_96.bmp,Wineglass,wool
63,560,4,1,F_Image_22.bmp-F_Lure_22.bmp,Judi Dench,scar
63,561,4,1,S_Image_143.bmp-S_Lure_143.bmp,Versailles,sunshine
63,562,4,1,F_Image_38.bmp-F_Lure_38.bmp,Queen Elisabeth,galaxy
63,563,4,1,F_Image_42.bmp-F_Lure_42.bmp,Scarlett Johansson,marble
63,564,4,1,O_Image_59.bmp-O_Lure_59.bmp,Fan,black
63,565,3.5,2,O_Image_77.bmp,Radio,alcohol
63,566,3.5,2,F_Image_10.bmp,Dalai Lama,slope
63,567,3.5,2,O_Image_86.bmp,Soother,magnet
63,568,3.5,2,S_Image_137.bmp,Statue Of Liberty,shadow
63,569,3.5,2,O_Image_78.bmp,Razor,cloud
63,570,3.5,2,O_Image_71.bmp,Ladder,triangle
63,571,3.5,2,S_Image_138.bmp,Stonehenge,menu
63,572,3.5,2,O_Image_65.bmp,GrandPiano,stem
63,573,3.5,2,O_Image_74.bmp,Mirror,corner
63,574,3.5,2,F_Image_1.bmp,Albert Einstein,measles
63,575,3.5,2,F_Image_19.bmp,James Dean,breakfast
63,576,3.5,2,S_Image_117.bmp,Kings College,angel
63,577,3.5,2,S_Image_130.bmp,Potala Palace,board
63,578,3.5,2,S_Image_129.bmp,Petra,corpse
63,579,3.5,2,O_Image_75.bmp,Necklace,stripe
63,580,3.5,2,F_Image_29.bmp,Marilyn Monroe,paper
63,581,3.5,2,S_Image_135.bmp,Sahara Desert,animal
63,582,3.5,2,S_Image_128.bmp,Notre Dame,sand
63,583,3.5,2,F_Image_20.bmp,Jennifer Lopez,sweat
63,584,3.5,2,S_Image_139.bmp,Sydney Opera,signal
63,585,3.5,2,O_Image_76.bmp,Pillows,arch
63,586,3.5,2,F_Image_27.bmp,Mahadma Gandhi,fire
63,587,3.5,2,F_Image_18.bmp,Jack Nicholson,vegetable
63,588,3.5,2,F_Image_26.bmp,Madonna,army
63,589,4,2,S_Image_135.bmp-S_Lure_135.bmp,Sahara Desert,animal
63,590,4,2,S_Image_117.bmp-S_Lure_117.bmp,Kings College,angel
63,591,4,2,F_Image_1.bmp-F_Lure_1.bmp,Albert Einstein,measles
63,592,4,2,O_Image_76.bmp-O_Lure_76.bmp,Pillows,arch
63,593,4,2,S_Image_128.bmp-S_Lure_128.bmp,Notre Dame,sand
63,594,4,2,F_Image_18.bmp-F_Lure_18.bmp,Jack Nicholson,vegetable
63,595,4,2,F_Image_27.bmp-F_Lure_27.bmp,Mahadma Gandhi,fire
63,596,4,2,O_Image_86.bmp-O_Lure_86.bmp,Soother,magnet
63,597,4,2,O_Image_71.bmp-O_Lure_71.bmp,Ladder,triangle
63,598,4,2,O_Image_77.bmp-O_Lure_77.bmp,Radio,alcohol
63,599,4,2,S_Image_130.bmp-S_Lure_130.bmp,Potala Palace,board
63,600,4,2,O_Image_75.bmp-O_Lure_75.bmp,Necklace,stripe
63,601,4,2,S_Image_139.bmp-S_Lure_139.bmp,Sydney Opera,signal
63,602,4,2,F_Image_10.bmp-F_Lure_10.bmp,Dalai Lama,slope
63,603,4,2,F_Image_26.bmp-F_Lure_26.bmp,Madonna,army
63,604,4,2,F_Image_20.bmp-F_Lure_20.bmp,Jennifer Lopez,sweat
63,605,4,2,O_Image_74.bmp-O_Lure_74.bmp,Mirror,corner
63,606,4,2,F_Image_19.bmp-F_Lure_19.bmp,James Dean,breakfast
63,607,4,2,O_Image_78.bmp-O_Lure_78.bmp,Razor,cloud
63,608,4,2,O_Image_65.bmp-O_Lure_65.bmp,GrandPiano,stem
63,609,4,2,S_Image_129.bmp-S_Lure_129.bmp,Petra,corpse
63,610,4,2,F_Image_29.bmp-F_Lure_29.bmp,Marilyn Monroe,paper
63,611,4,2,S_Image_138.bmp-S_Lure_138.bmp,Stonehenge,menu
63,612,4,2,S_Image_137.bmp-S_Lure_137.bmp,Statue Of Liberty,shadow
63,613,3.5,3,S_Image_122.bmp,Mont Saint Michel,cone
63,614,3.5,3,S_Image_115.bmp,Hagia Sophia,steam
63,615,3.5,3,F_Image_37.bmp,Pierce Brosnan,tail
63,616,3.5,3,F_Image_11.bmp,Daniel Radcliffe,honeymoon
63,617,3.5,3,F_Image_17.bmp,George Clooney,witch
63,618,3.5,3,O_Image_68.bmp,Hat,arrow
63,619,3.5,3,F_Image_9.bmp,Charlie Chaplin,attack
63,620,3.5,3,O_Image_84.bmp,Skirt,hostage
63,621,3.5,3,S_Image_119.bmp,Louvre,wreck
63,622,3.5,3,O_Image_94.bmp,Watch,harem
63,623,3.5,3,S_Image_103.bmp,Big Ben,costume
63,624,3.5,3,O_Image_51.bmp,Basket,snow
63,625,3.5,3,S_Image_136.bmp,Sistine Chapel,tourist
63,626,3.5,3,S_Image_140.bmp,Taj Mahal,spike
63,627,3.5,3,F_Image_34.bmp,Nelson Mandela,kiss
63,628,3.5,3,S_Image_105.bmp,Chichen Itza,lever
63,629,3.5,3,F_Image_14.bmp,Elvis Presley,antique
63,630,3.5,3,S_Image_108.bmp,Dover Cliffs,flood
63,631,3.5,3,F_Image_35.bmp,Nikola Sarkozy,giant
63,632,3.5,3,O_Image_69.bmp,Headphones,bubble
63,633,3.5,3,O_Image_58.bmp,Canoe,alien
63,634,3.5,3,F_Image_15.bmp,Fidel Castro,seed
63,635,3.5,3,S_Image_133.bmp,Rialto Bridge,drizzle
63,636,3.5,3,S_Image_123.bmp,Mount Everest,poison
63,637,4,3,S_Image_136.bmp-S_Lure_136.bmp,Sistine Chapel,tourist
63,638,4,3,F_Image_9.bmp-F_Lure_9.bmp,Charlie Chaplin,attack
63,639,4,3,S_Image_108.bmp-S_Lure_108.bmp,Dover Cliffs,flood
63,640,4,3,S_Image_140.bmp-S_Lure_140.bmp,Taj Mahal,spike
63,641,4,3,O_Image_68.bmp-O_Lure_68.bmp,Hat,arrow
63,642,4,3,O_Image_84.bmp-O_Lure_84.bmp,Skirt,hostage
63,643,4,3,F_Image_17.bmp-F_Lure_17.bmp,George Clooney,witch
63,644,4,3,F_Image_11.bmp-F_Lure_11.bmp,Daniel Radcliffe,honeymoon
63,645,4,3,S_Image_123.bmp-S_Lure_123.bmp,Mount Everest,poison
63,646,4,3,S_Image_115.bmp-S_Lure_115.bmp,Hagia Sophia,steam
63,647,4,3,F_Image_34.bmp-F_Lure_34.bmp,Nelson Mandela,kiss
63,648,4,3,F_Image_35.bmp-F_Lure_35.bmp,Nikola Sarkozy,giant
63,649,4,3,O_Image_51.bmp-O_Lure_51.bmp,Basket,snow
63,650,4,3,O_Image_94.bmp-O_Lure_94.bmp,Watch,harem
63,651,4,3,S_Image_103.bmp-S_Lure_103.bmp,Big Ben,costume
63,652,4,3,S_Image_119.bmp-S_Lure_119.bmp,Louvre,wreck
63,653,4,3,F_Image_37.bmp-F_Lure_37.bmp,Pierce Brosnan,tail
63,654,4,3,S_Image_133.bmp-S_Lure_133.bmp,Rialto Bridge,drizzle
63,655,4,3,F_Image_14.bmp-F_Lure_14.bmp,Elvis Presley,antique
63,656,4,3,F_Image_15.bmp-F_Lure_15.bmp,Fidel Castro,seed
63,657,4,3,S_Image_122.bmp-S_Lure_122.bmp,Mont Saint Michel,cone
63,658,4,3,O_Image_58.bmp-O_Lure_58.bmp,Canoe,alien
63,659,4,3,S_Image_105.bmp-S_Lure_105.bmp,Chichen Itza,lever
63,660,4,3,O_Image_69.bmp-O_Lure_69.bmp,Headphones,bubble
63,661,5, 1 ,S_Image_134.bmp-F_Lure_38.bmp,Sagrada Familia-Queen Elisabeth,galaxy
63,662,5, 1 ,O_Image_73.bmp-F_Lure_1.bmp,Microscope-Albert Einstein,measles
63,663,5, 1 ,F_Image_12.bmp-O_Lure_65.bmp,David Beckham-GrandPiano,stem
63,664,5, 1 ,S_Image_104.bmp-F_Lure_32.bmp,Brandenburg Gate-Mick Jagger,water
63,665,5, 1 ,F_Image_16.bmp-O_Lure_67.bmp,George Bush-Hammock,yellow
63,666,5, 1 ,O_Image_53.bmp-F_Lure_15.bmp,Belt-Fidel Castro,seed
63,667,5, 1 ,F_Image_44.bmp-O_Lure_71.bmp,Tom Hanks-Ladder,triangle
63,668,5, 1 ,F_Image_16.bmp-O_Lure_67.bmp,George Bush-Hammock,yellow
63,669,5, 1 ,F_Image_41.bmp-S_Lure_112.bmp,Rod Steward-Golden Gate Bridge,laundry
63,670,5, 1 ,F_Image_39.bmp-O_Lure_57.bmp,Robbie Williams-Brush,shell
63,671,5, 1 ,O_Image_55.bmp-F_Lure_18.bmp,Binoculars-Jack Nicholson,vegetable
63,672,5, 1 ,F_Image_41.bmp-S_Lure_112.bmp,Rod Steward-Golden Gate Bridge,laundry
63,673,5, 1 ,O_Image_83.bmp-S_Lure_130.bmp,Shoe-Potala Palace,board
63,674,5, 1 ,S_Image_121.bmp-O_Lure_84.bmp,Mecca-Skirt,hostage
63,675,5, 1 ,F_Image_2.bmp-O_Lure_52.bmp,Amy Winehouse-Bed,money
63,676,5, 1 ,O_Image_63.bmp-F_Lure_17.bmp,Globe-George Clooney,witch
63,677,5, 1 ,S_Image_110.bmp-O_Lure_74.bmp,Forbidden City-Mirror,corner
63,678,5, 1 ,O_Image_66.bmp-F_Lure_10.bmp,Guitar-Dalai Lama,slope
63,679,5, 1 ,O_Image_55.bmp-F_Lure_18.bmp,Binoculars-Jack Nicholson,vegetable
63,680,5, 1 ,S_Image_110.bmp-O_Lure_74.bmp,Forbidden City-Mirror,corner
63,681,5, 1 ,F_Image_47.bmp-S_Lure_123.bmp,Whoopi Goldberg-Mount Everest,poison
63,682,5, 1 ,S_Image_110.bmp-O_Lure_74.bmp,Forbidden City-Mirror,corner
63,683,5, 1 ,O_Image_63.bmp-F_Lure_17.bmp,Globe-George Clooney,witch
63,684,5, 1 ,O_Image_93.bmp-F_Lure_14.bmp,Umbrella-Elvis Presley,antique
63,685,5, 1 ,S_Image_110.bmp-O_Lure_74.bmp,Forbidden City-Mirror,corner
63,686,5, 1 ,F_Image_16.bmp-O_Lure_67.bmp,George Bush-Hammock,yellow
63,687,5, 1 ,F_Image_47.bmp-S_Lure_123.bmp,Whoopi Goldberg-Mount Everest,poison
63,688,5, 1 ,S_Image_102.bmp-F_Lure_37.bmp,Ayers Rock-Pierce Brosnan,tail
63,689,5, 1 ,O_Image_62.bmp-S_Lure_140.bmp,FryingPan-Taj Mahal,spike
63,690,5, 1 ,S_Image_104.bmp-F_Lure_32.bmp,Brandenburg Gate-Mick Jagger,water
63,691,5, 1 ,O_Image_90.bmp-F_Lure_11.bmp,Telephone-Daniel Radcliffe,honeymoon
63,692,5, 1 ,S_Image_104.bmp-F_Lure_32.bmp,Brandenburg Gate-Mick Jagger,water
63,693,5, 1 ,F_Image_4.bmp-S_Lure_119.bmp,Barack Obama-Louvre,wreck
63,694,5, 1 ,O_Image_64.bmp-S_Lure_136.bmp,Goggles-Sistine Chapel,tourist
63,695,5, 1 ,S_Image_111.bmp-O_Lure_76.bmp,Gizeh Pyramids-Pillows,arch
63,696,5, 1 ,O_Image_90.bmp-F_Lure_11.bmp,Telephone-Daniel Radcliffe,honeymoon
63,697,5, 1 ,O_Image_82.bmp-S_Lure_141.bmp,Scissors-Time Square,asphalt
63,698,5, 1 ,F_Image_28.bmp-S_Lure_101.bmp,Margaret Thatcher-Atomium,rock
63,699,5, 1 ,S_Image_134.bmp-F_Lure_38.bmp,Sagrada Familia-Queen Elisabeth,galaxy
63,700,5, 1 ,F_Image_7.bmp-O_Lure_49.bmp,Britney Spears-Anchor,spray
63,701,5, 1 ,F_Image_36.bmp-O_Lure_68.bmp,Penelope Cruz-Hat,arrow
63,702,5, 1 ,S_Image_132.bmp-O_Lure_78.bmp,Red Square-Razor,cloud
63,703,5, 1 ,F_Image_46.bmp-O_Lure_51.bmp,Wayne Rooney-Basket,snow
63,704,5, 1 ,O_Image_89.bmp-S_Lure_135.bmp,Teddybear-Sahara Desert,animal
63,705,5, 1 ,O_Image_66.bmp-F_Lure_10.bmp,Guitar-Dalai Lama,slope
63,706,5, 1 ,F_Image_23.bmp-S_Lure_122.bmp,Julia Roberts-Mont Saint Michel,cone
63,707,5, 1 ,F_Image_41.bmp-S_Lure_112.bmp,Rod Steward-Golden Gate Bridge,laundry
63,708,5, 1 ,O_Image_62.bmp-S_Lure_140.bmp,FryingPan-Taj Mahal,spike
63,709,5, 1 ,S_Image_127.bmp-F_Lure_26.bmp,Niagara Falls-Madonna,army
63,710,5, 1 ,O_Image_50.bmp-S_Lure_137.bmp,Barbecue-Statue Of Liberty,shadow
63,711,5, 1 ,F_Image_44.bmp-O_Lure_71.bmp,Tom Hanks-Ladder,triangle
63,712,5, 1 ,S_Image_111.bmp-O_Lure_76.bmp,Gizeh Pyramids-Pillows,arch
63,713,5, 1 ,F_Image_30.bmp-S_Lure_103.bmp,Meryl Streep-Big Ben,costume
63,714,5, 1 ,S_Image_100.bmp-F_Lure_42.bmp,Angkor Wat-Scarlett Johansson,marble
63,715,5, 1 ,O_Image_83.bmp-S_Lure_130.bmp,Shoe-Potala Palace,board
63,716,5, 1 ,F_Image_16.bmp-O_Lure_67.bmp,George Bush-Hammock,yellow
63,717,5, 1 ,F_Image_40.bmp-S_Lure_115.bmp,Robert De Niro-Hagia Sophia,steam
63,718,5, 1 ,F_Image_12.bmp-O_Lure_65.bmp,David Beckham-GrandPiano,stem
63,719,5, 1 ,O_Image_85.bmp-S_Lure_139.bmp,Sock-Sydney Opera,signal
63,720,5, 1 ,O_Image_50.bmp-S_Lure_137.bmp,Barbecue-Statue Of Liberty,shadow
63,721,5, 1 ,O_Image_64.bmp-S_Lure_136.bmp,Goggles-Sistine Chapel,tourist
63,722,5, 1 ,S_Image_100.bmp-F_Lure_42.bmp,Angkor Wat-Scarlett Johansson,marble
63,723,5, 1 ,F_Image_24.bmp-O_Lure_69.bmp,Keanu Reeves-Headphones,bubble
63,724,5, 1 ,S_Image_120.bmp-O_Lure_96.bmp,Machu Picchu-Wineglass,wool
63,725,5, 1 ,O_Image_63.bmp-F_Lure_17.bmp,Globe-George Clooney,witch
63,726,5, 1 ,S_Image_111.bmp-O_Lure_76.bmp,Gizeh Pyramids-Pillows,arch
63,727,5, 1 ,S_Image_106.bmp-F_Lure_33.bmp,Christ The Redeemer-Mother Teresa,crumb
63,728,5, 1 ,F_Image_4.bmp-S_Lure_119.bmp,Barack Obama-Louvre,wreck
63,729,5, 1 ,F_Image_46.bmp-O_Lure_51.bmp,Wayne Rooney-Basket,snow
63,730,5, 1 ,F_Image_45.bmp-S_Lure_116.bmp,Tony Blair-Hollywood Sign,orchestra
63,731,5, 1 ,S_Image_142.bmp-O_Lure_81.bmp,Tower Bridge-Scale,fuel
63,732,5, 1 ,F_Image_23.bmp-S_Lure_122.bmp,Julia Roberts-Mont Saint Michel,cone
63,733,5, 1 ,S_Image_120.bmp-O_Lure_96.bmp,Machu Picchu-Wineglass,wool
63,734,5, 1 ,S_Image_132.bmp-O_Lure_78.bmp,Red Square-Razor,cloud
63,735,5, 1 ,S_Image_132.bmp-O_Lure_78.bmp,Red Square-Razor,cloud
63,736,5, 1 ,F_Image_8.bmp-S_Lure_117.bmp,Cameron Diaz-Kings College,angel
63,737,5, 1 ,O_Image_61.bmp-S_Lure_128.bmp,Football-Notre Dame,sand
63,738,5, 1 ,F_Image_45.bmp-S_Lure_116.bmp,Tony Blair-Hollywood Sign,orchestra
63,739,5, 1 ,O_Image_70.bmp-S_Lure_138.bmp,Key-Stonehenge,menu
63,740,5, 1 ,S_Image_142.bmp-O_Lure_81.bmp,Tower Bridge-Scale,fuel
63,741,5, 1 ,F_Image_12.bmp-O_Lure_65.bmp,David Beckham-GrandPiano,stem
63,742,5, 1 ,S_Image_100.bmp-F_Lure_42.bmp,Angkor Wat-Scarlett Johansson,marble
63,743,5, 1 ,F_Image_2.bmp-O_Lure_52.bmp,Amy Winehouse-Bed,money
63,744,5, 1 ,F_Image_47.bmp-S_Lure_123.bmp,Whoopi Goldberg-Mount Everest,poison
63,745,5, 1 ,O_Image_50.bmp-S_Lure_137.bmp,Barbecue-Statue Of Liberty,shadow
63,746,5, 1 ,F_Image_39.bmp-O_Lure_57.bmp,Robbie Williams-Brush,shell
63,747,5, 1 ,F_Image_5.bmp-O_Lure_58.bmp,Bill Clinton-Canoe,alien
63,748,5, 1 ,O_Image_87.bmp-S_Lure_133.bmp,Stapler-Rialto Bridge,drizzle
63,749,5, 1 ,F_Image_7.bmp-O_Lure_49.bmp,Britney Spears-Anchor,spray
63,750,5, 1 ,S_Image_134.bmp-F_Lure_38.bmp,Sagrada Familia-Queen Elisabeth,galaxy
63,751,5, 1 ,F_Image_7.bmp-O_Lure_49.bmp,Britney Spears-Anchor,spray
63,752,5, 1 ,S_Image_121.bmp-O_Lure_84.bmp,Mecca-Skirt,hostage
63,753,5, 1 ,O_Image_64.bmp-S_Lure_136.bmp,Goggles-Sistine Chapel,tourist
63,754,5, 1 ,O_Image_56.bmp-S_Lure_129.bmp,Broom-Petra,corpse
63,755,5, 1 ,O_Image_90.bmp-F_Lure_11.bmp,Telephone-Daniel Radcliffe,honeymoon
63,756,5, 1 ,F_Image_30.bmp-S_Lure_103.bmp,Meryl Streep-Big Ben,costume
63,757,5, 1 ,F_Image_39.bmp-O_Lure_57.bmp,Robbie Williams-Brush,shell
63,758,5, 1 ,O_Image_79.bmp-F_Lure_3.bmp,Remote Control-Angela Merkel,tear
63,759,5, 1 ,S_Image_100.bmp-F_Lure_42.bmp,Angkor Wat-Scarlett Johansson,marble
63,760,5, 1 ,O_Image_73.bmp-F_Lure_1.bmp,Microscope-Albert Einstein,measles
63,761,5, 1 ,F_Image_36.bmp-O_Lure_68.bmp,Penelope Cruz-Hat,arrow
63,762,5, 1 ,S_Image_111.bmp-O_Lure_76.bmp,Gizeh Pyramids-Pillows,arch
63,763,5, 1 ,F_Image_5.bmp-O_Lure_58.bmp,Bill Clinton-Canoe,alien
63,764,5, 1 ,S_Image_98.bmp-O_Lure_94.bmp,Alcatraz-Watch,harem
63,765,5, 1 ,S_Image_125.bmp-O_Lure_92.bmp,Mount Rushmore-Trophy,rust
63,766,5, 1 ,F_Image_47.bmp-S_Lure_123.bmp,Whoopi Goldberg-Mount Everest,poison
63,767,5, 1 ,F_Image_44.bmp-O_Lure_71.bmp,Tom Hanks-Ladder,triangle
63,768,5, 1 ,O_Image_62.bmp-S_Lure_140.bmp,FryingPan-Taj Mahal,spike
63,769,5, 1 ,F_Image_8.bmp-S_Lure_117.bmp,Cameron Diaz-Kings College,angel
63,770,5, 1 ,O_Image_87.bmp-S_Lure_133.bmp,Stapler-Rialto Bridge,drizzle
63,771,5, 1 ,S_Image_124.bmp-F_Lure_27.bmp,Mount Fuji-Mahadma Gandhi,fire
63,772,5, 1 ,O_Image_83.bmp-S_Lure_130.bmp,Shoe-Potala Palace,board
63,773,5, 1 ,F_Image_46.bmp-O_Lure_51.bmp,Wayne Rooney-Basket,snow
63,774,5, 1 ,S_Image_127.bmp-F_Lure_26.bmp,Niagara Falls-Madonna,army
63,775,5, 1 ,O_Image_93.bmp-F_Lure_14.bmp,Umbrella-Elvis Presley,antique
63,776,5, 1 ,O_Image_85.bmp-S_Lure_139.bmp,Sock-Sydney Opera,signal
63,777,5, 1 ,O_Image_89.bmp-S_Lure_135.bmp,Teddybear-Sahara Desert,animal
63,778,5, 1 ,F_Image_4.bmp-S_Lure_119.bmp,Barack Obama-Louvre,wreck
63,779,5, 1 ,S_Image_121.bmp-O_Lure_84.bmp,Mecca-Skirt,hostage
63,780,5, 1 ,S_Image_120.bmp-O_Lure_96.bmp,Machu Picchu-Wineglass,wool
63,781,5, 1 ,S_Image_106.bmp-F_Lure_33.bmp,Christ The Redeemer-Mother Teresa,crumb
63,782,5, 1 ,O_Image_66.bmp-F_Lure_10.bmp,Guitar-Dalai Lama,slope
63,783,5, 1 ,O_Image_82.bmp-S_Lure_141.bmp,Scissors-Time Square,asphalt
63,784,5, 1 ,S_Image_98.bmp-O_Lure_94.bmp,Alcatraz-Watch,harem
63,785,5, 1 ,S_Image_127.bmp-F_Lure_26.bmp,Niagara Falls-Madonna,army
63,786,5, 1 ,S_Image_98.bmp-O_Lure_94.bmp,Alcatraz-Watch,harem
63,787,5, 1 ,O_Image_56.bmp-S_Lure_129.bmp,Broom-Petra,corpse
63,788,5, 1 ,F_Image_24.bmp-O_Lure_69.bmp,Keanu Reeves-Headphones,bubble
63,789,5, 1 ,O_Image_79.bmp-F_Lure_3.bmp,Remote Control-Angela Merkel,tear
63,790,5, 1 ,F_Image_12.bmp-O_Lure_65.bmp,David Beckham-GrandPiano,stem
63,791,5, 1 ,O_Image_53.bmp-F_Lure_15.bmp,Belt-Fidel Castro,seed
63,792,5, 1 ,S_Image_127.bmp-F_Lure_26.bmp,Niagara Falls-Madonna,army
63,793,5, 1 ,F_Image_7.bmp-O_Lure_49.bmp,Britney Spears-Anchor,spray
63,794,5, 1 ,F_Image_28.bmp-S_Lure_101.bmp,Margaret Thatcher-Atomium,rock
63,795,5, 1 ,S_Image_125.bmp-O_Lure_92.bmp,Mount Rushmore-Trophy,rust
63,796,5, 1 ,S_Image_120.bmp-O_Lure_96.bmp,Machu Picchu-Wineglass,wool
63,797,5, 1 ,O_Image_53.bmp-F_Lure_15.bmp,Belt-Fidel Castro,seed
63,798,5, 1 ,O_Image_89.bmp-S_Lure_135.bmp,Teddybear-Sahara Desert,animal
63,799,5, 1 ,S_Image_124.bmp-F_Lure_27.bmp,Mount Fuji-Mahadma Gandhi,fire
63,800,5, 1 ,O_Image_70.bmp-S_Lure_138.bmp,Key-Stonehenge,menu
63,801,5, 1 ,F_Image_45.bmp-S_Lure_116.bmp,Tony Blair-Hollywood Sign,orchestra
63,802,5, 1 ,S_Image_102.bmp-F_Lure_37.bmp,Ayers Rock-Pierce Brosnan,tail
63,803,5, 1 ,O_Image_93.bmp-F_Lure_14.bmp,Umbrella-Elvis Presley,antique
63,804,5, 1 ,S_Image_102.bmp-F_Lure_37.bmp,Ayers Rock-Pierce Brosnan,tail
63,805,5, 1 ,S_Image_142.bmp-O_Lure_81.bmp,Tower Bridge-Scale,fuel
63,806,5, 1 ,S_Image_109.bmp-O_Lure_75.bmp,Eiffel Tower-Necklace,stripe
63,807,5, 1 ,S_Image_109.bmp-O_Lure_75.bmp,Eiffel Tower-Necklace,stripe
63,808,5, 1 ,F_Image_36.bmp-O_Lure_68.bmp,Penelope Cruz-Hat,arrow
63,809,5, 1 ,O_Image_90.bmp-F_Lure_11.bmp,Telephone-Daniel Radcliffe,honeymoon
63,810,5, 1 ,S_Image_98.bmp-O_Lure_94.bmp,Alcatraz-Watch,harem
63,811,5, 1 ,F_Image_40.bmp-S_Lure_115.bmp,Robert De Niro-Hagia Sophia,steam
63,812,5, 1 ,O_Image_70.bmp-S_Lure_138.bmp,Key-Stonehenge,menu
63,813,5, 1 ,F_Image_46.bmp-O_Lure_51.bmp,Wayne Rooney-Basket,snow
63,814,5, 1 ,O_Image_53.bmp-F_Lure_15.bmp,Belt-Fidel Castro,seed
63,815,5, 1 ,O_Image_93.bmp-F_Lure_14.bmp,Umbrella-Elvis Presley,antique
63,816,5, 1 ,O_Image_70.bmp-S_Lure_138.bmp,Key-Stonehenge,menu
63,817,5, 1 ,S_Image_125.bmp-O_Lure_92.bmp,Mount Rushmore-Trophy,rust
63,818,5, 1 ,O_Image_62.bmp-S_Lure_140.bmp,FryingPan-Taj Mahal,spike
63,819,5, 1 ,F_Image_8.bmp-S_Lure_117.bmp,Cameron Diaz-Kings College,angel
63,820,5, 1 ,F_Image_39.bmp-O_Lure_57.bmp,Robbie Williams-Brush,shell
63,821,5, 1 ,O_Image_79.bmp-F_Lure_3.bmp,Remote Control-Angela Merkel,tear
63,822,5, 1 ,F_Image_5.bmp-O_Lure_58.bmp,Bill Clinton-Canoe,alien
63,823,5, 1 ,O_Image_85.bmp-S_Lure_139.bmp,Sock-Sydney Opera,signal
63,824,5, 1 ,S_Image_109.bmp-O_Lure_75.bmp,Eiffel Tower-Necklace,stripe
63,825,5, 1 ,O_Image_61.bmp-S_Lure_128.bmp,Football-Notre Dame,sand
63,826,5, 1 ,F_Image_28.bmp-S_Lure_101.bmp,Margaret Thatcher-Atomium,rock
63,827,5, 1 ,F_Image_28.bmp-S_Lure_101.bmp,Margaret Thatcher-Atomium,rock
63,828,5, 1 ,F_Image_5.bmp-O_Lure_58.bmp,Bill Clinton-Canoe,alien
63,829,5, 1 ,O_Image_50.bmp-S_Lure_137.bmp,Barbecue-Statue Of Liberty,shadow
63,830,5, 1 ,O_Image_89.bmp-S_Lure_135.bmp,Teddybear-Sahara Desert,animal
63,831,5, 1 ,O_Image_61.bmp-S_Lure_128.bmp,Football-Notre Dame,sand
63,832,5, 1 ,S_Image_132.bmp-O_Lure_78.bmp,Red Square-Razor,cloud
63,833,5, 1 ,S_Image_125.bmp-O_Lure_92.bmp,Mount Rushmore-Trophy,rust
63,834,5, 1 ,S_Image_106.bmp-F_Lure_33.bmp,Christ The Redeemer-Mother Teresa,crumb
63,835,5, 1 ,F_Image_41.bmp-S_Lure_112.bmp,Rod Steward-Golden Gate Bridge,laundry
63,836,5, 1 ,F_Image_30.bmp-S_Lure_103.bmp,Meryl Streep-Big Ben,costume
63,837,5, 1 ,F_Image_4.bmp-S_Lure_119.bmp,Barack Obama-Louvre,wreck
63,838,5, 1 ,F_Image_2.bmp-O_Lure_52.bmp,Amy Winehouse-Bed,money
63,839,5, 1 ,F_Image_40.bmp-S_Lure_115.bmp,Robert De Niro-Hagia Sophia,steam
63,840,5, 1 ,O_Image_66.bmp-F_Lure_10.bmp,Guitar-Dalai Lama,slope
63,841,5, 1 ,F_Image_24.bmp-O_Lure_69.bmp,Keanu Reeves-Headphones,bubble
63,842,5, 1 ,O_Image_79.bmp-F_Lure_3.bmp,Remote Control-Angela Merkel,tear
63,843,5, 1 ,S_Image_104.bmp-F_Lure_32.bmp,Brandenburg Gate-Mick Jagger,water
63,844,5, 1 ,O_Image_56.bmp-S_Lure_129.bmp,Broom-Petra,corpse
63,845,5, 1 ,F_Image_8.bmp-S_Lure_117.bmp,Cameron Diaz-Kings College,angel
63,846,5, 1 ,F_Image_40.bmp-S_Lure_115.bmp,Robert De Niro-Hagia Sophia,steam
63,847,5, 1 ,O_Image_83.bmp-S_Lure_130.bmp,Shoe-Potala Palace,board
63,848,5, 1 ,S_Image_124.bmp-F_Lure_27.bmp,Mount Fuji-Mahadma Gandhi,fire
63,849,5, 1 ,O_Image_55.bmp-F_Lure_18.bmp,Binoculars-Jack Nicholson,vegetable
63,850,5, 1 ,O_Image_85.bmp-S_Lure_139.bmp,Sock-Sydney Opera,signal
63,851,5, 1 ,O_Image_73.bmp-F_Lure_1.bmp,Microscope-Albert Einstein,measles
63,852,5, 1 ,F_Image_23.bmp-S_Lure_122.bmp,Julia Roberts-Mont Saint Michel,cone
63,853,5, 1 ,O_Image_55.bmp-F_Lure_18.bmp,Binoculars-Jack Nicholson,vegetable
63,854,5, 1 ,O_Image_73.bmp-F_Lure_1.bmp,Microscope-Albert Einstein,measles
63,855,5, 1 ,F_Image_36.bmp-O_Lure_68.bmp,Penelope Cruz-Hat,arrow
63,856,5, 1 ,S_Image_102.bmp-F_Lure_37.bmp,Ayers Rock-Pierce Brosnan,tail
63,857,5, 1 ,F_Image_23.bmp-S_Lure_122.bmp,Julia Roberts-Mont Saint Michel,cone
63,858,5, 1 ,F_Image_44.bmp-O_Lure_71.bmp,Tom Hanks-Ladder,triangle
63,859,5, 1 ,S_Image_134.bmp-F_Lure_38.bmp,Sagrada Familia-Queen Elisabeth,galaxy
63,860,5, 1 ,O_Image_64.bmp-S_Lure_136.bmp,Goggles-Sistine Chapel,tourist
63,861,5, 1 ,O_Image_63.bmp-F_Lure_17.bmp,Globe-George Clooney,witch
63,862,5, 1 ,S_Image_124.bmp-F_Lure_27.bmp,Mount Fuji-Mahadma Gandhi,fire
63,863,5, 1 ,F_Image_30.bmp-S_Lure_103.bmp,Meryl Streep-Big Ben,costume
63,864,5, 1 ,F_Image_2.bmp-O_Lure_52.bmp,Amy Winehouse-Bed,money
63,865,5, 1 ,F_Image_45.bmp-S_Lure_116.bmp,Tony Blair-Hollywood Sign,orchestra
63,866,5, 1 ,S_Image_121.bmp-O_Lure_84.bmp,Mecca-Skirt,hostage
63,867,5, 1 ,S_Image_106.bmp-F_Lure_33.bmp,Christ The Redeemer-Mother Teresa,crumb
63,868,5, 1 ,S_Image_109.bmp-O_Lure_75.bmp,Eiffel Tower-Necklace,stripe
63,869,5, 1 ,O_Image_87.bmp-S_Lure_133.bmp,Stapler-Rialto Bridge,drizzle
63,870,5, 1 ,O_Image_61.bmp-S_Lure_128.bmp,Football-Notre Dame,sand
63,871,5, 1 ,O_Image_87.bmp-S_Lure_133.bmp,Stapler-Rialto Bridge,drizzle
63,872,5, 1 ,S_Image_142.bmp-O_Lure_81.bmp,Tower Bridge-Scale,fuel
63,873,5, 1 ,F_Image_24.bmp-O_Lure_69.bmp,Keanu Reeves-Headphones,bubble
63,874,5, 1 ,O_Image_56.bmp-S_Lure_129.bmp,Broom-Petra,corpse
63,875,5, 1 ,O_Image_82.bmp-S_Lure_141.bmp,Scissors-Time Square,asphalt
63,876,5, 1 ,O_Image_82.bmp-S_Lure_141.bmp,Scissors-Time Square,asphalt
63,877,6,1,F_Image_33.bmp-F_Lure_33.bmp,Mother Teresa,crumb
63,878,6,1,O_Image_52.bmp-O_Lure_52.bmp,Bed,money
63,879,6,1,F_Image_3.bmp-F_Lure_3.bmp,Angela Merkel,tear
63,880,6,1,O_Image_76.bmp-O_Lure_76.bmp,Pillows,arch
63,881,6,1,S_Image_122.bmp-S_Lure_122.bmp,Mont Saint Michel,cone
63,882,6,1,S_Image_123.bmp-S_Lure_123.bmp,Mount Everest,poison
63,883,6,1,S_Image_133.bmp-S_Lure_133.bmp,Rialto Bridge,drizzle
63,884,6,1,F_Image_14.bmp-F_Lure_14.bmp,Elvis Presley,antique
63,885,6,1,S_Image_129.bmp-S_Lure_129.bmp,Petra,corpse
63,886,6,1,S_Image_112.bmp-S_Lure_112.bmp,Golden Gate Bridge,laundry
63,887,6,1,F_Image_1.bmp-F_Lure_1.bmp,Albert Einstein,measles
63,888,6,1,O_Image_68.bmp-O_Lure_68.bmp,Hat,arrow
63,889,6,1,F_Image_18.bmp-F_Lure_18.bmp,Jack Nicholson,vegetable
63,890,6,1,F_Image_38.bmp-F_Lure_38.bmp,Queen Elisabeth,galaxy
63,891,6,1,F_Image_9.bmp-F_Lure_9.bmp,Charlie Chaplin,attack
63,892,6,1,S_Image_128.bmp-S_Lure_128.bmp,Notre Dame,sand
63,893,6,1,O_Image_96.bmp-O_Lure_96.bmp,Wineglass,wool
63,894,6,1,S_Image_137.bmp-S_Lure_137.bmp,Statue Of Liberty,shadow
63,895,6,1,S_Image_115.bmp-S_Lure_115.bmp,Hagia Sophia,steam
63,896,6,1,F_Image_15.bmp-F_Lure_15.bmp,Fidel Castro,seed
63,897,6,1,S_Image_130.bmp-S_Lure_130.bmp,Potala Palace,board
63,898,6,1,O_Image_59.bmp-O_Lure_59.bmp,Fan,black
63,899,6,1,S_Image_116.bmp-S_Lure_116.bmp,Hollywood Sign,orchestra
63,900,6,1,O_Image_71.bmp-O_Lure_71.bmp,Ladder,triangle
63,901,6,1,O_Image_74.bmp-O_Lure_74.bmp,Mirror,corner
63,902,6,1,O_Image_49.bmp-O_Lure_49.bmp,Anchor,spray
63,903,6,1,F_Image_26.bmp-F_Lure_26.bmp,Madonna,army
63,904,6,1,S_Image_138.bmp-S_Lure_138.bmp,Stonehenge,menu
63,905,6,1,F_Image_10.bmp-F_Lure_10.bmp,Dalai Lama,slope
63,906,6,1,O_Image_94.bmp-O_Lure_94.bmp,Watch,harem
63,907,6,1,S_Image_143.bmp-S_Lure_143.bmp,Versailles,sunshine
63,908,6,1,O_Image_75.bmp-O_Lure_75.bmp,Necklace,stripe
63,909,6,1,O_Image_72.bmp-O_Lure_72.bmp,Lightbulb,hurricane
63,910,6,1,O_Image_65.bmp-O_Lure_65.bmp,GrandPiano,stem
63,911,6,1,F_Image_19.bmp-F_Lure_19.bmp,James Dean,breakfast
63,912,6,1,F_Image_20.bmp-F_Lure_20.bmp,Jennifer Lopez,sweat
63,913,6,1,F_Image_32.bmp-F_Lure_32.bmp,Mick Jagger,water
63,914,6,1,S_Image_101.bmp-S_Lure_101.bmp,Atomium,rock
63,915,6,1,S_Image_103.bmp-S_Lure_103.bmp,Big Ben,costume
63,916,6,1,O_Image_51.bmp-O_Lure_51.bmp,Basket,snow
63,917,6,1,O_Image_81.bmp-O_Lure_81.bmp,Scale,fuel
63,918,6,1,O_Image_58.bmp-O_Lure_58.bmp,Canoe,alien
63,919,6,1,O_Image_80.bmp-O_Lure_80.bmp,Rope,wound
63,920,6,1,S_Image_136.bmp-S_Lure_136.bmp,Sistine Chapel,tourist
63,921,6,1,S_Image_140.bmp-S_Lure_140.bmp,Taj Mahal,spike
63,922,6,1,S_Image_108.bmp-S_Lure_108.bmp,Dover Cliffs,flood
63,923,6,1,F_Image_29.bmp-F_Lure_29.bmp,Marilyn Monroe,paper
63,924,6,1,F_Image_34.bmp-F_Lure_34.bmp,Nelson Mandela,kiss
63,925,6,1,O_Image_67.bmp-O_Lure_67.bmp,Hammock,yellow
63,926,6,1,F_Image_21.bmp-F_Lure_21.bmp,John Lennon,ghost
63,927,6,1,F_Image_11.bmp-F_Lure_11.bmp,Daniel Radcliffe,honeymoon
63,928,6,1,F_Image_6.bmp-F_Lure_6.bmp,Brad Pitt,tube
63,929,6,1,O_Image_86.bmp-O_Lure_86.bmp,Soother,magnet
63,930,6,1,S_Image_119.bmp-S_Lure_119.bmp,Louvre,wreck
63,931,6,1,S_Image_139.bmp-S_Lure_139.bmp,Sydney Opera,signal
63,932,6,1,O_Image_77.bmp-O_Lure_77.bmp,Radio,alcohol
63,933,6,1,O_Image_69.bmp-O_Lure_69.bmp,Headphones,bubble
63,934,6,1,F_Image_27.bmp-F_Lure_27.bmp,Mahadma Gandhi,fire
63,935,6,1,O_Image_57.bmp-O_Lure_57.bmp,Brush,shell
63,936,6,1,F_Image_35.bmp-F_Lure_35.bmp,Nikola Sarkozy,giant
63,937,6,1,F_Image_37.bmp-F_Lure_37.bmp,Pierce Brosnan,tail
63,938,6,1,S_Image_141.bmp-S_Lure_141.bmp,Time Square,asphalt
63,939,6,1,O_Image_92.bmp-O_Lure_92.bmp,Trophy,rust
63,940,6,1,S_Image_135.bmp-S_Lure_135.bmp,Sahara Desert,animal
63,941,6,1,S_Image_107.bmp-S_Lure_107.bmp,Colosseum,quake
63,942,6,1,O_Image_84.bmp-O_Lure_84.bmp,Skirt,hostage
63,943,6,1,S_Image_117.bmp-S_Lure_117.bmp,Kings College,angel
63,944,6,1,F_Image_17.bmp-F_Lure_17.bmp,George Clooney,witch
63,945,6,1,F_Image_42.bmp-F_Lure_42.bmp,Scarlett Johansson,marble
63,946,6,1,F_Image_22.bmp-F_Lure_22.bmp,Judi Dench,scar
63,947,6,1,S_Image_105.bmp-S_Lure_105.bmp,Chichen Itza,lever
63,948,6,1,O_Image_78.bmp-O_Lure_78.bmp,Razor,cloud
63,949,6,1,F_Image_31.bmp-F_Lure_31.bmp,Michael Jackson,lever
63,950,6,1,S_Image_114.bmp-S_Lure_114.bmp,Great Wall,giant
63,951,6,1,S_Image_98.bmp-S_Lure_98.bmp,Alcatraz,harem
63,952,6,1,O_Image_88.bmp-O_Lure_88.bmp,Suitcase,sunshine
63,953,6,1,F_Image_24.bmp-F_Lure_24.bmp,Keanu Reeves,bubble
63,954,6,1,O_Image_50.bmp-O_Lure_50.bmp,Barbecue,shadow
63,955,6,1,O_Image_61.bmp-O_Lure_61.bmp,Football,sand
63,956,6,1,O_Image_85.bmp-O_Lure_85.bmp,Sock,signal
63,957,6,1,O_Image_70.bmp-O_Lure_70.bmp,Key,menu
63,958,6,1,O_Image_62.bmp-O_Lure_62.bmp,FryingPan,spike
63,959,6,1,F_Image_7.bmp-F_Lure_7.bmp,Britney Spears,spray
63,960,6,1,O_Image_60.bmp-O_Lure_60.bmp,Flask,tube
63,961,6,1,F_Image_16.bmp-F_Lure_16.bmp,George Bush,yellow
63,962,6,1,O_Image_66.bmp-O_Lure_66.bmp,Guitar,slope
63,963,6,1,S_Image_127.bmp-S_Lure_127.bmp,Niagara Falls,army
63,964,6,1,F_Image_23.bmp-F_Lure_23.bmp,Julia Roberts,cone
63,965,6,1,S_Image_97.bmp-S_Lure_97.bmp,Akropolis,paper
63,966,6,1,S_Image_126.bmp-S_Lure_126.bmp,Neu schwanstein Castle,kiss
63,967,6,1,S_Image_134.bmp-S_Lure_134.bmp,Sagrada Familia,galaxy
63,968,6,1,O_Image_64.bmp-O_Lure_64.bmp,Goggles,tourist
63,969,6,1,O_Image_87.bmp-O_Lure_87.bmp,Stapler,drizzle
63,970,6,1,O_Image_54.bmp-O_Lure_54.bmp,Bicycle,sweat
63,971,6,1,S_Image_111.bmp-S_Lure_111.bmp,Gizeh Pyramids,arch
63,972,6,1,S_Image_121.bmp-S_Lure_121.bmp,Mecca,hostage
63,973,6,1,S_Image_132.bmp-S_Lure_132.bmp,Red Square,cloud
63,974,6,1,S_Image_104.bmp-S_Lure_104.bmp,Brandenburg Gate,water
63,975,6,1,S_Image_118.bmp-S_Lure_118.bmp,Leaning Tower,ghost
63,976,6,1,S_Image_100.bmp-S_Lure_100.bmp,Angkor Wat,marble
63,977,6,1,O_Image_91.bmp-O_Lure_91.bmp,Torch,breakfast
63,978,6,1,O_Image_56.bmp-O_Lure_56.bmp,Broom,corpse
63,979,6,1,O_Image_90.bmp-O_Lure_90.bmp,Telephone,honeymoon
63,980,6,1,F_Image_8.bmp-F_Lure_8.bmp,Cameron Diaz,angel
63,981,6,1,O_Image_82.bmp-O_Lure_82.bmp,Scissors,asphalt
63,982,6,1,F_Image_5.bmp-F_Lure_5.bmp,Bill Clinton,alien
63,983,6,1,O_Image_53.bmp-O_Lure_53.bmp,Belt,seed
63,984,6,1,O_Image_63.bmp-O_Lure_63.bmp,Globe,witch
63,985,6,1,O_Image_95.bmp-O_Lure_95.bmp,Wheelchair,attack
63,986,6,1,S_Image_131.bmp-S_Lure_131.bmp,Rapa Nui,magnet
63,987,6,1,S_Image_113.bmp-S_Lure_113.bmp,Grand Canyon,alcohol
63,988,6,1,F_Image_13.bmp-F_Lure_13.bmp,Elton John,hurricane
63,989,6,1,O_Image_93.bmp-O_Lure_93.bmp,Umbrella,antique
63,990,6,1,O_Image_83.bmp-O_Lure_83.bmp,Shoe,board
63,991,6,1,O_Image_79.bmp-O_Lure_79.bmp,Remote Control,tear
63,992,6,1,S_Image_106.bmp-S_Lure_106.bmp,Christ The Redeemer,crumb
63,993,6,1,S_Image_110.bmp-S_Lure_110.bmp,Forbidden City,corner
63,994,6,1,O_Image_55.bmp-O_Lure_55.bmp,Binoculars,vegetable
63,995,6,1,F_Image_43.bmp-F_Lure_43.bmp,Tom Cruise,quake
63,996,6,1,F_Image_4.bmp-F_Lure_4.bmp,Barack Obama,wreck
63,997,6,1,S_Image_142.bmp-S_Lure_142.bmp,Tower Bridge,fuel
63,998,6,1,F_Image_39.bmp-F_Lure_39.bmp,Robbie Williams,shell
63,999,6,1,S_Image_125.bmp-S_Lure_125.bmp,Mount Rushmore,rust
63,1000,6,1,F_Image_46.bmp-F_Lure_46.bmp,Wayne Rooney,snow
63,1001,6,1,F_Image_12.bmp-F_Lure_12.bmp,David Beckham,stem
63,1002,6,1,F_Image_40.bmp-F_Lure_40.bmp,Robert De Niro,steam
63,1003,6,1,F_Image_47.bmp-F_Lure_47.bmp,Whoopi Goldberg,poison
63,1004,6,1,F_Image_28.bmp-F_Lure_28.bmp,Margaret Thatcher,rock
63,1005,6,1,F_Image_2.bmp-F_Lure_2.bmp,Amy Winehouse,money
63,1006,6,1,S_Image_120.bmp-S_Lure_120.bmp,Machu Picchu,wool
63,1007,6,1,O_Image_73.bmp-O_Lure_73.bmp,Microscope,measles
63,1008,6,1,F_Image_25.bmp-F_Lure_25.bmp,Leonardo DiCaprio,flood
63,1009,6,1,S_Image_144.bmp-S_Lure_144.bmp,White House,scar
63,1010,6,1,S_Image_124.bmp-S_Lure_124.bmp,Mount Fuji,fire
63,1011,6,1,S_Image_99.bmp-S_Lure_99.bmp,Alhambra,wound
63,1012,6,1,S_Image_109.bmp-S_Lure_109.bmp,Eiffel Tower,stripe
63,1013,6,1,F_Image_48.bmp-F_Lure_48.bmp,Will Smith,black
63,1014,6,1,S_Image_102.bmp-S_Lure_102.bmp,Ayers Rock,tail
63,1015,6,1,F_Image_30.bmp-F_Lure_30.bmp,Meryl Streep,costume
63,1016,6,1,F_Image_41.bmp-F_Lure_41.bmp,Rod Steward,laundry
63,1017,6,1,F_Image_44.bmp-F_Lure_44.bmp,Tom Hanks,triangle
63,1018,6,1,O_Image_89.bmp-O_Lure_89.bmp,Teddybear,animal
63,1019,6,1,F_Image_36.bmp-F_Lure_36.bmp,Penelope Cruz,arrow
63,1020,6,1,F_Image_45.bmp-F_Lure_45.bmp,Tony Blair,orchestra
